"V1"	"V2"	"V3"	"V4"	"V5"	"V6"	"V7"	"V8"	"V9"	"V10"	"V11"	"V12"	"V13"	"V14"	"V15"	"V16"	"V17"	"V18"	"V19"	"V20"	"V21"	"V22"	"V23"	"V24"	"V25"	"V26"	"V27"	"V28"	"V29"	"V30"	"V31"	"V32"	"V33"	"V34"	"V35"	"V36"	"V37"	"V38"	"V39"	"V40"	"V41"	"V42"	"V43"	"V44"	"V45"	"V46"	"V47"	"V48"	"V49"	"V50"
"1"	-0.19446	-1.2282	0.50744	1.2282	0.078043	0.17901	-0.075319	0.11753	-0.10259	2.1018	-0.078043	-0.16271	0.63296	-0.56327	0.19446	-0.31337	0.5242	-0.31704	0.43779	0.10259	-0.63296	-0.27307	-0.49192	0.49629	0.77897	-0.13529	0.13529	1.1905	-0.010894	0.27307	-0.17901	0.075319	-0.77897	0.31704	-0.50744	-0.5242	0.31337	-0.0042593	0.49192	0.10639	0.0042593	-0.10639	-0.11753	-2.1018	0.010894	-0.43779	0.16271	-1.1905	0.56327	-0.49629
"2"	-0.56327	0.49192	0.13529	-0.16271	-0.13529	-0.10259	0.10639	-1.2282	0.17901	-0.5242	-0.77897	-2.1018	-0.19446	-0.31704	0.63296	-0.49629	-0.0042593	0.27307	0.56327	2.1018	0.010894	0.31704	0.49629	-0.075319	0.5242	-0.63296	-0.17901	1.1905	-0.50744	-0.43779	0.075319	0.0042593	-0.11753	-0.27307	-1.1905	0.078043	-0.31337	0.50744	-0.010894	0.43779	0.31337	0.77897	0.16271	0.10259	0.19446	1.2282	-0.49192	-0.10639	-0.078043	0.11753
"3"	-0.5242	-0.19446	0.27307	-0.13529	-0.010894	0.10639	-0.43779	-1.1905	-0.075319	0.19446	-0.77897	-0.27307	0.31337	-0.078043	0.49629	0.10259	0.010894	-1.2282	-0.31704	0.13529	0.49192	0.63296	0.56327	0.17901	-0.10639	0.77897	-0.17901	-0.16271	0.16271	0.11753	1.2282	0.5242	-0.31337	-0.0042593	1.1905	0.43779	-0.11753	-0.63296	0.078043	-0.56327	-0.49629	-0.10259	0.50744	-0.50744	2.1018	0.31704	0.075319	-2.1018	-0.49192	0.0042593
"4"	-0.77897	-0.075319	0.0042593	-1.2282	-0.078043	0.13529	0.10259	0.63296	0.49192	1.2282	-0.31704	0.10639	2.1018	0.5242	-0.0042593	-0.27307	-0.010894	-0.5242	0.31704	-0.63296	-0.16271	0.11753	-0.10639	0.075319	-0.49192	-0.13529	-0.10259	-0.43779	-1.1905	0.77897	0.49629	-0.49629	-0.50744	0.16271	-0.11753	-0.17901	-0.19446	-0.31337	0.56327	-0.56327	0.19446	0.50744	1.1905	0.17901	0.31337	0.27307	-2.1018	0.43779	0.078043	0.010894
"5"	-0.27307	0.075319	-0.16271	-1.2282	-0.075319	-0.50744	0.16271	-0.63296	0.5242	0.10259	1.1905	0.63296	-0.10259	-0.17901	-0.49629	0.31337	0.50744	0.27307	0.49629	-0.10639	0.43779	-0.13529	0.56327	0.77897	-1.1905	-0.19446	-0.31337	0.13529	-2.1018	0.10639	2.1018	0.19446	-0.31704	0.11753	0.17901	-0.49192	-0.0042593	-0.5242	-0.77897	-0.11753	0.0042593	0.49192	0.010894	0.31704	-0.010894	-0.078043	-0.56327	0.078043	1.2282	-0.43779
"6"	0.43779	0.77897	-0.010894	0.49192	0.49629	2.1018	0.31704	-0.078043	-0.43779	0.31337	0.16271	0.19446	-0.075319	-0.13529	0.11753	-2.1018	-0.17901	-1.2282	-0.27307	-0.31337	0.010894	0.5242	0.13529	0.56327	-0.0042593	-0.49192	-1.1905	0.075319	-0.10259	0.50744	0.27307	0.10259	0.17901	0.63296	-0.77897	-0.19446	-0.63296	0.078043	-0.49629	1.2282	-0.31704	1.1905	-0.11753	-0.10639	-0.50744	0.0042593	-0.16271	0.10639	-0.5242	-0.56327
"7"	-0.49629	-0.27307	-0.5242	1.1905	0.56327	-0.31704	-0.56327	-0.10259	0.13529	-0.50744	0.16271	-0.0042593	-0.16271	-0.77897	0.10639	0.49629	0.11753	0.078043	-0.19446	-0.49192	0.010894	-0.17901	-0.43779	2.1018	1.2282	-2.1018	0.63296	0.31704	0.31337	0.27307	-0.31337	-0.078043	-0.11753	-0.10639	0.43779	-0.13529	-0.63296	-1.1905	0.77897	0.19446	0.50744	0.17901	0.49192	0.075319	-1.2282	0.0042593	-0.075319	0.5242	0.10259	-0.010894
"8"	-0.27307	0.17901	0.0042593	-0.19446	2.1018	0.5242	-0.16271	0.010894	-0.49192	0.56327	-0.56327	0.078043	-0.5242	0.49192	0.10259	-0.63296	0.19446	0.31337	-0.49629	-0.11753	1.1905	-0.13529	-0.43779	-0.0042593	-0.50744	0.16271	0.27307	-2.1018	-0.77897	0.11753	0.63296	-0.078043	-0.010894	0.50744	0.075319	-0.31337	0.10639	-1.1905	0.13529	-0.10639	-0.075319	0.49629	-0.31704	-0.17901	-1.2282	0.77897	-0.10259	0.43779	1.2282	0.31704
"9"	-0.49192	-0.17901	1.1905	0.5242	-1.1905	-0.5242	0.10259	-0.19446	-0.078043	-0.31337	0.10639	0.0042593	0.16271	-2.1018	0.13529	0.77897	0.49629	0.31704	-0.10639	0.11753	0.19446	0.49192	-0.0042593	-0.31704	-0.010894	2.1018	1.2282	-0.50744	-0.63296	-0.13529	-1.2282	-0.075319	-0.49629	0.63296	-0.10259	0.17901	0.56327	-0.16271	0.010894	-0.27307	0.078043	0.43779	-0.43779	-0.77897	-0.11753	0.075319	0.31337	0.27307	-0.56327	0.50744
"10"	-0.10259	0.075319	0.31704	0.49192	0.27307	2.1018	-0.31704	-2.1018	-0.11753	-0.0042593	-0.77897	1.1905	0.10259	0.010894	0.5242	-0.31337	-0.49192	-1.1905	0.31337	-0.43779	-0.13529	0.17901	0.10639	0.43779	0.50744	-0.075319	0.63296	0.078043	-0.19446	0.11753	0.0042593	-0.10639	-0.27307	-0.078043	-0.49629	-0.5242	0.16271	-0.50744	0.49629	-1.2282	-0.17901	0.19446	1.2282	0.13529	0.56327	-0.63296	-0.16271	-0.010894	-0.56327	0.77897
"11"	-0.77897	-0.27307	2.1018	-0.31337	0.49192	-0.075319	-0.10639	0.13529	0.5242	-0.19446	-0.56327	-0.49629	-0.5242	-0.11753	-0.078043	-0.13529	0.0042593	0.10639	-0.49192	1.2282	-0.43779	0.31704	-0.16271	0.77897	0.075319	-0.10259	0.63296	0.49629	0.50744	-1.2282	0.43779	0.17901	0.078043	0.27307	-0.0042593	-0.50744	0.10259	0.010894	0.16271	1.1905	-2.1018	-0.010894	0.19446	0.56327	-0.17901	0.11753	-0.31704	-1.1905	-0.63296	0.31337
"12"	0.31704	-0.0042593	-0.10639	-0.010894	0.11753	-0.17901	0.43779	-0.078043	0.13529	-2.1018	-0.11753	-0.19446	-1.2282	1.2282	0.49192	0.17901	0.010894	-0.16271	1.1905	-0.56327	0.19446	0.50744	-0.075319	0.56327	0.5242	-1.1905	0.63296	0.31337	0.10639	-0.27307	0.16271	-0.43779	0.10259	2.1018	0.77897	-0.13529	-0.10259	0.27307	-0.31704	0.49629	0.078043	-0.50744	-0.77897	-0.5242	-0.49629	-0.31337	0.075319	-0.63296	0.0042593	-0.49192
"13"	0.17901	0.56327	0.31704	0.43779	0.5242	0.10259	0.19446	-0.10639	1.1905	-0.075319	-0.31704	0.63296	-0.17901	0.075319	-0.10259	-0.010894	-0.43779	-0.31337	0.49629	0.31337	-0.49629	0.010894	-0.0042593	-1.2282	-0.56327	-2.1018	-0.49192	0.16271	0.078043	-1.1905	-0.19446	0.77897	-0.11753	-0.50744	0.27307	-0.13529	1.2282	-0.5242	0.50744	0.0042593	-0.27307	-0.63296	0.13529	-0.078043	-0.77897	0.10639	0.11753	0.49192	-0.16271	2.1018
"14"	-0.10639	-0.31704	-0.5242	0.77897	0.43779	-0.50744	0.50744	-0.078043	0.010894	-0.075319	-0.010894	0.63296	0.5242	0.31337	-0.10259	-2.1018	0.10259	-0.49629	0.31704	-0.77897	0.16271	-0.0042593	-0.31337	0.19446	-0.56327	0.56327	-0.43779	1.2282	-0.13529	0.075319	-0.17901	0.27307	-0.63296	0.13529	2.1018	-0.16271	1.1905	0.17901	0.078043	0.49192	0.10639	-0.49192	0.11753	-0.19446	-1.2282	0.0042593	-0.27307	-1.1905	0.49629	-0.11753
"15"	-0.075319	-0.10639	0.49192	0.16271	0.49629	-2.1018	0.11753	-0.50744	0.31337	-0.078043	0.31704	0.010894	-1.1905	1.2282	-0.49629	-0.010894	0.5242	0.50744	0.10639	1.1905	-0.19446	-0.17901	-0.13529	-0.31337	0.075319	-0.0042593	-0.5242	-0.49192	0.19446	2.1018	-0.27307	-0.63296	0.13529	0.17901	-0.31704	0.56327	0.77897	-0.43779	-0.77897	0.43779	-0.56327	0.078043	-0.16271	0.63296	-0.11753	-1.2282	0.10259	-0.10259	0.0042593	0.27307
"16"	-0.27307	-0.31337	0.0042593	0.31337	-0.49629	-0.50744	-0.10639	0.11753	-0.56327	0.27307	-0.078043	0.19446	0.10259	-0.075319	0.16271	0.10639	1.1905	0.075319	0.50744	-1.1905	0.31704	-2.1018	-0.31704	0.5242	0.49629	0.49192	0.17901	-0.13529	-0.63296	-1.2282	-0.17901	1.2282	-0.16271	0.13529	-0.49192	-0.77897	2.1018	0.56327	0.63296	-0.11753	0.078043	0.43779	-0.10259	-0.19446	0.77897	-0.0042593	-0.010894	0.010894	-0.43779	-0.5242
"17"	-0.49629	0.010894	0.49629	-0.50744	-0.0042593	-0.010894	0.078043	0.19446	0.10259	-0.11753	0.50744	0.43779	-0.43779	-0.63296	0.075319	-0.10639	0.31704	-0.77897	-1.1905	0.27307	1.1905	-0.075319	0.56327	0.13529	-0.31337	-0.17901	0.11753	-0.10259	0.31337	-0.27307	0.17901	-0.5242	0.16271	0.5242	-0.13529	0.77897	1.2282	-1.2282	0.49192	-0.49192	2.1018	0.0042593	0.10639	-0.16271	-0.31704	-2.1018	-0.19446	-0.078043	0.63296	-0.56327
"18"	-0.16271	-0.5242	-0.078043	0.49192	1.1905	0.17901	-0.49192	-0.50744	0.5242	-0.49629	-0.10639	0.31704	0.43779	-0.77897	0.010894	0.13529	0.77897	-0.56327	-0.31337	0.50744	-0.17901	0.0042593	0.49629	0.10259	0.63296	0.31337	-1.2282	0.078043	1.2282	0.56327	0.16271	0.075319	-0.31704	-2.1018	-0.0042593	-0.27307	0.27307	-0.13529	-0.010894	0.11753	0.19446	0.10639	-0.075319	-0.11753	-1.1905	2.1018	-0.43779	-0.19446	-0.10259	-0.63296
"19"	0.075319	-0.11753	0.19446	-0.10639	0.11753	0.31337	-1.1905	-0.56327	0.49192	-0.078043	-0.010894	-0.49629	-0.13529	1.1905	0.31704	0.16271	0.010894	-0.19446	0.17901	0.43779	2.1018	0.078043	-1.2282	-0.31337	0.10639	-0.49192	1.2282	0.0042593	0.63296	0.13529	0.50744	-2.1018	-0.27307	-0.0042593	-0.5242	-0.43779	0.10259	0.77897	0.27307	-0.17901	-0.16271	0.5242	0.49629	0.56327	-0.10259	-0.50744	-0.63296	-0.075319	-0.77897	-0.31704
"20"	0.31704	-1.1905	-0.19446	0.77897	1.2282	-0.13529	-0.075319	0.31337	-0.27307	0.19446	0.50744	0.10639	0.0042593	0.49192	-0.16271	-0.31704	0.16271	0.56327	0.5242	-0.56327	0.10259	0.43779	-0.63296	0.63296	-2.1018	0.010894	0.11753	-0.5242	-0.31337	0.078043	-0.17901	-0.77897	-0.50744	-0.0042593	-0.43779	-0.010894	0.13529	-0.11753	0.17901	-0.49629	-0.078043	0.27307	-0.10639	0.49629	-0.49192	1.1905	-1.2282	2.1018	0.075319	-0.10259
"21"	0.56327	0.10639	0.075319	-0.77897	-0.63296	1.1905	-0.10639	0.63296	-0.0042593	-0.11753	0.31704	-2.1018	0.13529	-0.13529	-0.5242	0.77897	2.1018	-0.078043	0.31337	0.50744	1.2282	0.010894	-1.1905	-0.17901	-0.010894	0.49629	-0.27307	0.27307	-0.43779	0.11753	0.19446	0.49192	0.10259	-0.075319	-0.31337	-1.2282	-0.31704	0.0042593	-0.49629	-0.50744	0.43779	0.078043	-0.16271	0.17901	-0.49192	-0.56327	-0.19446	0.5242	0.16271	-0.10259
"22"	0.0042593	-0.13529	-0.56327	0.77897	-0.0042593	0.5242	0.43779	-0.43779	-0.63296	-0.16271	0.31337	-1.1905	-0.27307	0.56327	-0.10259	-2.1018	0.16271	-0.10639	0.49629	-0.77897	-1.2282	0.10259	0.078043	2.1018	-0.010894	-0.19446	-0.50744	0.010894	0.49192	-0.17901	-0.11753	-0.075319	-0.31337	0.075319	1.2282	0.31704	0.19446	-0.49192	0.10639	-0.078043	-0.5242	0.11753	0.63296	0.17901	0.50744	-0.31704	1.1905	0.27307	-0.49629	0.13529
"23"	-0.13529	-0.50744	-0.17901	0.0042593	-0.10259	-0.19446	-0.0042593	0.078043	0.13529	0.10259	0.31704	-0.43779	0.075319	0.27307	-1.1905	0.17901	2.1018	-0.49629	-0.010894	0.19446	-0.63296	-0.49192	0.010894	-0.11753	0.5242	1.2282	-0.075319	0.16271	0.50744	0.31337	0.43779	-0.27307	0.11753	0.77897	0.49629	0.49192	-0.5242	-1.2282	-0.10639	0.63296	-0.77897	-0.56327	1.1905	-0.31337	-0.31704	-0.16271	-2.1018	0.10639	-0.078043	0.56327
"24"	-0.010894	1.1905	-0.49629	-0.50744	0.77897	0.075319	0.010894	-0.16271	0.17901	0.10259	0.43779	-0.49192	-0.078043	0.11753	-0.63296	0.16271	-0.31337	0.31704	-0.56327	-0.13529	-0.31704	0.49629	0.50744	-1.1905	-0.10639	-2.1018	-0.43779	0.27307	0.49192	0.0042593	0.10639	-0.075319	0.56327	-1.2282	0.63296	-0.27307	-0.10259	0.13529	0.078043	-0.17901	0.19446	2.1018	-0.19446	0.31337	0.5242	-0.77897	1.2282	-0.0042593	-0.11753	-0.5242
"25"	-1.1905	0.49629	0.27307	0.078043	0.075319	-0.17901	-0.13529	1.2282	-1.2282	0.49192	0.17901	0.31704	0.010894	0.10259	0.19446	-0.010894	-0.075319	0.31337	0.0042593	0.16271	0.5242	-0.078043	0.10639	0.13529	2.1018	-0.50744	0.43779	-0.16271	-0.49629	-0.56327	-0.31704	-0.10259	1.1905	-0.0042593	0.56327	-0.31337	-0.5242	-0.10639	0.50744	0.11753	0.77897	0.63296	-0.11753	-0.77897	-0.49192	-0.43779	-0.19446	-0.27307	-0.63296	-2.1018
"26"	0.5242	-0.11753	-0.56327	-2.1018	1.1905	-0.16271	-0.10259	0.078043	0.63296	0.50744	-0.27307	-1.2282	-0.31337	-0.43779	-0.010894	-0.63296	-0.31704	-0.078043	-0.77897	0.075319	0.77897	0.49192	0.16271	-0.19446	0.43779	-0.13529	0.56327	0.31337	0.10639	1.2282	0.0042593	-1.1905	0.010894	0.10259	-0.17901	0.27307	-0.50744	-0.075319	0.17901	-0.49629	0.19446	0.11753	-0.10639	0.13529	-0.49192	0.31704	-0.0042593	2.1018	-0.5242	0.49629
"27"	-0.13529	0.10259	0.16271	0.63296	-0.31704	-0.010894	-0.10639	-0.0042593	-0.49192	0.49192	2.1018	0.50744	0.010894	0.43779	0.19446	0.5242	0.17901	0.31337	-0.50744	-0.5242	0.10639	-2.1018	-0.11753	0.31704	-0.56327	0.075319	1.1905	-0.078043	-0.77897	0.77897	-0.27307	0.27307	-1.1905	0.49629	-0.075319	0.13529	0.11753	-0.17901	-0.10259	0.56327	-0.63296	-0.16271	-1.2282	-0.43779	0.078043	-0.31337	-0.49629	-0.19446	0.0042593	1.2282
"28"	-0.43779	0.17901	-1.1905	0.31704	-1.2282	0.49192	-0.075319	-0.5242	-0.10639	0.5242	0.19446	-0.77897	0.50744	-0.50744	-0.078043	0.10259	0.49629	-0.31704	0.10639	-0.16271	-0.63296	0.27307	0.13529	0.0042593	0.56327	-0.56327	0.31337	2.1018	0.075319	1.1905	-0.19446	-0.0042593	0.16271	0.63296	-0.17901	-0.010894	0.11753	1.2282	-0.49629	-0.11753	0.77897	-2.1018	0.010894	-0.49192	-0.27307	-0.13529	-0.10259	0.43779	-0.31337	0.078043
"29"	0.27307	-0.19446	-0.078043	0.075319	-0.0042593	0.49629	0.31704	-0.13529	-0.11753	2.1018	0.11753	-0.49629	-0.010894	-0.10639	-1.2282	-0.075319	0.31337	1.2282	-0.63296	-0.43779	0.010894	0.078043	1.1905	0.5242	-2.1018	0.63296	-0.16271	0.43779	-1.1905	-0.49192	0.19446	-0.5242	0.49192	-0.31337	0.50744	0.77897	-0.17901	-0.27307	0.17901	-0.50744	0.10259	0.16271	0.0042593	-0.10259	0.56327	-0.77897	0.13529	0.10639	-0.56327	-0.31704
"30"	0.10639	-0.31337	-0.11753	0.0042593	0.10259	-0.5242	-0.50744	0.43779	0.078043	-0.77897	-0.19446	0.31704	-1.2282	0.13529	0.010894	-0.10259	0.31337	0.11753	-0.010894	0.49192	0.49629	1.1905	-0.27307	0.16271	-0.56327	-0.17901	-0.63296	0.50744	-1.1905	-0.43779	-0.078043	0.27307	0.075319	0.5242	0.77897	-0.31704	1.2282	0.56327	-0.16271	0.17901	-0.075319	2.1018	-0.49192	0.63296	-0.13529	0.19446	-2.1018	-0.10639	-0.49629	-0.0042593
"31"	1.2282	-1.1905	-0.10639	0.31337	0.63296	-0.31337	-1.2282	0.13529	0.075319	0.49192	0.49629	-0.11753	0.5242	-0.49192	-0.17901	0.27307	-0.43779	-0.50744	-0.77897	0.43779	-0.19446	-0.27307	0.31704	0.11753	0.078043	0.17901	-0.49629	-0.13529	0.77897	-0.078043	-0.10259	0.16271	0.19446	0.56327	0.10639	0.10259	-0.56327	-0.63296	0.010894	2.1018	-0.075319	-0.16271	0.50744	-2.1018	-0.0042593	-0.010894	1.1905	0.0042593	-0.5242	-0.31704
"32"	-0.11753	-2.1018	-1.2282	-0.50744	0.43779	-0.31704	0.075319	0.31704	0.10639	-0.075319	0.11753	-0.77897	0.49192	-0.10259	-0.43779	-0.010894	-0.49192	0.0042593	-0.19446	0.10259	0.50744	-0.31337	0.19446	-0.10639	-0.27307	0.5242	1.1905	0.078043	0.16271	-0.16271	0.17901	-0.17901	-1.1905	0.77897	2.1018	0.13529	0.27307	-0.13529	0.63296	0.56327	-0.56327	-0.5242	-0.63296	-0.49629	0.010894	-0.0042593	0.31337	0.49629	-0.078043	1.2282
"33"	-0.10259	-0.77897	0.5242	0.16271	0.10259	0.77897	0.49629	-0.63296	-0.31704	1.1905	-1.2282	-0.13529	-0.56327	-2.1018	0.17901	0.13529	-0.27307	2.1018	0.27307	0.50744	-0.49629	-0.075319	-0.17901	0.11753	0.31337	0.10639	-0.19446	0.075319	0.19446	-0.010894	0.0042593	0.63296	-0.11753	-0.10639	-0.16271	0.078043	0.010894	-0.43779	1.2282	-0.078043	-0.49192	-0.5242	-0.31337	0.43779	0.56327	-0.0042593	0.49192	-1.1905	-0.50744	0.31704
"34"	0.19446	1.1905	0.43779	-0.16271	0.078043	-0.50744	-0.49192	0.17901	0.5242	-0.31337	0.63296	-1.2282	-0.31704	0.075319	0.10639	-0.27307	-0.0042593	-1.1905	-0.77897	-0.010894	0.50744	0.11753	-0.13529	-0.43779	0.0042593	0.31704	0.77897	1.2282	-0.17901	-0.49629	0.49192	0.10259	-0.11753	0.13529	0.49629	0.56327	0.16271	-2.1018	0.010894	0.27307	2.1018	-0.56327	0.31337	-0.63296	-0.078043	-0.10639	-0.10259	-0.19446	-0.5242	-0.075319
"35"	0.56327	0.5242	-0.43779	1.2282	-0.49629	-0.075319	-0.56327	0.49192	0.27307	-0.77897	-2.1018	0.19446	-0.13529	-0.19446	0.17901	0.50744	0.77897	0.010894	-0.5242	-0.078043	0.16271	-1.1905	0.31337	-0.10639	0.078043	0.63296	0.10639	-0.27307	-0.50744	-0.0042593	-0.49192	0.49629	-0.31337	2.1018	-0.63296	0.31704	-0.31704	-0.16271	0.11753	0.43779	0.075319	0.13529	-1.2282	-0.10259	0.10259	-0.17901	0.0042593	-0.11753	1.1905	-0.010894
"36"	0.5242	-1.1905	0.10639	-0.31337	0.0042593	-0.13529	0.49629	-0.17901	-0.56327	-0.27307	-0.010894	0.10259	0.27307	1.1905	-0.5242	0.19446	-0.63296	-0.49629	0.56327	0.11753	-0.10639	0.31704	0.43779	-0.31704	0.078043	0.50744	-0.49192	-2.1018	0.13529	-0.10259	0.49192	-0.0042593	2.1018	-0.43779	1.2282	0.63296	-0.77897	-0.19446	-0.16271	0.010894	-0.078043	0.16271	0.075319	-0.075319	0.31337	0.17901	-1.2282	0.77897	-0.50744	-0.11753
"37"	0.10259	0.19446	-0.31337	-0.49192	0.11753	0.31337	-0.075319	0.63296	-0.10259	-0.49629	0.49192	0.56327	-0.010894	-0.19446	-0.17901	-1.2282	-0.27307	-0.5242	-0.56327	0.31704	1.2282	-0.77897	0.43779	0.17901	0.50744	-0.13529	1.1905	-0.078043	-0.0042593	0.0042593	-0.11753	0.16271	-1.1905	-0.43779	-0.10639	-2.1018	0.27307	0.075319	0.5242	0.49629	0.078043	0.77897	0.10639	-0.31704	0.010894	2.1018	-0.63296	-0.16271	0.13529	-0.50744
"38"	-0.17901	0.11753	0.10259	-0.56327	0.0042593	-0.5242	0.49192	0.49629	1.1905	-0.075319	-0.49192	0.56327	-1.2282	-0.0042593	0.13529	0.075319	-0.10639	-0.43779	-0.31704	-0.11753	1.2282	0.31337	-0.49629	-0.10259	0.5242	0.10639	0.010894	0.50744	-0.19446	-0.31337	-0.50744	-0.77897	-2.1018	0.078043	2.1018	0.43779	-1.1905	-0.16271	-0.078043	0.27307	-0.13529	0.19446	0.16271	0.63296	-0.63296	0.17901	0.77897	-0.010894	0.31704	-0.27307
"39"	0.10259	-0.17901	-0.31704	-0.0042593	1.1905	-0.31337	-0.11753	-0.27307	-0.078043	0.010894	-0.63296	0.11753	0.50744	-0.49629	0.31704	0.19446	0.31337	0.075319	0.63296	0.49192	0.17901	2.1018	-0.5242	0.16271	-2.1018	0.13529	-0.56327	0.10639	-0.50744	0.77897	-0.77897	1.2282	0.5242	-1.2282	-0.43779	-1.1905	-0.10259	-0.19446	-0.13529	-0.010894	-0.10639	-0.49192	0.27307	0.0042593	0.56327	-0.16271	0.49629	0.43779	0.078043	-0.075319
"40"	-0.31704	0.27307	-0.77897	0.77897	0.11753	-1.2282	0.078043	-0.49629	-0.27307	-0.5242	-0.50744	0.49629	-0.17901	-1.1905	0.56327	0.31337	-0.0042593	-2.1018	1.2282	0.19446	-0.13529	0.010894	-0.10259	2.1018	-0.078043	-0.49192	0.0042593	-0.11753	-0.56327	0.17901	0.49192	-0.10639	0.5242	0.43779	-0.075319	0.13529	-0.31337	-0.19446	0.50744	-0.16271	0.10639	0.075319	0.10259	-0.43779	0.31704	-0.010894	1.1905	0.16271	0.63296	-0.63296
"41"	0.16271	0.56327	-0.0042593	-0.11753	-1.2282	-0.10639	0.43779	-0.27307	-0.10259	0.49192	0.10639	0.31337	-0.5242	0.078043	0.13529	-0.49629	-1.1905	-0.56327	-0.17901	0.10259	0.19446	0.5242	-0.43779	0.0042593	-0.075319	-0.31704	0.49629	1.1905	-0.16271	-0.31337	0.31704	-2.1018	-0.63296	0.50744	0.11753	0.27307	-0.078043	-0.19446	0.17901	0.075319	0.010894	-0.49192	-0.010894	0.77897	-0.13529	-0.77897	1.2282	-0.50744	0.63296	2.1018
"42"	0.11753	-2.1018	-0.27307	0.49629	0.63296	-0.075319	-0.10259	0.19446	-0.49629	-0.5242	0.078043	-0.0042593	-0.43779	-0.49192	0.27307	0.16271	0.10639	0.075319	0.10259	-1.1905	0.13529	0.77897	2.1018	-0.31337	-0.50744	0.56327	0.49192	0.0042593	0.50744	-0.11753	-0.16271	-0.31704	-0.63296	-0.17901	0.010894	-0.13529	-0.078043	-0.56327	-0.19446	0.43779	-0.010894	-1.2282	0.17901	1.1905	0.31337	0.31704	1.2282	-0.10639	0.5242	-0.77897
"43"	-1.1905	-0.11753	0.13529	0.31337	0.31704	-2.1018	-0.56327	-0.0042593	-0.49629	0.19446	0.50744	0.77897	-0.078043	0.010894	0.49629	0.075319	-0.63296	-0.43779	0.17901	-0.19446	-0.5242	0.078043	1.2282	0.49192	2.1018	0.5242	-0.17901	-0.27307	0.27307	1.1905	-0.10639	-0.16271	0.10639	-0.50744	-0.31704	0.10259	-0.31337	0.43779	0.56327	-1.2282	0.16271	-0.49192	-0.77897	0.0042593	-0.13529	0.63296	-0.075319	-0.10259	0.11753	-0.010894
"44"	0.50744	-0.31704	-0.56327	-0.078043	-1.1905	0.63296	-0.49192	0.17901	-0.31337	0.27307	-0.13529	0.0042593	0.43779	0.010894	-0.10639	0.31337	-0.49629	-0.16271	0.5242	0.19446	-0.11753	0.10259	-0.0042593	-0.63296	-0.5242	-1.2282	0.11753	0.075319	0.10639	-0.010894	-0.27307	-0.50744	2.1018	-0.19446	0.078043	0.49192	-0.10259	-0.17901	0.49629	-0.43779	0.31704	-2.1018	-0.77897	0.13529	0.77897	0.16271	1.1905	0.56327	1.2282	-0.075319
"45"	-0.43779	0.010894	0.43779	0.31704	-2.1018	-0.075319	-0.63296	0.078043	-0.27307	0.19446	-0.13529	0.27307	1.2282	2.1018	-0.17901	0.16271	-0.19446	-0.31337	-0.16271	0.10259	0.49192	-0.010894	-0.078043	-0.0042593	0.17901	-1.2282	-0.31704	0.13529	-0.50744	0.11753	-0.49629	-0.77897	-0.10259	0.63296	0.10639	-0.10639	-0.49192	-0.5242	-0.11753	0.50744	0.31337	0.0042593	0.77897	0.5242	0.56327	-1.1905	0.075319	1.1905	-0.56327	0.49629
"46"	0.11753	-0.63296	-0.27307	0.16271	-2.1018	0.010894	0.49192	-0.075319	0.31337	0.19446	1.2282	0.56327	0.078043	-0.77897	-0.010894	-1.2282	-0.17901	-0.11753	-0.31704	-0.49629	-0.19446	-0.31337	0.31704	-0.16271	0.50744	0.10639	-1.1905	0.27307	0.43779	-0.13529	0.49629	-0.56327	-0.078043	-0.43779	-0.0042593	-0.10259	-0.50744	0.17901	-0.49192	-0.10639	1.1905	0.5242	0.13529	0.77897	2.1018	0.075319	-0.5242	0.0042593	0.63296	0.10259
"47"	-0.078043	-0.19446	-0.27307	0.17901	0.27307	1.2282	0.31704	0.63296	0.10639	0.010894	-0.13529	-1.1905	-0.43779	0.10259	-0.5242	0.19446	-0.0042593	0.31337	1.1905	0.11753	-0.49629	-0.10259	0.49192	-0.010894	0.5242	-0.075319	0.13529	-0.49192	-0.63296	-0.31337	0.078043	-0.50744	-0.56327	-0.31704	0.50744	0.0042593	0.77897	0.56327	0.16271	0.49629	0.43779	-2.1018	-0.16271	2.1018	-1.2282	0.075319	-0.10639	-0.17901	-0.11753	-0.77897
"48"	0.078043	1.1905	0.27307	-0.16271	0.16271	0.0042593	-1.2282	0.19446	-0.31337	0.50744	0.13529	-0.078043	-0.50744	-0.11753	-0.17901	0.43779	2.1018	-0.56327	0.10259	0.11753	0.075319	0.63296	-0.10259	0.49192	0.56327	-0.49192	-1.1905	0.77897	-0.13529	-0.010894	-0.5242	0.31337	-0.77897	-2.1018	1.2282	0.31704	0.5242	0.49629	0.010894	-0.0042593	-0.31704	-0.49629	-0.075319	-0.19446	-0.10639	0.10639	-0.27307	0.17901	-0.43779	-0.63296
"49"	0.77897	-0.5242	0.56327	-0.77897	-0.50744	-0.075319	-0.11753	-1.2282	0.10639	0.5242	2.1018	-0.27307	-0.0042593	0.31337	0.10259	0.13529	0.27307	-0.19446	0.16271	0.63296	-0.17901	-0.010894	-0.43779	-0.10639	-0.56327	0.43779	0.19446	-0.63296	-0.49192	-0.10259	0.31704	-0.31704	1.2282	-0.49629	-1.1905	0.11753	0.075319	-2.1018	0.50744	-0.31337	0.0042593	-0.078043	-0.16271	0.49629	0.010894	-0.13529	0.078043	1.1905	0.49192	0.17901
"50"	-0.0042593	0.49629	-0.10639	0.075319	2.1018	-0.078043	-0.31337	-0.17901	-0.27307	0.5242	0.11753	-2.1018	0.0042593	-0.31704	-0.5242	-0.43779	-0.11753	0.19446	1.1905	0.17901	-0.13529	-0.77897	0.27307	0.50744	0.43779	0.56327	0.10639	-0.010894	0.078043	0.49192	0.77897	0.13529	1.2282	-0.16271	-0.63296	-1.1905	0.10259	0.16271	-0.075319	0.010894	0.31337	-0.50744	0.31704	-0.19446	0.63296	-0.49192	-1.2282	-0.56327	-0.49629	-0.10259
"51"	0.63296	-0.010894	-0.5242	0.10259	-0.10259	0.27307	0.010894	0.0042593	-0.16271	-0.31704	0.10639	-0.56327	-2.1018	-0.49629	0.31337	-0.17901	-0.13529	0.19446	-0.075319	0.49192	-0.19446	0.77897	-0.078043	2.1018	-1.2282	-0.27307	0.56327	1.1905	0.50744	0.11753	0.5242	-0.11753	-0.49192	1.2282	-0.10639	-0.50744	-0.77897	-0.0042593	0.31704	0.43779	-0.31337	-1.1905	0.49629	0.075319	-0.63296	0.16271	-0.43779	0.17901	0.078043	0.13529
"52"	0.010894	0.49629	0.31337	-0.10259	-0.31337	-0.43779	0.5242	-0.13529	-0.31704	-0.17901	0.075319	-0.010894	-0.078043	-1.1905	-0.27307	-0.50744	-1.2282	-0.49629	0.19446	0.63296	-0.63296	0.50744	-2.1018	0.13529	1.2282	-0.16271	0.078043	-0.0042593	-0.49192	-0.19446	0.43779	-0.10639	0.10259	0.0042593	0.11753	0.56327	0.17901	2.1018	0.31704	-0.5242	0.16271	-0.11753	-0.77897	0.77897	-0.075319	0.49192	0.27307	-0.56327	1.1905	0.10639
"53"	-0.31337	-0.43779	-0.63296	-0.17901	0.16271	0.77897	-0.5242	0.010894	0.27307	-0.56327	-0.075319	0.078043	0.10639	-0.10639	-0.77897	0.10259	-0.49629	-1.2282	-0.010894	0.19446	-0.13529	1.2282	-0.11753	-0.31704	-1.1905	-0.0042593	0.0042593	0.075319	2.1018	0.31337	0.13529	0.49192	-0.10259	0.63296	0.5242	0.49629	0.56327	-0.16271	0.43779	0.11753	0.50744	-0.50744	-0.078043	-0.19446	0.31704	-0.27307	1.1905	-0.49192	0.17901	-2.1018
"54"	0.31337	0.078043	-0.16271	2.1018	0.63296	0.77897	-0.63296	-1.2282	0.49192	-0.0042593	0.0042593	0.010894	0.50744	-0.10259	-0.10639	-0.11753	0.56327	-0.010894	-0.49629	0.10259	-0.50744	0.49629	-0.56327	-0.075319	-0.43779	-0.19446	-0.77897	0.27307	0.19446	-0.13529	-1.1905	-2.1018	0.17901	0.11753	-0.5242	0.31704	-0.31704	0.16271	0.43779	-0.27307	-0.49192	-0.17901	0.13529	0.10639	-0.31337	1.2282	1.1905	0.5242	-0.078043	0.075319
"55"	-1.2282	-0.43779	0.19446	-0.31704	-0.31337	0.0042593	-0.10259	-0.078043	-0.5242	0.56327	0.13529	-2.1018	0.075319	0.49192	-0.77897	1.2282	0.63296	-0.19446	0.31337	2.1018	-0.010894	-1.1905	-0.50744	-0.10639	0.16271	0.11753	-0.17901	-0.56327	0.27307	-0.63296	0.50744	0.10259	0.10639	-0.49192	0.010894	-0.11753	0.77897	-0.16271	0.31704	-0.075319	-0.27307	-0.0042593	-0.13529	1.1905	0.17901	0.078043	-0.49629	0.5242	0.43779	0.49629
"56"	-1.1905	0.11753	1.1905	-0.5242	-0.078043	-0.31337	-0.16271	-0.10259	0.075319	-0.010894	-0.31704	-0.19446	0.10259	0.43779	0.10639	0.50744	0.27307	0.77897	-0.43779	0.63296	-0.49192	-0.0042593	-0.27307	-1.2282	0.49629	-0.63296	-0.50744	2.1018	0.31704	0.13529	-0.10639	0.56327	0.17901	0.31337	-0.11753	0.5242	1.2282	-0.56327	-2.1018	0.0042593	-0.49629	0.19446	-0.17901	-0.13529	0.078043	-0.075319	0.16271	0.49192	0.010894	-0.77897
"57"	0.56327	0.19446	1.2282	-1.1905	0.075319	0.49192	0.078043	-0.50744	-0.10259	0.10639	-0.075319	-0.77897	2.1018	-0.27307	0.11753	0.5242	-0.11753	-0.63296	-0.13529	-0.078043	-0.5242	-0.31337	-0.49192	-0.10639	0.31337	0.31704	0.13529	0.010894	-0.010894	-0.31704	0.49629	0.50744	0.10259	0.43779	1.1905	-0.19446	-0.56327	0.0042593	0.77897	-0.16271	-2.1018	0.17901	0.63296	0.27307	-1.2282	-0.17901	0.16271	-0.49629	-0.0042593	-0.43779
"58"	-0.11753	-0.50744	-0.63296	-0.49192	-0.31337	0.43779	0.078043	-0.010894	0.63296	0.77897	0.0042593	-0.10639	-0.13529	0.49629	-0.27307	2.1018	0.5242	0.11753	-0.17901	0.27307	0.13529	0.16271	-1.2282	0.31704	-0.078043	-0.16271	0.010894	1.1905	1.2282	-0.5242	-0.10259	0.10639	0.075319	0.31337	-0.49629	-1.1905	-0.31704	0.17901	-0.43779	-0.0042593	0.56327	-0.19446	-0.56327	0.19446	-0.075319	-0.77897	-2.1018	0.10259	0.50744	0.49192
"59"	-0.27307	0.17901	-0.16271	1.1905	-0.010894	0.49629	0.075319	-0.078043	0.56327	0.31337	0.078043	0.11753	1.2282	-0.075319	-0.10639	0.49192	-0.5242	0.50744	-0.49629	2.1018	0.16271	-0.0042593	0.0042593	-0.17901	-0.49192	0.77897	0.43779	-1.1905	0.19446	0.13529	-0.77897	0.010894	-1.2282	0.10259	-0.63296	-0.31337	0.27307	0.31704	-0.11753	-0.31704	-0.56327	-0.13529	-0.43779	-2.1018	-0.50744	0.10639	0.63296	0.5242	-0.10259	-0.19446
"60"	-0.010894	0.77897	-0.19446	0.17901	0.075319	-0.10639	0.0042593	-0.31704	1.2282	-0.49629	0.27307	0.5242	-0.10259	0.13529	0.31337	-0.31337	0.50744	-2.1018	-0.43779	0.16271	1.1905	0.078043	-0.16271	0.10259	0.19446	-0.77897	-1.1905	-0.27307	2.1018	0.010894	-0.5242	0.10639	-0.17901	-0.075319	-0.63296	0.49629	0.63296	0.56327	0.31704	0.43779	-0.50744	-0.11753	0.49192	-0.49192	-0.13529	-0.56327	-1.2282	-0.0042593	-0.078043	0.11753
"61"	-0.075319	-2.1018	-0.10259	0.50744	0.77897	-0.31704	0.078043	0.49629	-0.11753	1.1905	0.10639	-0.43779	-0.49192	0.19446	0.49192	-0.49629	-0.13529	0.010894	0.16271	-0.17901	-0.31337	-0.56327	0.27307	-0.10639	-0.63296	0.0042593	-1.2282	2.1018	0.31704	-0.5242	0.10259	0.075319	0.11753	0.17901	-1.1905	0.63296	-0.19446	0.56327	0.43779	1.2282	-0.16271	-0.010894	0.31337	-0.0042593	-0.50744	-0.27307	0.5242	-0.078043	-0.77897	0.13529
"62"	0.77897	1.1905	0.075319	0.5242	-1.2282	-0.13529	-0.10259	0.31704	0.010894	-0.31337	-0.11753	-0.27307	-0.16271	0.43779	-0.0042593	-0.50744	0.10639	-0.19446	1.2282	-0.31704	0.56327	0.13529	-0.49192	-1.1905	-0.010894	-0.078043	-2.1018	0.0042593	-0.5242	0.27307	-0.10639	0.49192	0.63296	0.17901	-0.17901	0.078043	0.19446	0.11753	-0.77897	0.31337	0.49629	-0.43779	0.50744	0.10259	0.16271	-0.56327	-0.075319	2.1018	-0.49629	-0.63296
"63"	-1.1905	0.13529	0.50744	2.1018	0.11753	-0.17901	-0.078043	0.17901	-0.10639	-0.27307	0.49629	0.078043	0.075319	0.16271	-0.49629	-0.31337	-0.49192	0.5242	1.1905	-0.0042593	-0.16271	-0.56327	-0.10259	0.31337	-0.5242	-0.43779	0.77897	0.010894	0.31704	-0.50744	-0.19446	0.10259	-0.77897	-0.075319	0.43779	0.56327	-0.31704	-0.13529	0.63296	-0.010894	-2.1018	0.49192	-0.11753	-0.63296	-1.2282	1.2282	0.0042593	0.10639	0.19446	0.27307
"64"	-0.56327	-0.5242	-0.27307	0.19446	-0.010894	0.31337	-0.31337	-0.17901	0.49192	0.11753	-0.43779	-0.31704	-1.2282	-1.1905	0.77897	-2.1018	-0.078043	0.13529	0.10259	0.010894	1.1905	-0.11753	-0.16271	-0.63296	0.49629	0.63296	1.2282	-0.77897	-0.19446	-0.13529	-0.10259	2.1018	-0.49629	0.075319	0.0042593	0.16271	-0.10639	-0.50744	0.27307	0.17901	-0.075319	0.31704	0.56327	0.43779	0.50744	-0.0042593	0.10639	0.078043	-0.49192	0.5242
"65"	-0.49629	0.27307	-0.56327	-0.16271	0.075319	-0.17901	0.10639	0.13529	0.77897	-0.50744	-0.078043	0.31337	1.2282	-1.2282	0.56327	0.11753	2.1018	-0.63296	-2.1018	-0.43779	-0.27307	0.49192	0.10259	0.078043	-0.49192	-0.31704	-0.0042593	0.0042593	-0.19446	-0.10259	0.19446	0.16271	0.50744	-0.010894	-0.13529	-0.11753	-0.075319	0.63296	-0.77897	-0.10639	-0.5242	0.49629	0.43779	0.31704	-1.1905	0.010894	0.17901	-0.31337	1.1905	0.5242
"66"	0.19446	-0.075319	0.11753	0.010894	-0.56327	0.50744	-0.49192	0.10259	1.1905	0.27307	-0.11753	0.078043	0.5242	0.17901	-0.50744	0.49629	-0.0042593	-0.77897	2.1018	-0.19446	-0.10259	-0.27307	0.49192	0.0042593	-0.63296	0.16271	0.13529	0.075319	-0.5242	0.31337	-0.49629	-0.17901	-0.31337	-0.13529	0.56327	0.43779	-0.10639	1.2282	0.31704	-0.16271	0.63296	-1.2282	-0.43779	-1.1905	-0.31704	-0.010894	-0.078043	0.77897	-2.1018	0.10639
"67"	-0.31704	0.31337	-0.56327	0.49629	-2.1018	1.2282	-0.50744	-0.63296	0.63296	0.77897	2.1018	0.078043	-0.43779	0.5242	0.56327	-1.2282	0.16271	-0.19446	0.49192	0.010894	-0.13529	-0.49629	-0.10639	0.11753	-0.010894	-0.17901	-0.77897	-0.11753	-0.16271	0.10639	-0.075319	1.1905	-0.31337	-0.0042593	0.43779	0.27307	0.19446	-0.49192	-0.5242	-0.27307	0.31704	-0.10259	-1.1905	0.0042593	0.13529	0.50744	-0.078043	0.075319	0.10259	0.17901
"68"	1.1905	-0.16271	0.10639	-0.27307	-0.19446	0.27307	2.1018	0.16271	-0.10259	0.13529	-0.49192	0.63296	0.19446	-0.49629	-0.010894	-0.078043	-0.63296	-1.2282	-0.13529	-0.31704	0.17901	0.31337	0.11753	-0.10639	-0.075319	-0.56327	0.078043	0.0042593	-2.1018	-0.50744	0.075319	0.31704	0.77897	-0.11753	0.010894	-0.77897	0.49192	-1.1905	-0.0042593	1.2282	0.56327	0.10259	-0.31337	0.50744	-0.43779	0.49629	-0.5242	0.5242	0.43779	-0.17901
"69"	0.13529	-0.13529	0.078043	-0.075319	-0.11753	-0.56327	0.49192	-0.16271	-0.31337	0.17901	-0.10639	0.11753	0.31704	-0.0042593	-0.63296	0.075319	-0.17901	0.49629	-0.43779	-0.49629	0.63296	0.50744	0.77897	-0.010894	0.10639	0.16271	1.1905	1.2282	0.43779	-2.1018	-0.31704	-0.10259	0.010894	0.27307	-1.1905	-0.19446	0.31337	0.56327	-0.27307	0.10259	0.0042593	-1.2282	-0.50744	0.5242	-0.77897	-0.078043	-0.49192	2.1018	0.19446	-0.5242
"70"	0.078043	1.1905	-0.49192	0.17901	1.2282	0.49629	0.31704	0.50744	-0.010894	-0.11753	0.0042593	-0.075319	-1.1905	0.56327	0.010894	-0.0042593	0.16271	0.63296	-0.10259	0.11753	-0.31704	0.31337	2.1018	-0.078043	0.43779	0.77897	0.075319	-0.10639	-0.77897	-2.1018	0.27307	0.10259	-0.56327	-0.50744	-0.31337	0.10639	-0.13529	0.13529	-0.63296	-0.43779	-1.2282	-0.27307	-0.17901	-0.49629	-0.16271	0.5242	0.49192	0.19446	-0.19446	-0.5242
"71"	0.49192	-1.2282	0.56327	-0.50744	0.010894	-0.49629	-0.43779	-0.13529	0.17901	0.31704	0.49629	-0.19446	-2.1018	-0.10259	-0.0042593	-1.1905	0.43779	-0.075319	-0.49192	1.2282	-0.63296	-0.11753	-0.17901	-0.078043	0.31337	0.078043	0.63296	0.075319	-0.10639	-0.31704	0.11753	0.0042593	2.1018	-0.16271	-0.77897	-0.56327	-0.31337	0.5242	-0.27307	1.1905	0.50744	0.13529	0.10259	-0.5242	0.10639	0.19446	-0.010894	0.16271	0.77897	0.27307
"72"	-1.1905	-0.010894	2.1018	0.31704	-0.078043	0.078043	-0.10259	-0.43779	-1.2282	0.27307	0.075319	0.5242	0.13529	0.50744	-0.5242	-0.27307	-0.49629	0.010894	0.43779	-0.11753	-0.56327	0.63296	-0.19446	1.2282	-0.17901	0.19446	-0.63296	-0.0042593	-0.31704	0.10259	0.49192	0.77897	-0.77897	0.17901	-0.16271	1.1905	-0.49192	-0.50744	0.11753	-2.1018	-0.13529	0.10639	0.56327	0.16271	-0.31337	0.0042593	-0.075319	0.31337	-0.10639	0.49629
"73"	0.50744	-0.27307	-0.010894	-0.31337	-0.77897	0.31704	-1.1905	-0.0042593	0.0042593	-0.50744	0.49629	-0.56327	0.19446	-0.31704	-0.49192	-0.075319	0.11753	0.77897	-0.078043	-0.13529	-0.16271	2.1018	0.10639	0.16271	0.63296	-0.11753	0.10259	-0.49629	0.56327	0.49192	0.17901	-1.2282	1.2282	0.010894	-0.63296	-0.10259	-0.43779	0.5242	0.13529	-2.1018	-0.5242	-0.19446	0.43779	0.075319	0.31337	0.078043	-0.17901	0.27307	-0.10639	1.1905
"74"	-0.56327	0.50744	-0.13529	0.63296	-0.17901	0.010894	1.2282	-0.77897	0.43779	-0.63296	-2.1018	0.16271	0.56327	1.1905	-0.10639	0.11753	0.5242	-0.11753	0.10259	0.31337	0.10639	-0.50744	0.0042593	-0.16271	-0.49629	-0.31704	-0.43779	0.078043	-0.27307	-1.2282	0.19446	-0.078043	-0.075319	2.1018	0.13529	0.49192	-0.5242	0.075319	-0.31337	0.31704	-0.0042593	-0.49192	-0.10259	0.17901	-1.1905	0.27307	0.49629	-0.19446	0.77897	-0.010894
"75"	0.19446	-0.31704	-2.1018	-0.17901	-0.43779	0.10639	-1.1905	-0.16271	2.1018	0.078043	0.49629	-0.49192	-0.078043	0.13529	-0.63296	-0.11753	-0.49629	-0.77897	0.17901	0.63296	0.50744	0.27307	-0.50744	0.010894	0.16271	0.11753	-0.10639	1.1905	-0.010894	0.0042593	-0.56327	0.5242	-0.27307	0.31337	-0.075319	-0.5242	0.56327	-0.0042593	0.43779	-0.31337	-0.10259	0.77897	0.31704	1.2282	0.10259	-0.13529	0.075319	0.49192	-1.2282	-0.19446
"76"	0.078043	-1.2282	-0.49192	0.13529	-0.075319	0.10639	0.16271	0.49192	-0.43779	0.31337	0.31704	0.17901	-0.0042593	-0.10259	-0.31337	0.10259	-0.078043	0.5242	0.49629	0.27307	0.63296	1.1905	0.0042593	0.19446	0.43779	-1.1905	-0.11753	2.1018	-0.50744	-0.19446	-2.1018	-0.13529	0.77897	-0.63296	0.010894	1.2282	-0.5242	0.11753	-0.10639	-0.49629	-0.77897	0.075319	0.56327	0.50744	-0.27307	-0.16271	-0.56327	-0.17901	-0.31704	-0.010894
"77"	0.5242	0.19446	0.0042593	-0.5242	-1.1905	-0.77897	0.16271	0.49192	-0.075319	2.1018	-0.19446	0.10259	0.13529	0.56327	-0.010894	0.010894	0.075319	0.49629	-0.31337	-0.10639	-0.49192	-2.1018	-0.56327	-0.17901	-0.31704	-0.10259	-0.63296	-0.43779	0.31337	-0.13529	0.31704	0.63296	0.27307	0.77897	1.1905	-0.0042593	0.50744	0.43779	-0.16271	-0.078043	-0.50744	0.11753	1.2282	-1.2282	0.17901	-0.11753	0.10639	0.078043	-0.49629	-0.27307
"78"	0.31337	0.49192	-0.11753	0.77897	0.17901	1.2282	0.078043	0.16271	0.19446	-0.5242	-1.2282	-0.77897	0.13529	0.50744	-0.27307	2.1018	0.010894	-0.10639	-0.13529	-0.10259	0.27307	1.1905	-0.31704	-0.43779	-0.19446	-0.010894	-0.50744	-2.1018	0.49629	-1.1905	-0.17901	-0.31337	0.63296	0.31704	-0.078043	0.56327	-0.16271	0.11753	0.5242	0.10259	-0.56327	-0.49629	-0.63296	0.43779	-0.49192	0.10639	0.075319	0.0042593	-0.0042593	-0.075319
"79"	0.5242	0.075319	0.77897	-0.56327	-0.49629	-0.16271	-0.63296	-2.1018	0.27307	-0.50744	0.13529	0.31337	-0.17901	0.49192	0.49629	-0.77897	-1.2282	0.10259	-0.5242	0.50744	2.1018	1.1905	-0.31337	0.43779	0.0042593	-0.13529	-0.31704	-0.27307	-0.0042593	0.63296	0.16271	0.10639	-1.1905	-0.49192	0.17901	0.010894	0.11753	0.078043	-0.11753	0.56327	-0.10259	1.2282	-0.010894	-0.19446	-0.10639	-0.078043	-0.43779	0.31704	-0.075319	0.19446
"80"	0.078043	-0.49629	-0.10259	-0.31337	0.31337	-0.63296	-0.13529	0.16271	-0.43779	-0.10639	0.10639	0.43779	-1.1905	-0.49192	0.13529	0.56327	-0.56327	0.5242	0.50744	-2.1018	-0.17901	0.10259	0.11753	0.27307	2.1018	-0.19446	-0.078043	-0.11753	0.77897	-0.31704	-0.0042593	1.2282	0.010894	-0.075319	-0.27307	-0.010894	0.63296	0.0042593	-0.50744	-1.2282	1.1905	0.17901	-0.77897	0.075319	0.31704	0.19446	0.49629	0.49192	-0.16271	-0.5242
"81"	-0.50744	-0.56327	0.31337	0.010894	-0.63296	-0.10639	1.1905	0.50744	-0.27307	-0.31704	1.2282	-0.11753	-0.10259	0.10639	-0.0042593	-0.010894	-0.19446	-1.2282	0.43779	-0.17901	0.49629	0.13529	-0.49192	0.0042593	0.19446	0.078043	-0.16271	0.31704	0.075319	0.63296	-0.49629	-0.77897	0.10259	-0.5242	0.77897	-2.1018	-0.13529	0.17901	0.27307	0.56327	0.49192	-0.43779	0.11753	-0.31337	0.5242	2.1018	-1.1905	0.16271	-0.075319	-0.078043
"82"	2.1018	-0.075319	0.43779	0.11753	0.078043	0.010894	-0.11753	-1.1905	-0.31704	-0.63296	-0.27307	-0.56327	0.5242	0.10639	0.0042593	0.31704	-0.13529	-0.17901	-0.50744	0.63296	-0.31337	-0.010894	0.13529	-0.5242	-0.49629	-0.49192	-0.0042593	-0.10639	-0.19446	0.10259	0.075319	-1.2282	0.19446	-0.078043	-2.1018	0.49192	1.2282	1.1905	0.16271	-0.77897	-0.43779	0.50744	0.31337	-0.10259	0.17901	0.27307	-0.16271	0.77897	0.56327	0.49629
"83"	-0.078043	-0.19446	-0.31704	0.0042593	0.77897	-0.10639	-0.0042593	-0.010894	0.078043	-0.49629	0.43779	-0.075319	0.19446	-0.50744	-0.17901	0.31704	0.10639	0.49629	-0.31337	0.50744	0.10259	0.16271	1.2282	-0.16271	-0.5242	0.63296	0.13529	-1.2282	0.075319	0.5242	0.31337	-0.77897	0.49192	0.11753	-0.43779	-1.1905	0.27307	-0.49192	0.010894	-0.63296	1.1905	-0.56327	0.17901	-0.27307	-0.11753	0.56327	-0.13529	-2.1018	2.1018	-0.10259
"84"	-0.56327	0.56327	-0.19446	-0.5242	-0.31337	0.10259	-0.43779	0.075319	0.31337	0.17901	-0.078043	-0.13529	0.27307	0.5242	0.50744	-1.1905	-0.63296	0.16271	1.1905	-0.77897	-0.27307	0.77897	0.0042593	-0.0042593	-0.010894	-1.2282	0.19446	0.078043	0.010894	0.43779	0.49192	-0.31704	1.2282	-0.16271	0.49629	-0.49192	-0.49629	-2.1018	-0.50744	0.13529	0.10639	-0.17901	2.1018	-0.075319	-0.10259	0.31704	0.63296	0.11753	-0.11753	-0.10639
"85"	0.11753	-0.17901	-0.10639	-0.43779	-1.1905	1.1905	-2.1018	-0.31704	0.31704	-0.5242	-0.078043	-0.075319	-0.19446	-0.10259	-0.0042593	-0.010894	0.0042593	0.078043	2.1018	0.27307	0.10259	0.010894	0.17901	0.10639	0.50744	-0.50744	-0.31337	-0.56327	-0.49192	0.49192	-0.13529	-0.63296	0.075319	0.13529	0.49629	0.5242	1.2282	-0.49629	0.77897	0.43779	0.16271	-0.27307	-0.77897	-0.11753	-1.2282	0.19446	0.63296	0.31337	0.56327	-0.16271
"86"	-0.5242	0.49629	0.5242	0.10259	-0.10259	2.1018	0.19446	0.31337	0.17901	-0.16271	-0.19446	0.075319	-0.49192	0.56327	-0.27307	0.43779	-0.10639	0.11753	-0.13529	-0.77897	-0.31704	0.10639	-2.1018	-1.1905	0.50744	0.16271	-0.50744	1.1905	0.77897	-1.2282	-0.56327	0.63296	-0.63296	0.31704	-0.078043	0.078043	0.010894	-0.43779	-0.010894	-0.0042593	-0.31337	0.13529	-0.075319	0.49192	0.27307	1.2282	-0.11753	-0.17901	0.0042593	-0.49629
"87"	2.1018	0.27307	-0.49629	0.77897	0.56327	0.31337	0.078043	-0.075319	-0.11753	0.010894	0.075319	-0.13529	0.19446	0.31704	0.17901	-0.078043	-0.56327	1.1905	0.10639	-0.5242	-0.0042593	0.5242	0.49629	-0.27307	-0.31704	-0.63296	-0.010894	-0.43779	0.49192	-2.1018	-1.2282	-0.50744	-0.16271	-0.77897	0.63296	0.16271	-0.10639	-0.17901	-1.1905	-0.31337	0.50744	-0.19446	0.11753	0.13529	-0.10259	-0.49192	1.2282	0.10259	0.0042593	0.43779
"88"	-0.078043	-1.1905	0.078043	-0.19446	-0.11753	-0.10639	-0.63296	0.10259	-1.2282	-0.43779	-0.13529	0.10639	0.13529	0.49192	0.43779	0.50744	0.0042593	0.56327	-0.77897	-0.50744	0.11753	0.31337	-0.31704	-0.10259	0.075319	0.27307	0.16271	0.19446	0.31704	-2.1018	1.1905	0.77897	-0.17901	-0.5242	-0.49629	-0.49192	2.1018	-0.16271	-0.56327	0.010894	0.17901	0.49629	1.2282	-0.27307	-0.075319	-0.31337	-0.0042593	-0.010894	0.5242	0.63296
"89"	-0.16271	0.31337	-0.56327	-0.19446	0.27307	0.5242	1.1905	0.63296	0.13529	0.11753	1.2282	-0.075319	0.10639	0.43779	0.19446	0.17901	-0.50744	-0.27307	0.0042593	-0.63296	0.010894	-0.10259	-0.078043	-1.2282	-0.010894	0.31704	-0.13529	-0.0042593	0.77897	0.075319	0.10259	0.078043	-2.1018	-0.11753	-0.5242	0.56327	0.50744	-0.31337	-0.77897	-0.17901	0.49629	-1.1905	0.16271	-0.10639	2.1018	-0.31704	-0.43779	0.49192	-0.49192	-0.49629
"90"	-1.1905	1.1905	0.078043	0.43779	0.10639	-0.10259	1.2282	-0.13529	0.19446	-0.19446	0.49192	0.11753	-0.078043	-1.2282	0.77897	-0.11753	-0.010894	-0.63296	-0.49192	0.31704	-0.77897	-0.16271	0.13529	-0.5242	2.1018	-0.50744	0.10259	0.17901	0.31337	-0.56327	-0.075319	-0.43779	-0.17901	0.075319	0.50744	-0.10639	-2.1018	-0.31704	0.0042593	0.010894	0.5242	0.16271	0.27307	-0.27307	0.49629	0.56327	-0.49629	0.63296	-0.0042593	-0.31337
"91"	0.63296	-0.50744	-1.2282	0.078043	0.10259	2.1018	-0.010894	-0.19446	-2.1018	-0.17901	-0.10639	-0.43779	-0.0042593	-0.16271	-0.49192	-0.56327	0.11753	0.43779	-0.10259	0.010894	-0.77897	-0.49629	0.27307	0.075319	0.13529	0.16271	-0.5242	0.31337	1.2282	-0.31337	-0.075319	0.49629	-0.63296	0.10639	0.50744	-0.078043	-0.27307	-1.1905	0.0042593	0.17901	0.49192	0.56327	-0.31704	0.19446	0.31704	1.1905	-0.13529	0.77897	0.5242	-0.11753
"92"	0.075319	0.19446	0.56327	0.16271	-0.0042593	0.13529	-0.43779	0.27307	-1.1905	0.50744	-2.1018	-0.10639	-0.078043	-0.10259	-0.50744	0.77897	0.5242	-0.56327	-0.5242	2.1018	-0.31337	0.078043	0.11753	-0.27307	0.63296	0.10639	0.17901	-0.17901	-0.31704	-0.13529	-1.2282	-0.49192	-0.11753	-0.49629	-0.77897	0.43779	0.31337	0.31704	1.1905	1.2282	0.10259	0.0042593	0.49629	-0.16271	-0.010894	-0.075319	-0.19446	0.010894	0.49192	-0.63296
"93"	0.10639	-0.56327	-0.0042593	0.43779	-0.5242	-0.13529	-1.2282	0.49192	0.0042593	0.50744	0.5242	-0.16271	0.56327	-0.43779	0.11753	-0.77897	-0.010894	0.16271	-0.075319	-0.078043	0.075319	-2.1018	0.49629	-0.19446	-0.49192	0.31337	0.17901	0.078043	-0.11753	-0.49629	-0.63296	-0.10639	-0.31337	1.2282	0.63296	0.19446	1.1905	-0.27307	-0.17901	0.31704	-0.10259	0.77897	0.27307	2.1018	0.13529	0.10259	-0.31704	0.010894	-1.1905	-0.50744
"94"	0.17901	-1.2282	-0.010894	0.31337	-0.63296	-0.31704	-0.43779	0.16271	-0.078043	0.63296	0.11753	-0.075319	0.49192	-0.10639	-0.31337	0.56327	1.2282	0.078043	0.075319	0.0042593	0.49629	-2.1018	-0.77897	-0.56327	1.1905	0.010894	0.19446	0.27307	-1.1905	0.31704	-0.16271	-0.17901	0.13529	0.43779	-0.11753	2.1018	-0.19446	-0.49629	-0.27307	-0.13529	-0.5242	-0.10259	0.77897	0.10639	-0.0042593	-0.50744	-0.49192	0.10259	0.5242	0.50744
"95"	-0.50744	0.49192	-0.63296	0.43779	0.10259	-0.56327	1.2282	-1.1905	0.19446	0.11753	0.17901	0.77897	0.31704	-0.10639	0.56327	0.31337	0.49629	-0.075319	0.0042593	2.1018	-2.1018	-0.16271	-0.5242	-0.10259	0.075319	-0.0042593	0.078043	-0.31704	-0.13529	0.50744	0.16271	-1.2282	-0.77897	0.13529	0.010894	0.27307	0.5242	-0.010894	-0.27307	1.1905	-0.49629	0.63296	-0.11753	-0.078043	-0.31337	-0.43779	0.10639	-0.19446	-0.49192	-0.17901
"96"	-0.16271	0.49192	-0.19446	0.075319	0.49629	-0.5242	1.2282	0.63296	0.31704	0.43779	0.10259	-0.43779	0.17901	0.50744	0.27307	-0.49629	-0.49192	0.13529	-0.17901	-0.63296	-0.075319	-0.11753	-0.50744	-0.27307	0.77897	-1.2282	-0.77897	0.31337	-0.13529	-0.10639	1.1905	0.0042593	-0.010894	-0.31337	-0.10259	0.010894	-0.31704	-0.078043	0.078043	2.1018	0.16271	-0.56327	0.5242	0.56327	-0.0042593	0.10639	-1.1905	0.11753	-2.1018	0.19446
"97"	0.77897	-0.19446	0.0042593	-1.2282	1.1905	-0.27307	0.11753	0.010894	-2.1018	0.43779	-0.49192	-0.075319	-0.49629	0.17901	-0.16271	-0.13529	2.1018	-0.5242	0.075319	0.27307	-0.31337	0.19446	0.10259	0.56327	-0.17901	0.5242	1.2282	0.10639	-0.010894	0.63296	-0.0042593	-0.11753	0.49192	-0.31704	-0.43779	-0.10259	-0.56327	-1.1905	-0.63296	0.13529	0.078043	-0.50744	0.31704	0.31337	-0.078043	0.49629	-0.10639	0.16271	0.50744	-0.77897
"98"	-0.77897	-0.10259	0.11753	-0.17901	0.075319	-0.63296	-2.1018	0.13529	-0.49192	-0.27307	-0.16271	-0.13529	0.5242	0.0042593	-1.1905	-0.11753	-0.43779	0.078043	-0.56327	-0.078043	0.10639	-0.31337	-0.010894	0.19446	0.16271	0.010894	-0.10639	0.17901	0.56327	-0.50744	-0.49629	1.2282	0.10259	-0.0042593	0.31704	0.50744	0.49629	-1.2282	0.43779	-0.19446	0.49192	0.77897	0.63296	0.27307	-0.075319	-0.5242	0.31337	2.1018	-0.31704	1.1905
"99"	-0.27307	0.010894	-0.5242	-0.31704	-0.10259	0.49192	-0.13529	-0.078043	0.0042593	-0.50744	1.1905	-1.2282	1.2282	0.10639	0.56327	0.19446	0.50744	-0.10639	0.5242	0.77897	-0.49192	-0.11753	-0.17901	0.075319	-0.0042593	-0.010894	0.31704	0.11753	0.27307	-1.1905	2.1018	0.078043	-0.49629	0.63296	0.17901	-0.77897	0.10259	-0.16271	-0.075319	-0.56327	-0.43779	0.43779	0.13529	-0.31337	-0.19446	-0.63296	-2.1018	0.16271	0.31337	0.49629
"100"	-0.49192	0.010894	1.2282	2.1018	-0.16271	-0.10639	0.27307	-0.19446	-0.17901	-0.078043	-0.49629	-0.010894	-1.1905	-1.2282	0.56327	-0.31704	-0.56327	1.1905	0.63296	0.075319	0.49192	0.0042593	0.43779	0.10639	0.16271	-0.27307	-0.77897	-0.43779	0.31337	-0.13529	-0.63296	0.10259	0.17901	-0.11753	-0.075319	-0.0042593	-2.1018	-0.31337	0.11753	-0.10259	0.19446	0.078043	-0.5242	0.49629	0.50744	0.77897	0.5242	-0.50744	0.31704	0.13529
"101"	-0.10259	0.13529	-0.49192	-0.63296	-0.77897	-0.31337	0.27307	-0.19446	0.11753	0.10259	1.1905	0.0042593	0.078043	0.63296	-0.31704	-0.43779	-0.56327	0.77897	-0.11753	-0.075319	0.10639	0.16271	0.075319	0.43779	0.50744	-0.0042593	0.19446	-0.27307	0.49629	1.2282	0.5242	-0.49629	2.1018	0.56327	-0.078043	0.31704	-0.17901	0.49192	-0.010894	-1.2282	0.17901	-2.1018	-0.5242	-0.10639	-0.16271	-1.1905	0.31337	0.010894	-0.13529	-0.50744
"102"	-0.16271	-0.50744	0.31337	-0.77897	1.2282	0.50744	0.27307	-0.43779	0.5242	-0.075319	0.17901	0.11753	-0.49192	0.10259	-2.1018	-0.10259	1.1905	-0.11753	0.31704	-0.10639	-0.5242	0.010894	0.0042593	-0.27307	-0.0042593	0.43779	0.10639	-1.2282	0.49629	0.16271	0.075319	-0.010894	0.49192	-0.63296	0.56327	-0.17901	-0.56327	-1.1905	-0.19446	0.13529	2.1018	0.19446	-0.078043	-0.31337	-0.13529	0.77897	0.63296	-0.49629	-0.31704	0.078043
"103"	0.63296	-0.77897	-0.078043	-2.1018	-0.16271	1.1905	-1.2282	-0.19446	0.27307	0.11753	-0.27307	-0.49629	-0.10259	0.77897	0.50744	0.31704	-0.56327	0.5242	0.17901	0.43779	-0.63296	0.13529	0.49192	-0.11753	-0.31337	-0.49192	1.2282	0.10639	-0.10639	0.19446	-0.13529	0.10259	0.075319	-0.17901	0.49629	0.010894	2.1018	0.56327	-0.0042593	0.16271	-0.010894	-0.43779	-0.31704	0.078043	0.0042593	-0.075319	-0.50744	-0.5242	0.31337	-1.1905
"104"	-0.17901	-0.11753	-1.1905	0.16271	-0.075319	-0.16271	-0.31704	-0.010894	0.19446	-0.10259	0.075319	0.63296	0.5242	0.77897	-0.27307	1.2282	0.49629	0.56327	-0.56327	-0.5242	0.31337	-2.1018	-0.19446	0.0042593	-0.078043	2.1018	0.010894	-0.13529	-0.43779	0.49192	0.10259	0.27307	0.078043	-0.10639	-1.2282	0.31704	0.13529	-0.31337	-0.63296	-0.50744	-0.77897	1.1905	0.17901	0.43779	-0.49629	0.10639	0.50744	0.11753	-0.0042593	-0.49192
"105"	0.49629	0.11753	0.16271	-0.10259	0.5242	-1.1905	-0.0042593	0.10639	-2.1018	0.63296	0.19446	0.0042593	0.43779	0.13529	-0.50744	0.50744	-0.31337	-0.10639	0.010894	-1.2282	0.31704	-0.56327	0.075319	-0.010894	0.10259	-0.078043	-0.27307	-0.075319	-0.16271	2.1018	0.49192	0.17901	-0.19446	-0.13529	-0.49629	-0.77897	0.078043	-0.63296	-0.17901	0.56327	-0.5242	0.77897	0.27307	0.31337	-0.31704	-0.49192	1.2282	-0.11753	-0.43779	1.1905
"106"	0.56327	0.11753	-0.075319	-0.43779	-0.16271	2.1018	0.078043	0.31704	0.10639	-0.77897	0.5242	-1.2282	-0.19446	0.77897	-1.1905	-0.27307	-0.13529	1.2282	0.16271	-0.31704	-2.1018	0.49192	-0.0042593	1.1905	-0.10639	-0.63296	0.27307	-0.49629	-0.010894	0.43779	0.13529	0.0042593	0.10259	0.63296	0.49629	-0.5242	-0.50744	-0.10259	0.19446	-0.078043	0.075319	-0.31337	0.010894	-0.17901	0.17901	-0.49192	-0.11753	0.31337	0.50744	-0.56327
"107"	0.5242	-0.11753	-0.77897	-1.2282	0.31704	-1.1905	0.16271	0.10259	0.075319	0.56327	0.010894	0.10639	0.43779	0.0042593	-2.1018	0.77897	0.078043	0.13529	-0.56327	-0.0042593	-0.31337	-0.078043	-0.19446	-0.49629	-0.50744	-0.31704	0.17901	0.63296	-0.010894	1.2282	0.31337	0.11753	0.19446	-0.16271	1.1905	-0.10639	0.27307	-0.17901	-0.43779	0.49629	-0.13529	-0.075319	-0.5242	-0.63296	2.1018	-0.49192	-0.27307	0.50744	0.49192	-0.10259
"108"	0.31704	-0.19446	0.0042593	0.17901	0.11753	-0.0042593	-0.56327	0.078043	-0.49629	1.2282	0.49192	-0.010894	0.16271	0.50744	-1.2282	-0.17901	-0.77897	-0.31704	0.13529	0.010894	-0.11753	-0.43779	-1.1905	-0.13529	-0.27307	-2.1018	0.63296	0.31337	-0.10259	-0.16271	1.1905	-0.63296	-0.50744	0.49629	0.56327	-0.5242	-0.078043	-0.10639	0.77897	-0.31337	0.43779	0.075319	2.1018	0.10639	-0.075319	-0.49192	0.10259	0.5242	0.27307	0.19446
"109"	-0.56327	0.49192	2.1018	0.10639	0.010894	1.1905	0.075319	0.078043	0.77897	-0.31704	0.13529	-0.17901	-0.49192	-0.50744	1.2282	0.43779	-0.13529	0.50744	-0.63296	-0.19446	-0.010894	0.11753	-0.16271	0.0042593	-0.078043	-0.10639	-0.43779	0.31337	0.56327	-2.1018	-0.5242	0.19446	-0.31337	-0.11753	0.63296	-0.27307	0.16271	-0.49629	0.17901	-1.1905	-0.0042593	0.31704	-0.10259	0.49629	-1.2282	0.27307	-0.075319	0.10259	0.5242	-0.77897
"110"	-1.2282	2.1018	0.17901	0.19446	-0.5242	0.11753	-0.31337	0.77897	0.49192	-0.77897	0.010894	-0.16271	-0.10639	-0.078043	0.5242	0.56327	-0.56327	0.10639	-0.19446	0.63296	1.1905	-0.075319	-0.17901	-0.49192	0.10259	0.43779	-0.13529	-0.10259	0.27307	-0.010894	0.078043	0.075319	0.50744	0.0042593	-2.1018	-0.0042593	0.13529	-0.50744	0.31704	-0.27307	-0.11753	1.2282	-0.63296	0.16271	0.49629	-1.1905	-0.43779	0.31337	-0.49629	-0.31704
"111"	0.075319	0.10259	0.13529	-0.56327	-0.27307	0.27307	-0.10259	-0.31337	-0.31704	0.56327	0.50744	0.19446	-1.2282	0.5242	1.2282	-0.49629	-0.49192	-0.010894	0.77897	-1.1905	0.49629	0.078043	0.17901	-0.0042593	2.1018	-0.075319	-0.13529	-0.50744	-0.19446	-0.078043	-0.11753	0.16271	0.11753	-0.5242	-0.10639	-0.77897	1.1905	0.31337	-2.1018	-0.63296	-0.43779	0.49192	0.0042593	0.010894	-0.16271	-0.17901	0.63296	0.31704	0.10639	0.43779
"112"	1.2282	0.11753	-0.56327	2.1018	0.010894	-0.31704	-0.16271	-0.13529	0.10639	1.1905	0.0042593	-0.49192	0.56327	-0.77897	0.078043	-0.19446	-0.31337	0.13529	-0.11753	-0.27307	-0.0042593	-0.50744	-0.63296	-2.1018	-0.010894	0.49192	-0.078043	-1.2282	0.17901	-0.075319	-0.43779	0.5242	0.43779	-0.17901	0.50744	0.16271	0.19446	0.31337	0.63296	0.77897	-0.10259	0.075319	0.31704	-0.10639	0.27307	-0.49629	-1.1905	0.10259	-0.5242	0.49629
"113"	0.10639	0.77897	-0.16271	-0.19446	0.13529	0.43779	0.11753	-0.49629	-1.1905	-0.075319	-0.13529	-0.5242	0.19446	-0.77897	-0.17901	-0.49192	-0.63296	0.17901	0.010894	0.56327	-2.1018	1.1905	-0.0042593	-0.11753	0.49629	0.31337	0.49192	0.0042593	0.5242	-0.10639	-0.31704	0.16271	0.27307	0.10259	0.075319	-1.2282	0.078043	-0.010894	1.2282	-0.50744	-0.10259	0.50744	-0.078043	-0.31337	-0.27307	0.63296	2.1018	0.31704	-0.43779	-0.56327
"114"	0.63296	-0.49629	1.2282	-0.27307	-0.19446	0.27307	-0.16271	-0.0042593	0.11753	0.56327	-0.31337	-0.17901	-0.63296	0.77897	0.49192	0.078043	-0.075319	-0.49192	-2.1018	0.50744	-0.5242	0.31337	0.31704	1.1905	-0.31704	-0.56327	-0.77897	0.13529	0.43779	-0.13529	0.10259	-1.1905	-0.10259	0.49629	0.17901	-0.078043	0.16271	0.10639	0.010894	-0.010894	-1.2282	0.19446	2.1018	-0.43779	-0.50744	-0.11753	0.0042593	-0.10639	0.5242	0.075319
"115"	-0.19446	0.43779	-0.17901	0.49629	0.010894	0.27307	-0.078043	0.5242	0.11753	-0.56327	-0.075319	-0.27307	0.77897	0.075319	0.19446	-0.5242	0.63296	-0.16271	-0.43779	-1.1905	-0.10639	-0.11753	0.10259	-0.0042593	0.13529	0.078043	0.49192	2.1018	0.17901	-0.50744	0.56327	-0.49629	0.16271	-0.49192	-0.010894	-1.2282	-0.13529	-0.10259	0.0042593	1.1905	0.50744	-0.31337	0.31704	0.31337	-0.63296	1.2282	0.10639	-0.31704	-0.77897	-2.1018
"116"	0.63296	0.010894	-0.075319	0.56327	0.11753	-0.49192	0.31704	0.13529	-0.10639	-0.43779	0.49192	-0.010894	-0.56327	-0.13529	0.10639	-0.17901	-0.77897	0.17901	0.19446	-0.31337	-0.49629	-0.27307	-0.10259	-0.5242	0.77897	0.078043	0.43779	0.16271	0.10259	-0.078043	-0.11753	-0.63296	-1.2282	-1.1905	0.0042593	2.1018	-0.0042593	0.31337	-0.19446	1.1905	0.49629	-0.31704	0.5242	-2.1018	-0.50744	-0.16271	0.27307	1.2282	0.075319	0.50744
"117"	0.10639	0.17901	-2.1018	0.43779	-0.17901	0.10259	-0.56327	0.13529	-0.10259	0.27307	-0.11753	1.2282	-1.1905	-0.10639	-0.075319	-0.63296	0.0042593	0.11753	0.63296	-0.77897	0.19446	1.1905	0.16271	-0.49629	-0.19446	0.50744	-1.2282	-0.27307	2.1018	0.56327	-0.5242	-0.16271	-0.13529	0.078043	-0.078043	-0.31704	0.010894	0.31337	0.49192	-0.010894	-0.49192	-0.31337	0.49629	0.77897	0.31704	-0.50744	-0.43779	0.075319	-0.0042593	0.5242
"118"	1.1905	-0.078043	0.27307	0.19446	0.17901	-0.50744	0.56327	-0.13529	0.49629	0.11753	-0.010894	1.2282	-2.1018	0.13529	0.10259	-0.27307	-0.10259	-0.19446	0.31704	0.5242	0.16271	-0.17901	0.49192	0.10639	-1.1905	0.010894	-0.5242	-0.31337	-0.77897	-0.11753	0.0042593	0.31337	-0.16271	0.078043	2.1018	-0.31704	-0.0042593	-0.63296	0.77897	0.50744	0.075319	-0.43779	0.63296	-0.49192	-1.2282	-0.49629	-0.075319	-0.10639	0.43779	-0.56327
"119"	-0.63296	-0.27307	1.1905	-0.11753	0.10639	-0.075319	0.11753	0.43779	-0.5242	0.31704	-0.10259	0.31337	-0.19446	0.078043	-0.13529	0.10259	0.075319	-2.1018	-0.31337	0.49192	-0.50744	-0.56327	-0.010894	0.5242	0.010894	0.63296	0.13529	-0.77897	-1.2282	0.0042593	-0.49192	0.56327	0.16271	0.77897	-0.49629	-0.17901	1.2282	-0.0042593	-1.1905	-0.43779	0.49629	0.17901	-0.10639	-0.31704	0.19446	0.27307	-0.16271	-0.078043	0.50744	2.1018
"120"	-0.075319	-0.010894	0.31704	0.078043	-0.49192	-0.11753	0.17901	0.43779	0.49192	-0.43779	0.16271	-0.078043	-0.63296	0.63296	-0.13529	2.1018	1.2282	0.5242	-0.50744	-0.5242	0.50744	0.075319	0.56327	-0.10259	0.27307	0.0042593	0.010894	0.19446	0.11753	0.31337	-0.31704	-1.1905	-0.77897	0.13529	0.10639	-0.17901	0.49629	-2.1018	-0.27307	-0.16271	-0.56327	0.10259	-0.10639	-0.31337	1.1905	-0.49629	-0.19446	0.77897	-1.2282	-0.0042593
"121"	0.10259	-0.27307	0.31337	0.078043	0.49629	0.19446	-0.50744	-0.10259	0.16271	-0.49629	0.11753	0.17901	0.10639	-0.31704	-1.2282	-0.5242	-0.19446	-0.16271	-0.77897	0.075319	0.77897	-0.17901	-0.31337	0.010894	2.1018	-0.0042593	0.50744	0.27307	-0.11753	-1.1905	-0.49192	-0.13529	-0.63296	0.56327	-0.078043	0.0042593	0.13529	0.49192	-0.010894	1.2282	0.43779	0.31704	-0.10639	1.1905	0.63296	0.5242	-0.43779	-0.56327	-2.1018	-0.075319
"122"	-1.2282	-0.31337	-1.1905	-0.49629	0.10259	-0.31704	-0.19446	0.078043	0.63296	-0.63296	-0.49192	1.2282	0.49192	-0.11753	0.075319	0.16271	0.31337	0.77897	-0.078043	1.1905	-0.5242	0.13529	-0.010894	-0.56327	-0.075319	-0.10259	-0.77897	-2.1018	-0.50744	0.27307	0.43779	0.19446	0.11753	2.1018	0.5242	0.56327	-0.27307	0.50744	0.010894	-0.10639	-0.0042593	0.17901	0.31704	-0.13529	-0.43779	-0.17901	0.10639	-0.16271	0.49629	0.0042593
"123"	1.1905	-0.50744	-0.77897	0.56327	1.2282	-0.16271	0.19446	-0.078043	0.31337	-0.0042593	-0.10639	0.13529	0.5242	-0.43779	-0.075319	-0.10259	-0.17901	-0.5242	0.43779	-1.2282	-0.49629	-0.31704	2.1018	0.77897	0.49192	0.63296	0.0042593	0.16271	0.10639	-0.56327	-0.49192	0.27307	0.010894	-1.1905	0.31704	0.10259	-0.010894	0.11753	-0.31337	0.49629	-2.1018	0.075319	-0.11753	-0.19446	0.50744	-0.27307	-0.13529	0.17901	-0.63296	0.078043
"124"	-0.56327	-0.5242	0.31704	0.77897	-1.2282	-0.77897	-0.0042593	2.1018	0.43779	0.010894	-0.27307	-0.010894	-0.31704	0.63296	0.10259	0.31337	-2.1018	-0.075319	0.49192	-1.1905	0.075319	-0.078043	0.16271	1.2282	-0.11753	0.19446	-0.16271	0.17901	-0.63296	0.27307	0.11753	-0.49192	-0.17901	-0.13529	0.56327	-0.31337	-0.10259	-0.50744	-0.49629	-0.19446	0.10639	0.49629	0.078043	0.5242	0.0042593	1.1905	-0.10639	0.50744	-0.43779	0.13529
"125"	-0.56327	0.31704	0.0042593	0.56327	-0.63296	-0.11753	-2.1018	0.77897	0.19446	0.010894	-0.19446	-1.2282	0.10639	0.17901	0.5242	-1.1905	-0.27307	-0.13529	2.1018	0.16271	-0.31704	-0.17901	0.075319	-0.31337	1.1905	0.078043	1.2282	-0.075319	0.50744	0.43779	-0.0042593	0.49192	0.27307	-0.10259	0.63296	-0.16271	-0.49629	0.31337	-0.77897	0.10259	-0.010894	-0.10639	-0.43779	0.49629	-0.49192	0.11753	-0.50744	-0.5242	-0.078043	0.13529
"126"	0.010894	0.50744	2.1018	0.49629	-0.10639	-0.43779	-0.078043	0.56327	0.27307	1.2282	-0.075319	-0.0042593	-1.2282	-0.50744	-2.1018	-0.31704	-0.010894	0.10259	0.078043	-0.13529	-0.56327	-0.27307	-0.16271	-0.10259	0.10639	0.77897	0.16271	-0.17901	0.49192	-0.77897	-0.63296	0.31704	-0.31337	0.63296	-0.5242	0.19446	-0.11753	-1.1905	1.1905	0.43779	-0.19446	0.5242	0.0042593	0.31337	-0.49629	0.17901	0.11753	-0.49192	0.075319	0.13529
"127"	0.10259	-0.49192	1.2282	0.17901	0.11753	-0.13529	-0.49629	-0.0042593	0.16271	-0.56327	-0.5242	0.19446	-0.16271	0.43779	0.078043	0.31337	0.49192	-0.078043	-0.010894	0.77897	-0.50744	-1.1905	-0.43779	1.1905	-2.1018	0.10639	-0.31337	0.49629	0.0042593	-1.2282	0.010894	2.1018	0.13529	-0.19446	-0.10639	-0.27307	0.075319	0.27307	-0.17901	0.50744	0.31704	0.63296	-0.11753	-0.31704	-0.77897	-0.63296	-0.075319	-0.10259	0.56327	0.5242
"128"	-0.19446	0.27307	-0.77897	0.63296	0.43779	-0.63296	0.010894	0.31704	0.0042593	0.16271	-0.10259	-0.17901	-0.31704	-0.078043	0.49192	2.1018	0.19446	-0.27307	0.56327	0.49629	0.13529	0.77897	-0.49192	-0.50744	-0.49629	0.5242	-1.1905	-0.075319	0.078043	-0.16271	-0.10639	-0.0042593	-2.1018	0.11753	-0.43779	-0.11753	0.10259	0.50744	1.2282	-0.56327	0.17901	-0.5242	-0.13529	0.31337	-1.2282	0.075319	-0.31337	1.1905	-0.010894	0.10639
"129"	0.63296	-0.19446	0.19446	-0.11753	-0.010894	0.10259	0.11753	2.1018	-0.10259	-0.50744	0.17901	-0.078043	-0.5242	-2.1018	0.27307	0.0042593	0.010894	-0.31337	-0.77897	0.075319	-0.56327	-1.1905	0.50744	-0.49192	-0.63296	0.13529	0.56327	-0.075319	-0.10639	0.77897	-0.49629	-0.16271	-0.31704	0.43779	-0.17901	0.5242	1.2282	0.31337	-1.2282	0.078043	0.49192	-0.13529	0.10639	0.31704	-0.27307	1.1905	-0.0042593	-0.43779	0.16271	0.49629
"130"	-0.50744	0.16271	-0.0042593	0.27307	-1.1905	-0.075319	-0.77897	-0.13529	-0.27307	-0.078043	0.49192	-0.11753	0.43779	-0.49629	0.010894	-0.49192	-1.2282	-2.1018	-0.16271	-0.19446	0.075319	-0.31337	-0.10259	0.10639	-0.31704	0.0042593	-0.43779	0.56327	0.19446	1.2282	-0.56327	-0.5242	-0.010894	0.31704	0.11753	0.5242	2.1018	0.63296	0.10259	-0.63296	-0.10639	0.17901	0.31337	0.77897	0.50744	1.1905	-0.17901	0.49629	0.078043	0.13529
"131"	-0.13529	-0.50744	-0.5242	-2.1018	0.31704	0.0042593	-0.31337	0.50744	0.010894	-0.49629	0.10639	0.27307	0.77897	-0.27307	0.43779	-0.16271	-0.078043	0.31337	0.56327	0.10259	-1.1905	0.11753	-0.10639	0.078043	1.1905	-0.77897	0.63296	-0.19446	0.13529	0.49192	-0.010894	-0.17901	-0.31704	0.5242	1.2282	-0.56327	-0.075319	-0.43779	-0.49192	-0.11753	0.16271	-0.63296	0.49629	-0.0042593	0.075319	0.19446	0.17901	2.1018	-0.10259	-1.2282
"132"	0.10639	-0.10639	-0.16271	0.078043	-0.31337	0.63296	0.10259	0.49629	0.13529	-0.075319	-0.31704	0.0042593	-1.1905	-0.19446	0.17901	-0.49629	-0.27307	-0.10259	0.010894	0.27307	-2.1018	0.77897	-0.77897	-0.0042593	0.19446	0.075319	-0.63296	0.5242	-0.50744	0.16271	0.43779	-0.17901	0.31704	-0.11753	0.31337	0.11753	-0.56327	0.56327	-0.5242	-0.13529	1.2282	2.1018	0.49192	1.1905	0.50744	-0.078043	-0.49192	-1.2282	-0.010894	-0.43779
"133"	1.2282	0.17901	-0.10639	0.010894	-0.13529	0.49192	-0.49629	0.77897	-0.075319	-0.27307	-0.19446	0.16271	-0.31704	-0.50744	-0.078043	0.50744	-0.43779	0.5242	0.49629	1.1905	-0.10259	-2.1018	-0.49192	0.31704	0.43779	-0.010894	-0.16271	-1.2282	-0.56327	-0.11753	0.10639	0.19446	0.56327	-0.77897	0.10259	-1.1905	-0.5242	-0.31337	2.1018	0.13529	0.075319	0.31337	0.63296	-0.63296	0.0042593	-0.0042593	0.078043	0.11753	-0.17901	0.27307
"134"	0.63296	-0.77897	0.49629	-2.1018	-0.31704	-0.50744	-0.49192	0.31337	-0.31337	0.10639	0.17901	0.10259	-1.1905	0.0042593	0.27307	-0.10639	0.075319	-0.19446	-0.11753	0.11753	-0.49629	-0.63296	0.19446	0.56327	-0.43779	-0.13529	-0.16271	-0.17901	1.2282	-0.078043	0.5242	-1.2282	-0.075319	1.1905	-0.5242	0.43779	-0.56327	-0.0042593	-0.10259	0.078043	0.50744	-0.010894	0.010894	0.31704	0.13529	2.1018	-0.27307	0.77897	0.49192	0.16271
"135"	0.11753	0.49192	0.43779	-0.5242	-0.16271	-0.49192	0.17901	-0.31337	-1.1905	0.010894	0.50744	-0.11753	-0.49629	0.49629	0.13529	-0.77897	-0.43779	0.31337	-2.1018	-0.31704	1.1905	0.19446	2.1018	-0.19446	0.10259	0.27307	-0.075319	-1.2282	0.56327	0.0042593	-0.17901	-0.10639	0.77897	0.31704	-0.56327	0.16271	0.075319	0.10639	-0.13529	-0.10259	0.078043	0.5242	0.63296	-0.63296	-0.50744	-0.0042593	1.2282	-0.010894	-0.27307	-0.078043
"136"	0.63296	0.10259	0.77897	1.1905	0.43779	-0.10639	0.16271	-0.16271	-0.27307	-0.10259	-0.31337	-0.49629	-0.56327	0.31337	0.5242	-0.075319	0.010894	-0.77897	0.49192	-0.13529	0.49629	0.31704	-0.010894	-0.078043	0.0042593	-0.19446	-0.11753	0.10639	-0.17901	-1.2282	-2.1018	-0.50744	1.2282	-0.43779	0.13529	0.11753	0.27307	0.56327	2.1018	-0.49192	-0.5242	-1.1905	-0.0042593	0.19446	-0.31704	0.078043	0.17901	0.075319	-0.63296	0.50744
"137"	-0.31337	-0.11753	0.27307	-0.77897	-0.13529	0.010894	0.56327	0.0042593	0.10639	-0.56327	-0.63296	1.1905	-0.10639	-0.16271	0.11753	-1.2282	0.43779	0.10259	-0.50744	0.17901	0.078043	-0.49192	0.50744	0.63296	0.77897	0.49629	-0.27307	2.1018	-0.10259	-2.1018	0.5242	1.2282	-0.19446	-0.078043	-0.49629	0.31337	-0.43779	0.16271	0.13529	0.49192	-0.075319	-1.1905	0.19446	-0.010894	-0.0042593	0.075319	-0.31704	-0.17901	-0.5242	0.31704
"138"	-0.31337	0.31337	-0.49192	0.49192	0.010894	0.19446	-2.1018	0.0042593	0.5242	-0.50744	1.2282	-0.56327	2.1018	-0.77897	0.50744	0.49629	-0.27307	-0.13529	-0.31704	-0.075319	-1.2282	-0.63296	0.31704	-1.1905	0.10639	-0.010894	0.13529	0.078043	0.17901	1.1905	-0.43779	0.63296	0.16271	-0.10639	-0.078043	-0.10259	0.10259	-0.5242	-0.49629	-0.0042593	-0.19446	0.11753	-0.17901	0.27307	-0.11753	0.43779	-0.16271	0.56327	0.77897	0.075319
"139"	0.11753	0.31704	0.19446	-0.56327	0.10639	-0.50744	0.078043	0.56327	1.1905	0.5242	-0.17901	0.0042593	1.2282	-0.31337	2.1018	-0.11753	-0.27307	0.49192	0.77897	0.27307	-1.2282	-1.1905	-0.010894	-0.49629	-0.77897	0.43779	-0.43779	0.010894	-0.075319	-0.63296	-0.078043	-0.19446	-0.10639	0.49629	0.16271	-0.16271	-0.13529	0.50744	0.31337	-0.31704	0.63296	0.075319	0.17901	-0.5242	-2.1018	0.10259	0.13529	-0.10259	-0.49192	-0.0042593
"140"	0.31337	0.16271	-0.17901	-0.13529	-0.49629	0.0042593	-0.10259	0.77897	0.27307	-0.56327	-1.1905	0.010894	-0.31337	0.10259	-0.43779	0.31704	2.1018	-0.16271	1.2282	0.43779	0.078043	-0.77897	-0.19446	0.17901	1.1905	-1.2282	-0.31704	-0.63296	-0.27307	-0.010894	-0.10639	0.10639	0.11753	-0.075319	0.5242	0.19446	-0.078043	-0.11753	0.13529	-0.5242	-0.0042593	-0.49192	0.49629	0.075319	-0.50744	0.50744	0.49192	0.56327	0.63296	-2.1018
"141"	0.16271	-2.1018	-0.27307	-0.075319	-0.50744	-0.19446	-0.43779	-0.10639	-0.49192	0.078043	-0.010894	-0.31337	-0.078043	-0.11753	-1.2282	0.10639	0.49629	-0.10259	0.0042593	0.13529	0.50744	-0.49629	0.5242	2.1018	-0.77897	0.010894	1.1905	0.075319	0.49192	0.43779	0.19446	0.63296	-1.1905	-0.13529	1.2282	-0.0042593	-0.56327	0.10259	-0.5242	0.17901	0.77897	0.31704	0.11753	0.56327	-0.31704	0.31337	-0.17901	-0.16271	-0.63296	0.27307
"142"	-0.0042593	1.2282	0.10259	0.77897	-0.27307	-0.13529	0.27307	-0.50744	-0.10259	-0.10639	0.5242	0.63296	-1.2282	-0.17901	-0.078043	0.49192	0.43779	0.19446	-2.1018	0.11753	2.1018	0.31704	0.17901	0.10639	-0.49192	-0.16271	0.13529	-0.075319	-0.19446	-0.43779	-0.63296	-0.77897	-0.010894	-1.1905	-0.11753	0.075319	0.010894	0.16271	0.49629	0.56327	-0.56327	1.1905	-0.31337	0.078043	0.0042593	0.50744	-0.31704	0.31337	-0.5242	-0.49629
"143"	0.16271	-0.5242	0.10639	-0.075319	-0.19446	0.17901	-0.11753	0.078043	0.27307	0.50744	-0.56327	0.43779	-0.63296	0.5242	-2.1018	-0.50744	-0.10639	-0.49629	-0.77897	-0.31337	0.77897	-0.16271	-0.31704	0.63296	0.19446	-0.010894	-0.49192	0.11753	0.10259	2.1018	0.075319	-1.2282	1.2282	-0.17901	-0.0042593	0.010894	-0.43779	0.49629	0.31704	0.13529	1.1905	0.0042593	0.56327	-0.10259	0.31337	-1.1905	0.49192	-0.13529	-0.27307	-0.078043
"144"	-0.13529	0.49192	-0.0042593	0.63296	-0.31704	0.16271	0.31337	0.19446	0.078043	-0.17901	-0.77897	-0.31337	2.1018	0.010894	0.43779	-2.1018	-0.5242	-1.1905	-0.075319	-0.10639	0.10639	0.31704	-0.11753	-0.43779	0.49629	-0.49629	-1.2282	-0.10259	0.13529	-0.63296	-0.50744	-0.27307	0.11753	-0.16271	-0.19446	-0.078043	0.075319	0.50744	0.77897	0.0042593	1.1905	-0.49192	0.5242	0.10259	0.27307	-0.010894	0.56327	-0.56327	0.17901	1.2282
"145"	-0.77897	-1.2282	-0.13529	0.11753	-0.31337	0.075319	-0.43779	-0.27307	-0.078043	0.63296	-0.10259	-0.56327	-0.49192	0.19446	-0.11753	0.77897	0.43779	-0.010894	0.31704	-0.50744	1.1905	-2.1018	-0.19446	-0.49629	0.17901	-0.5242	-1.1905	0.010894	-0.31704	0.16271	-0.63296	0.56327	-0.075319	0.31337	0.0042593	0.10259	-0.10639	0.27307	-0.16271	-0.0042593	0.10639	-0.17901	0.5242	1.2282	0.078043	0.13529	0.49192	2.1018	0.50744	0.49629
"146"	-0.13529	0.0042593	1.2282	0.31337	-0.0042593	-0.11753	0.078043	-0.77897	0.27307	-0.31704	-1.1905	-0.010894	0.5242	-0.078043	0.63296	2.1018	-0.10639	-0.17901	-0.10259	-0.075319	-0.31337	-2.1018	0.010894	1.1905	0.43779	0.50744	0.10639	0.56327	-0.63296	-0.50744	0.11753	0.31704	-0.49192	0.49629	0.075319	0.77897	-0.19446	-1.2282	0.10259	-0.56327	-0.27307	-0.5242	0.17901	0.16271	-0.49629	-0.43779	-0.16271	0.49192	0.19446	0.13529
"147"	-0.19446	-0.63296	-0.31704	0.075319	-0.49192	-2.1018	-0.56327	-0.50744	-0.17901	-0.0042593	-0.10259	-0.13529	0.49629	0.078043	0.11753	0.56327	-0.27307	0.16271	-0.31337	-0.43779	0.31337	0.49192	-1.1905	0.0042593	0.19446	-0.77897	-0.49629	0.13529	0.50744	-1.2282	1.1905	0.10639	0.010894	-0.078043	1.2282	0.5242	0.77897	2.1018	-0.10639	0.31704	-0.5242	0.10259	0.63296	-0.16271	0.43779	-0.010894	0.17901	-0.11753	0.27307	-0.075319
"148"	0.078043	-0.63296	2.1018	1.1905	-0.19446	-0.77897	0.075319	-0.5242	0.17901	0.19446	-0.50744	-0.10259	0.77897	-0.075319	-2.1018	0.10639	-1.1905	-0.13529	0.50744	0.31704	-0.43779	0.13529	0.5242	0.27307	-0.49629	0.11753	-0.27307	0.010894	-1.2282	-0.56327	-0.17901	0.16271	0.10259	1.2282	0.31337	-0.078043	-0.16271	-0.10639	-0.31704	0.43779	-0.010894	-0.49192	0.49629	-0.31337	0.49192	0.63296	0.56327	0.0042593	-0.0042593	-0.11753
"149"	0.5242	-0.27307	0.56327	-0.10259	0.49192	0.17901	0.010894	0.0042593	-1.1905	-1.2282	0.49629	1.1905	0.27307	-0.31337	-0.77897	0.77897	0.19446	0.16271	-0.5242	0.31704	-0.16271	-0.43779	-0.11753	-2.1018	-0.0042593	0.63296	0.10259	0.31337	-0.075319	-0.31704	-0.13529	-0.63296	2.1018	-0.49192	0.11753	0.075319	0.13529	-0.49629	-0.19446	-0.56327	0.50744	-0.078043	0.43779	0.10639	-0.50744	1.2282	0.078043	-0.17901	-0.010894	-0.10639
"150"	0.31704	0.63296	-0.31337	0.43779	-0.13529	0.50744	0.078043	-0.77897	0.5242	0.77897	0.13529	-0.63296	-0.075319	-0.27307	-0.16271	0.075319	1.1905	-2.1018	-0.31704	-0.11753	-1.1905	0.010894	-0.43779	0.49629	0.0042593	0.11753	0.27307	-0.10259	-0.010894	0.17901	-0.56327	0.19446	0.10259	-0.5242	-0.49192	-1.2282	0.16271	0.10639	-0.0042593	-0.49629	-0.50744	1.2282	-0.10639	2.1018	0.49192	-0.19446	-0.17901	0.56327	0.31337	-0.078043
"151"	-0.49629	-0.11753	0.49629	0.49192	0.63296	0.56327	-0.77897	-1.2282	0.0042593	1.2282	-0.63296	-0.56327	0.11753	2.1018	0.27307	-0.27307	0.43779	0.31704	-0.13529	0.075319	-0.075319	-0.49192	0.13529	0.5242	-0.31704	-0.16271	-0.078043	-0.0042593	-0.5242	-0.17901	0.16271	-0.43779	0.77897	-0.19446	0.19446	0.078043	1.1905	0.50744	-0.10259	0.31337	-0.31337	-0.50744	0.10259	-1.1905	-0.10639	0.17901	-2.1018	-0.010894	0.010894	0.10639
"152"	0.49192	0.075319	-0.31337	0.078043	-0.77897	-0.078043	0.50744	-0.49629	0.17901	-0.43779	-0.5242	0.31337	-0.27307	0.49629	0.19446	0.77897	1.2282	0.010894	1.1905	-1.1905	-0.16271	0.10259	-0.11753	-0.31704	0.10639	-2.1018	-0.49192	0.31704	-0.13529	0.11753	0.27307	-0.010894	-0.17901	0.56327	-0.63296	2.1018	-0.075319	0.16271	-0.19446	-0.56327	0.5242	0.63296	-0.10639	-0.50744	0.0042593	-1.2282	0.43779	-0.0042593	-0.10259	0.13529
"153"	-0.49192	-0.31704	0.5242	0.63296	-0.078043	0.49629	-0.10639	-0.49629	0.56327	0.50744	0.31704	-0.50744	0.27307	-0.43779	-0.13529	0.13529	0.0042593	0.77897	0.075319	-0.17901	0.43779	-0.31337	0.078043	0.10639	0.31337	-0.77897	1.2282	-0.10259	-1.1905	0.010894	-0.010894	-0.19446	0.10259	-0.11753	-0.27307	-0.075319	0.17901	-1.2282	-0.5242	-0.16271	0.11753	2.1018	-0.0042593	0.19446	0.49192	1.1905	0.16271	-0.63296	-0.56327	-2.1018
"154"	-0.5242	0.49629	-0.010894	-0.11753	-0.16271	1.1905	0.31704	-0.49192	0.10639	0.16271	0.31337	-0.19446	0.010894	-2.1018	0.17901	0.19446	-0.43779	0.49192	-0.10259	-1.2282	-0.63296	-0.27307	0.13529	0.43779	-0.56327	-0.31337	-0.078043	1.2282	0.27307	0.10259	-0.50744	-0.17901	0.078043	0.0042593	0.11753	-0.075319	0.63296	0.075319	-0.0042593	-0.31704	-0.77897	-0.10639	0.56327	-0.49629	-0.13529	0.50744	0.77897	0.5242	-1.1905	2.1018
"155"	0.078043	0.5242	-0.63296	0.43779	0.11753	-0.43779	-0.5242	-0.13529	-0.49192	0.075319	-2.1018	0.56327	0.10259	0.63296	1.1905	-0.0042593	-0.77897	-0.31337	-0.31704	-1.2282	0.19446	-0.010894	-0.10639	-1.1905	-0.17901	0.27307	-0.16271	0.77897	-0.10259	-0.075319	0.17901	0.16271	-0.11753	0.50744	-0.50744	0.10639	1.2282	-0.19446	0.13529	-0.56327	-0.27307	0.010894	0.31337	0.31704	0.49629	-0.49629	0.49192	-0.078043	0.0042593	2.1018
"156"	-0.17901	0.17901	0.10639	0.63296	0.49629	0.13529	0.56327	-0.43779	0.0042593	-0.77897	-0.50744	-0.31704	-1.2282	-2.1018	0.27307	0.10259	0.50744	-0.56327	-0.16271	2.1018	0.31704	0.078043	-0.010894	0.16271	1.1905	0.31337	-0.5242	0.19446	0.010894	-0.11753	-0.078043	-1.1905	-0.49629	0.77897	-0.19446	0.11753	1.2282	-0.0042593	0.49192	-0.27307	-0.075319	0.43779	-0.31337	-0.63296	-0.10639	0.5242	-0.13529	-0.49192	0.075319	-0.10259
"157"	-0.77897	-0.63296	-1.1905	0.49192	0.13529	-0.49629	0.10259	0.17901	1.1905	0.56327	0.19446	0.10639	0.27307	-2.1018	-0.10259	-0.078043	0.50744	-0.010894	-0.43779	-0.075319	0.77897	0.0042593	0.078043	-0.56327	0.075319	-0.0042593	-0.31704	0.11753	1.2282	-0.49192	0.16271	0.31704	0.43779	-0.13529	-0.27307	0.63296	-0.11753	0.010894	0.31337	0.5242	0.49629	-0.10639	-0.50744	2.1018	-0.19446	-0.17901	-0.16271	-0.5242	-1.2282	-0.31337
"158"	-0.075319	0.77897	0.010894	2.1018	-2.1018	-0.078043	0.49629	0.16271	-0.5242	0.63296	0.43779	-0.10259	0.078043	-0.0042593	0.50744	0.31337	0.075319	-0.31337	-0.50744	-0.010894	0.10259	-0.13529	-1.1905	0.27307	-1.2282	-0.77897	-0.19446	1.2282	0.17901	-0.43779	0.19446	-0.49192	0.10639	-0.49629	-0.17901	0.49192	0.11753	-0.11753	0.0042593	-0.63296	-0.56327	0.56327	1.1905	0.31704	-0.16271	-0.10639	-0.31704	0.13529	-0.27307	0.5242
"159"	-0.0042593	-1.2282	0.63296	2.1018	-0.77897	-0.49629	-0.31704	0.50744	0.19446	-0.43779	0.10639	0.56327	-0.31337	0.27307	-0.49192	-0.17901	-0.5242	0.49192	1.1905	0.16271	0.10259	0.075319	-0.10259	0.31704	0.17901	-1.1905	0.010894	-0.50744	1.2282	0.0042593	-0.11753	0.13529	-0.010894	0.49629	-0.078043	0.078043	-0.16271	-0.63296	0.11753	-2.1018	-0.075319	-0.10639	-0.13529	-0.56327	0.31337	-0.19446	0.77897	-0.27307	0.5242	0.43779
"160"	0.31337	-0.16271	0.078043	0.0042593	0.19446	-0.0042593	0.56327	0.10639	0.13529	2.1018	0.27307	-0.50744	0.49629	-0.10639	-0.77897	0.77897	-1.2282	-2.1018	0.17901	-0.5242	0.50744	-0.63296	-0.078043	-0.010894	-0.49192	-0.17901	0.5242	0.010894	0.49192	-1.1905	0.10259	-0.49629	1.2282	0.075319	0.16271	0.43779	0.63296	-0.56327	-0.19446	-0.075319	-0.31704	0.11753	-0.13529	-0.27307	-0.10259	-0.31337	-0.43779	-0.11753	1.1905	0.31704
"161"	0.010894	-0.13529	-0.10639	-0.16271	-0.17901	0.63296	-0.27307	0.50744	-0.10259	0.16271	0.10259	1.2282	1.1905	-0.43779	0.19446	-0.77897	-0.078043	0.0042593	0.5242	0.078043	0.13529	-0.49629	-2.1018	-0.63296	-0.49192	-0.010894	-0.31337	0.31337	0.10639	2.1018	0.43779	-0.19446	0.49192	-1.2282	-0.5242	0.56327	-0.31704	0.17901	-0.56327	-0.11753	-0.50744	-0.075319	0.31704	0.27307	0.11753	-0.0042593	0.075319	-1.1905	0.77897	0.49629
"162"	-0.63296	-0.10639	-0.31337	1.2282	-0.19446	0.078043	0.77897	-0.50744	0.10639	-1.1905	0.010894	-0.075319	-0.43779	-0.17901	0.50744	-0.31704	0.19446	-0.49629	0.075319	0.11753	0.49629	0.17901	-2.1018	-0.5242	-0.11753	-0.13529	1.1905	0.43779	-0.0042593	-0.16271	-1.2282	0.10259	0.27307	0.0042593	-0.49192	0.63296	0.49192	0.13529	-0.078043	0.31704	2.1018	0.56327	0.16271	-0.010894	-0.56327	0.31337	0.5242	-0.10259	-0.77897	-0.27307
"163"	0.31337	-0.49629	-0.49192	2.1018	-0.0042593	0.49192	-0.16271	0.0042593	-2.1018	-0.17901	-0.19446	-0.5242	-0.010894	-0.50744	0.56327	-0.11753	0.16271	0.63296	-0.10259	0.13529	0.010894	-0.31337	0.31704	1.2282	0.27307	0.078043	-0.43779	-0.31704	-0.078043	-0.075319	0.10639	0.17901	-0.13529	1.1905	0.19446	-0.56327	0.5242	-0.77897	-1.2282	-0.27307	0.075319	-0.63296	0.43779	0.10259	-1.1905	0.77897	-0.10639	0.11753	0.50744	0.49629
"164"	1.2282	-0.77897	0.0042593	-0.075319	-0.19446	0.50744	-0.13529	0.078043	0.43779	-0.31704	2.1018	0.10259	-0.43779	0.63296	0.010894	-2.1018	-0.11753	0.49629	0.075319	-0.10639	-0.27307	0.13529	-0.56327	-1.2282	-0.63296	0.5242	-0.31337	-0.50744	0.27307	-0.17901	-0.49629	0.31337	0.31704	0.77897	0.49192	-0.10259	0.19446	0.11753	-0.49192	-0.0042593	-0.5242	-1.1905	0.56327	-0.010894	0.17901	0.10639	-0.078043	-0.16271	0.16271	1.1905
"165"	-0.31704	0.27307	-0.11753	-0.63296	-0.010894	1.2282	0.0042593	-0.075319	-0.10639	0.078043	0.77897	-0.50744	-0.17901	-0.0042593	-0.16271	0.11753	-0.19446	0.49629	0.31337	0.5242	0.56327	0.10639	-0.43779	-0.10259	-0.078043	0.19446	-0.13529	0.10259	1.1905	-2.1018	-0.49192	0.50744	-0.5242	-0.77897	0.17901	0.010894	-0.56327	-1.2282	0.16271	0.43779	0.13529	0.49192	-0.31337	2.1018	-0.27307	0.63296	-0.49629	0.31704	0.075319	-1.1905
"166"	2.1018	0.27307	0.31337	-1.1905	-0.10639	-0.31337	-0.19446	-0.010894	0.49192	-0.078043	0.10639	0.075319	0.078043	0.0042593	-0.63296	0.13529	0.43779	-0.11753	-0.10259	0.49629	0.77897	0.5242	-0.50744	0.50744	-0.0042593	0.56327	1.2282	-0.49629	-0.13529	0.63296	-1.2282	-0.43779	-0.56327	-0.075319	-0.31704	-0.16271	0.17901	-0.5242	0.010894	-0.49192	0.10259	-0.27307	0.31704	-0.77897	0.11753	0.19446	-0.17901	0.16271	1.1905	-2.1018
"167"	-0.77897	0.13529	0.16271	-0.010894	-0.11753	0.77897	0.5242	0.10639	0.075319	-1.2282	-0.31337	-1.1905	-0.49192	0.11753	0.49192	-0.43779	-0.27307	-0.5242	0.43779	-0.63296	1.2282	0.27307	0.17901	-0.078043	-0.56327	-0.17901	-0.13529	0.10259	2.1018	0.50744	-0.50744	-2.1018	-0.10259	-0.31704	-0.19446	0.63296	0.49629	0.19446	-0.16271	-0.49629	0.078043	0.56327	-0.10639	-0.0042593	0.010894	0.31704	-0.075319	1.1905	0.31337	0.0042593
"168"	0.56327	0.0042593	-0.43779	0.77897	-0.31337	0.10639	-1.2282	-2.1018	-0.075319	-0.11753	-0.078043	0.010894	0.078043	0.13529	1.1905	-0.49192	-0.010894	-0.50744	1.2282	0.16271	0.5242	2.1018	0.49192	-0.17901	-0.63296	-0.13529	-0.27307	-0.77897	-0.10639	-0.19446	-0.56327	-0.31704	0.31704	0.50744	0.27307	0.10259	0.31337	0.43779	0.17901	0.49629	-0.5242	-0.0042593	-0.10259	-0.16271	0.075319	0.11753	0.63296	0.19446	-1.1905	-0.49629
"169"	-0.31337	-0.27307	0.63296	0.010894	-0.010894	-0.11753	-0.13529	-0.10639	0.31704	0.17901	0.31337	1.2282	1.1905	-0.0042593	0.56327	0.078043	0.10259	-0.63296	-0.49192	-0.50744	-0.19446	-0.078043	0.27307	0.13529	-1.2282	0.19446	0.43779	0.11753	0.77897	0.10639	2.1018	-0.16271	-2.1018	-0.17901	0.49192	0.0042593	-0.77897	-1.1905	0.5242	0.49629	-0.31704	-0.56327	-0.49629	-0.43779	-0.5242	0.50744	0.075319	-0.10259	-0.075319	0.16271
"170"	-0.075319	-0.10639	0.49629	0.43779	1.1905	-0.56327	0.27307	-0.5242	-0.10259	-0.50744	0.075319	-0.010894	0.10639	0.11753	-0.19446	0.50744	-0.13529	0.010894	-1.1905	-1.2282	-0.77897	0.31704	-0.49192	-0.078043	-0.17901	0.17901	0.5242	1.2282	0.56327	-0.11753	0.77897	0.16271	0.0042593	-0.0042593	0.078043	-0.16271	0.10259	0.63296	-0.31704	0.49192	-0.49629	-0.43779	-0.27307	0.31337	-0.63296	0.19446	0.13529	-2.1018	-0.31337	2.1018
"171"	-0.31337	-1.1905	-1.2282	-0.5242	-0.010894	1.2282	-0.31704	0.43779	-0.19446	-0.43779	0.075319	-0.16271	0.56327	-0.10639	2.1018	0.49629	0.27307	-0.17901	-0.078043	0.5242	-0.0042593	0.078043	0.13529	0.31704	0.010894	-0.49192	-0.11753	0.0042593	0.17901	0.19446	0.49192	-0.50744	-0.10259	0.10639	0.10259	0.31337	0.77897	-0.27307	0.50744	-0.49629	-0.075319	-0.77897	0.11753	-0.56327	0.16271	0.63296	-2.1018	-0.13529	-0.63296	1.1905
"172"	0.56327	-0.19446	-0.16271	-0.43779	-1.2282	-0.50744	-0.27307	-0.11753	-0.075319	-0.31704	-0.10259	2.1018	-0.10639	0.43779	-0.078043	0.16271	0.17901	0.010894	0.49192	-2.1018	0.50744	-1.1905	0.77897	-0.77897	-0.0042593	0.5242	0.075319	0.27307	-0.56327	0.10639	0.0042593	-0.13529	1.1905	-0.5242	0.31337	0.31704	0.63296	1.2282	-0.31337	0.11753	0.49629	0.10259	0.078043	-0.17901	0.19446	-0.49629	-0.63296	-0.49192	-0.010894	0.13529
"173"	0.010894	0.49192	-0.63296	-0.075319	0.13529	2.1018	0.63296	-0.078043	-0.16271	-0.77897	0.10639	0.77897	0.075319	0.5242	0.31337	0.10259	-0.31704	-0.13529	1.2282	1.1905	-2.1018	0.56327	0.31704	-0.0042593	-0.17901	-0.50744	0.17901	-0.10639	0.16271	0.43779	-1.1905	0.11753	-0.19446	0.27307	0.0042593	-0.56327	-0.27307	0.19446	-0.49192	-0.010894	0.49629	-0.43779	0.078043	-0.11753	-0.49629	-0.31337	0.50744	-0.10259	-0.5242	-1.2282
"174"	0.49629	0.27307	0.77897	-0.10259	-0.0042593	1.1905	-0.50744	0.078043	0.5242	0.31337	-0.19446	0.0042593	-0.075319	0.11753	-0.27307	0.10259	-2.1018	0.43779	0.10639	-1.2282	-0.49629	0.16271	-0.078043	0.19446	0.13529	-1.1905	0.075319	0.010894	0.50744	-0.63296	0.49192	-0.31704	-0.17901	-0.77897	0.63296	-0.13529	-0.16271	-0.56327	-0.10639	0.31704	-0.010894	-0.11753	-0.31337	0.17901	2.1018	0.56327	-0.43779	-0.5242	-0.49192	1.2282
"175"	1.2282	-0.078043	-0.63296	0.50744	0.56327	-0.010894	0.16271	-1.1905	0.19446	-0.11753	-0.19446	0.075319	0.5242	-0.10259	-0.0042593	-0.49629	0.10259	-0.27307	-0.49192	-0.13529	-0.77897	0.078043	0.63296	0.49629	-0.31704	0.27307	2.1018	-0.43779	0.11753	-0.50744	0.13529	-1.2282	0.31337	-0.5242	0.43779	1.1905	-0.17901	0.77897	0.0042593	0.17901	-0.16271	-0.56327	-2.1018	0.010894	0.49192	0.31704	-0.31337	0.10639	-0.075319	-0.10639
"176"	0.63296	-0.49192	-0.50744	0.31337	-0.43779	1.2282	0.77897	-0.075319	-0.63296	0.5242	0.075319	0.10639	0.49192	0.50744	-0.0042593	-0.11753	0.27307	0.078043	-0.31337	-0.10639	0.10259	-1.1905	-0.31704	0.010894	-0.17901	-0.27307	0.43779	-0.10259	0.49629	-2.1018	-0.56327	0.19446	-0.5242	-0.49629	2.1018	-0.010894	0.17901	0.16271	-0.078043	0.56327	-0.16271	-0.19446	0.13529	-0.13529	0.31704	-1.2282	0.11753	-0.77897	0.0042593	1.1905
"177"	0.49192	-0.16271	-0.31704	-0.078043	-0.27307	-0.10259	-0.49192	-0.56327	-0.11753	0.10639	-1.2282	1.1905	0.31704	-0.50744	-2.1018	0.49629	-0.31337	-0.010894	0.16271	0.31337	0.63296	-0.13529	-0.5242	0.5242	0.010894	0.078043	-1.1905	1.2282	-0.63296	-0.19446	-0.075319	-0.0042593	-0.77897	0.56327	0.43779	-0.43779	0.11753	0.17901	0.19446	0.27307	-0.17901	0.075319	0.0042593	0.50744	-0.10639	-0.49629	0.13529	0.10259	0.77897	2.1018
"178"	-0.11753	-0.27307	-1.2282	-0.078043	0.10639	0.13529	0.10259	0.63296	-0.13529	-2.1018	0.31337	-0.31337	-0.10259	0.0042593	0.27307	-0.0042593	0.31704	-0.075319	-0.77897	-0.56327	0.50744	-0.50744	0.010894	0.77897	-0.63296	0.17901	0.49192	-0.31704	-0.010894	-0.16271	0.43779	0.19446	-0.49192	0.56327	1.1905	-0.17901	0.075319	0.49629	-0.49629	0.16271	-0.43779	-0.10639	2.1018	-0.19446	-0.5242	0.5242	-1.1905	1.2282	0.11753	0.078043
"179"	-0.31704	0.77897	0.17901	0.075319	-0.31337	-0.19446	0.31704	-1.2282	-0.49192	0.078043	-0.63296	0.43779	-0.27307	-0.10259	-0.078043	1.1905	-0.10639	0.31337	0.49629	2.1018	-0.50744	-1.1905	-0.0042593	0.10259	0.63296	-0.13529	0.49192	-0.56327	0.010894	0.10639	-0.010894	0.0042593	-0.43779	-0.16271	0.56327	-0.49629	-2.1018	-0.17901	-0.77897	-0.075319	0.27307	0.16271	0.50744	-0.11753	-0.5242	0.5242	0.13529	0.19446	0.11753	1.2282
"180"	-0.10259	0.16271	0.19446	1.1905	-1.2282	-0.43779	0.43779	0.49192	-0.17901	-0.27307	0.50744	0.10259	-0.5242	-0.63296	0.77897	0.075319	-0.49629	0.11753	0.13529	0.49629	-0.16271	-2.1018	-0.0042593	0.31704	1.2282	0.63296	0.17901	2.1018	-0.50744	0.31337	-0.31337	0.27307	0.10639	0.0042593	-0.56327	-0.77897	0.56327	0.010894	0.078043	-0.078043	-0.31704	-0.11753	-0.10639	0.5242	-0.49192	-0.19446	-0.010894	-0.13529	-1.1905	-0.075319
"181"	0.078043	0.17901	0.49629	-0.010894	0.075319	-0.56327	-0.43779	-1.1905	-2.1018	-0.50744	-0.5242	0.16271	0.50744	0.77897	-0.77897	0.0042593	-0.31704	0.10639	-0.13529	0.10259	-0.63296	-0.11753	0.56327	-0.49192	0.31337	0.31704	2.1018	-1.2282	-0.078043	-0.49629	-0.0042593	1.1905	0.010894	-0.31337	1.2282	-0.27307	0.11753	0.13529	0.19446	-0.16271	0.63296	-0.10259	0.49192	0.27307	-0.17901	-0.19446	-0.075319	0.43779	0.5242	-0.10639
"182"	0.010894	0.5242	-0.31704	-0.43779	0.77897	-0.50744	0.31337	0.50744	-1.1905	-0.0042593	-0.16271	1.1905	-0.11753	0.63296	-0.63296	-0.49629	-0.10259	-0.31337	0.56327	0.11753	0.078043	-0.19446	2.1018	-0.5242	-0.13529	-0.17901	-0.27307	0.49629	1.2282	0.16271	0.10639	0.0042593	-1.2282	-0.77897	-0.10639	0.49192	-2.1018	-0.56327	0.10259	-0.49192	0.43779	-0.078043	0.17901	-0.010894	0.13529	0.27307	0.075319	0.31704	0.19446	-0.075319
"183"	0.11753	1.1905	-0.010894	-0.27307	-0.5242	-0.31704	0.43779	-2.1018	0.31337	0.13529	-0.10639	-0.17901	-0.31337	0.27307	-0.50744	-1.2282	0.77897	0.10639	0.49192	0.0042593	0.63296	-0.078043	-0.19446	-0.16271	0.56327	-0.0042593	-0.49629	0.010894	0.31704	-0.77897	0.075319	0.5242	0.16271	0.078043	1.2282	0.17901	-0.49192	-0.56327	-0.075319	-0.13529	-0.11753	0.10259	0.49629	0.19446	-0.10259	2.1018	-0.43779	-1.1905	-0.63296	0.50744
"184"	-0.31704	-0.19446	0.31337	1.2282	0.078043	-0.17901	2.1018	-0.075319	-0.27307	0.075319	0.19446	-0.56327	0.56327	-0.63296	0.49192	0.77897	-0.77897	-0.5242	-0.31337	-0.43779	0.27307	-0.10639	-0.50744	-0.10259	0.0042593	-2.1018	0.16271	0.50744	0.5242	-0.49192	0.63296	0.31704	-0.16271	0.10259	0.17901	-0.010894	1.1905	-1.1905	0.10639	-1.2282	-0.078043	-0.49629	-0.13529	0.49629	-0.11753	0.010894	0.11753	-0.0042593	0.13529	0.43779
"185"	0.078043	-0.11753	-0.075319	0.50744	1.1905	-0.13529	0.17901	-2.1018	-0.0042593	0.49192	-0.49629	-0.49192	-0.56327	0.31337	-0.10639	0.19446	0.11753	-0.77897	0.10259	-0.43779	0.0042593	-0.5242	-0.31337	0.43779	-0.27307	-0.010894	0.27307	-0.16271	-0.17901	0.31704	2.1018	0.16271	-1.1905	0.5242	0.63296	-1.2282	-0.10259	-0.50744	0.010894	1.2282	0.075319	-0.078043	0.77897	0.13529	0.56327	-0.31704	0.10639	0.49629	-0.19446	-0.63296
"186"	-0.63296	0.13529	0.10639	-0.31337	0.5242	-0.10259	-0.27307	-0.010894	-0.56327	-0.19446	0.17901	-0.50744	1.1905	-0.49629	-0.16271	-0.11753	0.075319	-2.1018	-0.17901	-0.13529	-0.0042593	0.0042593	0.63296	-0.77897	-1.2282	-0.31704	0.078043	0.49629	0.77897	0.27307	-0.43779	0.010894	-0.075319	0.16271	0.11753	-0.49192	0.43779	2.1018	1.2282	-0.078043	0.31337	-0.5242	0.56327	0.50744	0.49192	-0.10639	0.19446	0.31704	0.10259	-1.1905
"187"	0.49629	-1.1905	-0.49629	0.0042593	1.1905	0.17901	-0.16271	-0.13529	-0.0042593	2.1018	-0.77897	0.19446	0.27307	-0.19446	0.56327	0.010894	0.10259	-0.11753	0.075319	-0.17901	0.11753	-0.56327	0.77897	0.16271	-2.1018	-0.10639	-0.5242	0.5242	-0.010894	0.13529	0.49192	-0.63296	-0.50744	-0.31337	0.63296	-0.31704	0.10639	-0.27307	-0.10259	0.31337	-0.078043	-0.43779	-1.2282	1.2282	-0.49192	0.43779	0.078043	-0.075319	0.31704	0.50744
"188"	-0.63296	-2.1018	0.16271	-0.56327	-0.10259	-1.2282	-0.27307	0.17901	-0.078043	0.49629	-0.11753	0.77897	0.56327	-0.16271	-0.50744	0.11753	0.10639	0.63296	0.31704	-0.31704	0.010894	0.50744	0.49192	0.078043	-0.49192	-0.17901	1.2282	-0.19446	-0.13529	-1.1905	-0.43779	0.31337	-0.5242	-0.77897	-0.010894	-0.10639	0.0042593	2.1018	-0.0042593	0.27307	0.075319	-0.49629	1.1905	0.10259	-0.31337	0.19446	0.43779	0.13529	0.5242	-0.075319
"189"	-0.075319	0.63296	-0.16271	0.10639	-0.0042593	0.078043	-0.56327	0.11753	-0.49629	0.13529	-0.010894	-0.31337	2.1018	-0.43779	-0.49192	0.49192	0.31337	-0.078043	-0.50744	-0.17901	-0.10639	-2.1018	0.5242	-0.10259	-0.77897	-0.11753	0.10259	0.31704	0.56327	-0.63296	-1.2282	-1.1905	-0.19446	1.2282	0.43779	0.77897	0.19446	0.49629	0.27307	-0.13529	0.0042593	0.16271	0.010894	0.075319	1.1905	-0.31704	-0.27307	0.50744	0.17901	-0.5242
"190"	-0.13529	-0.31337	-0.5242	-0.17901	-0.10639	1.2282	-0.43779	0.10259	1.1905	0.31337	0.10639	-0.10259	0.13529	0.17901	-1.2282	0.50744	-0.19446	0.0042593	0.43779	0.49192	-0.078043	-2.1018	0.63296	0.5242	-0.075319	0.075319	-0.11753	0.11753	0.49629	-0.27307	-0.49629	-0.50744	0.77897	0.31704	-0.0042593	-0.010894	0.16271	2.1018	0.078043	-0.31704	-0.16271	0.56327	-0.49192	-0.63296	0.27307	-0.77897	0.010894	0.19446	-1.1905	-0.56327
"191"	-2.1018	-0.010894	-0.77897	0.0042593	-0.50744	0.11753	-0.63296	0.49192	0.5242	0.16271	-0.5242	-0.27307	0.50744	2.1018	0.56327	0.13529	0.31337	0.19446	-0.078043	-0.49629	-0.11753	0.17901	0.77897	-0.0042593	-0.10259	0.49629	-0.31704	-0.16271	0.075319	0.078043	-0.43779	1.2282	0.010894	-0.56327	-0.13529	0.10259	1.1905	-0.075319	-0.31337	0.63296	-1.2282	-0.10639	0.10639	0.31704	-0.49192	-0.17901	-1.1905	0.43779	0.27307	-0.19446
"192"	0.5242	2.1018	-0.27307	0.10639	-0.010894	-0.43779	0.56327	-0.56327	1.1905	-0.49192	-0.11753	0.19446	1.2282	0.11753	0.77897	0.16271	-0.31704	0.43779	0.078043	0.27307	0.075319	-0.31337	-0.49629	0.31704	-0.10639	-0.078043	-1.2282	0.17901	0.0042593	-0.19446	-0.77897	0.10259	-0.075319	0.50744	-0.10259	-1.1905	0.010894	-0.63296	-0.13529	-2.1018	0.31337	0.49629	-0.0042593	0.49192	0.63296	-0.17901	-0.50744	-0.16271	-0.5242	0.13529
"193"	0.56327	-0.49629	-1.1905	-0.0042593	-0.078043	0.13529	2.1018	-0.49192	-0.16271	0.49629	-0.50744	-1.2282	0.63296	0.11753	-0.5242	-2.1018	-0.77897	-0.17901	-0.11753	0.010894	0.078043	0.49192	-0.27307	-0.63296	-0.075319	0.16271	-0.31337	-0.19446	0.77897	0.19446	1.2282	0.0042593	0.17901	0.10639	0.10259	-0.31704	0.27307	0.5242	-0.010894	-0.10639	-0.10259	0.31337	0.075319	0.31704	-0.56327	-0.43779	0.50744	-0.13529	0.43779	1.1905
"194"	0.31704	-0.31704	0.5242	0.10259	-0.49629	0.19446	0.77897	0.43779	0.078043	-0.31337	-0.77897	0.0042593	-0.13529	0.16271	-0.63296	0.13529	-0.16271	0.31337	0.11753	-0.5242	-0.43779	-2.1018	0.50744	0.010894	-0.010894	0.075319	-1.1905	-0.0042593	-0.078043	0.49629	1.1905	0.17901	2.1018	0.49192	0.56327	-0.56327	0.63296	0.27307	-0.075319	1.2282	-1.2282	-0.49192	-0.27307	-0.19446	-0.10639	-0.10259	-0.11753	-0.17901	0.10639	-0.50744
"195"	-0.27307	0.63296	-0.19446	0.43779	0.31704	-0.13529	1.1905	-0.77897	-0.49192	-0.5242	0.10259	-0.10259	-1.1905	0.49192	-0.10639	0.11753	-0.11753	-0.43779	-0.075319	0.17901	0.50744	0.10639	0.31337	0.0042593	-0.078043	0.13529	-1.2282	0.16271	-0.56327	0.56327	-0.17901	0.77897	0.010894	0.19446	-0.31337	0.078043	1.2282	-0.31704	-0.16271	0.5242	-0.49629	-0.0042593	-0.63296	-2.1018	-0.010894	0.27307	-0.50744	0.49629	2.1018	0.075319
"196"	0.16271	-0.16271	0.10639	-0.31704	-0.63296	-0.075319	-2.1018	0.010894	0.31704	-0.77897	-0.17901	-0.49629	0.11753	-0.10639	0.56327	-1.1905	0.31337	1.2282	0.27307	-0.56327	0.0042593	-0.010894	-0.11753	-0.13529	-0.27307	-0.43779	0.17901	0.19446	-0.50744	-0.31337	-0.078043	0.078043	0.49629	0.77897	-0.0042593	0.5242	1.1905	-1.2282	0.13529	-0.10259	-0.5242	-0.19446	0.50744	0.43779	-0.49192	0.63296	0.075319	0.10259	0.49192	2.1018
"197"	0.16271	-0.63296	-0.10639	-0.17901	0.49192	-0.11753	-1.2282	2.1018	-0.078043	-0.10259	-0.19446	0.43779	-0.27307	0.078043	-1.1905	-0.77897	0.10639	0.31704	0.50744	1.1905	-0.49192	0.31337	-0.010894	-0.0042593	0.19446	-0.56327	-0.075319	0.77897	1.2282	-0.31337	0.075319	-2.1018	-0.13529	0.11753	0.5242	-0.31704	-0.43779	0.56327	0.49629	0.17901	0.27307	-0.16271	0.63296	-0.50744	-0.49629	0.010894	0.13529	0.10259	0.0042593	-0.5242
"198"	0.010894	-0.49629	1.1905	-0.5242	-0.19446	0.31704	0.16271	-1.1905	0.5242	0.10259	0.17901	1.2282	0.63296	2.1018	-0.13529	0.19446	0.075319	0.13529	0.27307	-0.63296	-0.078043	0.0042593	-0.10259	0.49629	0.10639	-0.16271	-0.27307	0.77897	-0.075319	-0.010894	-0.56327	-1.2282	0.43779	-0.0042593	-2.1018	0.078043	-0.77897	-0.43779	0.31337	0.49192	-0.17901	0.50744	-0.11753	-0.50744	-0.49192	0.11753	-0.31704	-0.10639	-0.31337	0.56327
"199"	0.63296	0.19446	0.31704	-0.17901	0.10639	-0.19446	0.49192	0.010894	-0.13529	0.50744	-0.27307	-0.49192	0.0042593	-0.075319	-0.77897	0.43779	0.49629	-0.16271	-0.56327	-2.1018	-0.0042593	1.2282	-0.63296	-0.010894	-0.10639	-1.1905	-0.49629	0.11753	0.77897	0.17901	-0.078043	1.1905	-0.31704	-1.2282	0.10259	0.5242	2.1018	-0.5242	0.13529	0.27307	0.56327	0.31337	0.078043	0.16271	0.075319	-0.31337	-0.10259	-0.43779	-0.50744	-0.11753
"200"	0.63296	-0.11753	1.1905	-0.078043	-0.10639	-0.49629	-0.56327	-0.50744	-0.5242	0.11753	0.16271	-0.43779	0.31704	0.43779	-0.16271	-1.2282	0.49629	0.17901	0.075319	-0.17901	-0.77897	-0.31704	0.13529	-0.10259	-0.0042593	0.49192	2.1018	0.10259	0.078043	0.5242	-0.31337	-0.27307	0.0042593	0.27307	-0.49192	0.010894	0.56327	-0.19446	-2.1018	0.50744	-0.075319	1.2282	0.10639	0.31337	-0.13529	0.19446	-0.010894	0.77897	-0.63296	-1.1905
"201"	-0.078043	-0.13529	-0.31337	-0.010894	-0.49192	0.11753	-0.10639	0.10639	-0.49629	-0.10259	0.5242	-0.27307	0.17901	0.16271	0.50744	-0.19446	0.078043	-1.1905	0.10259	0.19446	0.13529	2.1018	0.31337	-0.56327	0.63296	0.77897	-0.0042593	-1.2282	-0.43779	-0.31704	0.010894	0.075319	0.0042593	-0.5242	1.1905	0.49629	-0.075319	0.43779	-0.77897	0.56327	0.31704	1.2282	-0.63296	0.49192	0.27307	-0.17901	-0.50744	-0.16271	-0.11753	-2.1018
"202"	1.2282	0.10639	-0.43779	-0.078043	-1.1905	-0.010894	-0.11753	0.17901	0.10259	-0.16271	0.11753	0.31704	0.77897	0.50744	0.0042593	0.078043	-0.49629	-0.10639	-2.1018	0.19446	-0.31704	-0.17901	0.43779	0.13529	2.1018	0.63296	0.31337	-0.13529	-0.31337	-0.49192	-0.56327	-0.19446	0.49192	0.16271	0.075319	-0.10259	-1.2282	0.5242	-0.27307	0.27307	1.1905	0.010894	-0.075319	-0.77897	0.56327	-0.50744	-0.5242	-0.63296	0.49629	-0.0042593
"203"	-0.27307	-0.075319	-0.49192	0.43779	2.1018	0.31337	-0.5242	-0.010894	-0.43779	0.0042593	0.078043	-0.19446	0.56327	-2.1018	1.1905	-0.50744	-0.31337	-1.2282	0.10259	-0.11753	-0.31704	-0.16271	0.10639	-1.1905	-0.13529	0.075319	0.010894	0.31704	-0.17901	0.27307	0.50744	-0.56327	0.77897	-0.63296	0.19446	0.49192	-0.078043	0.49629	0.16271	0.13529	0.5242	-0.77897	-0.10259	0.63296	1.2282	0.17901	0.11753	-0.10639	-0.49629	-0.0042593
"204"	-0.77897	2.1018	0.13529	-0.11753	-1.2282	-0.31337	-0.5242	1.1905	0.17901	0.075319	0.49192	-0.13529	0.63296	-0.078043	0.43779	-0.43779	0.010894	-0.17901	0.10259	-1.1905	0.19446	0.56327	-0.56327	-0.63296	-2.1018	-0.16271	0.078043	0.31704	-0.19446	0.10639	0.27307	0.11753	0.5242	0.77897	-0.010894	-0.10639	0.49629	-0.10259	1.2282	-0.31704	-0.50744	-0.0042593	-0.49629	0.0042593	0.16271	-0.075319	0.50744	-0.49192	0.31337	-0.27307
"205"	-0.0042593	0.49192	0.075319	-1.1905	-0.010894	0.19446	0.50744	2.1018	-0.078043	0.63296	-0.27307	-1.2282	0.078043	-0.19446	-0.63296	1.2282	-0.10639	-0.17901	0.31337	0.13529	0.11753	-0.13529	-0.5242	1.1905	-0.31337	0.10639	0.16271	0.56327	0.0042593	0.31704	0.10259	0.5242	0.77897	0.43779	-0.31704	-0.11753	-0.49192	0.17901	-0.56327	-0.075319	-0.43779	-0.77897	0.010894	-0.50744	-2.1018	0.49629	0.27307	-0.16271	-0.10259	-0.49629
"206"	-0.49192	0.50744	0.31704	-0.13529	-0.31704	1.2282	-0.49629	0.27307	-0.010894	-0.11753	-0.075319	0.19446	0.43779	0.10639	-1.1905	0.10259	0.63296	-0.10259	0.0042593	-2.1018	0.16271	2.1018	-0.5242	1.1905	-0.50744	0.17901	0.31337	-0.0042593	0.11753	-0.16271	0.56327	-0.10639	-1.2282	0.77897	0.078043	0.075319	0.010894	0.49629	-0.31337	0.5242	-0.56327	-0.77897	-0.63296	-0.43779	0.49192	-0.27307	-0.17901	-0.19446	0.13529	-0.078043
"207"	0.16271	-0.078043	-0.075319	0.078043	0.17901	-0.10639	0.56327	0.0042593	-1.2282	-0.49192	0.13529	0.27307	0.10639	-0.16271	-0.0042593	-0.31337	-0.56327	0.63296	-0.27307	0.19446	0.43779	0.5242	-0.19446	-0.13529	0.31704	0.49629	-0.17901	1.1905	-0.49629	-0.010894	-0.43779	-1.1905	0.11753	0.50744	-2.1018	0.075319	0.49192	-0.10259	-0.31704	-0.77897	1.2282	0.31337	-0.11753	-0.50744	-0.63296	-0.5242	0.77897	0.010894	0.10259	2.1018
"208"	0.43779	0.10639	0.50744	-1.2282	-0.43779	0.078043	1.2282	-0.075319	-0.49629	-0.31337	-0.5242	0.10259	1.1905	-1.1905	-0.56327	0.27307	-0.49192	0.49192	0.11753	-0.31704	-0.11753	0.13529	0.49629	0.63296	-0.19446	0.19446	0.31337	-2.1018	0.17901	-0.078043	0.56327	-0.10259	-0.50744	-0.13529	-0.010894	-0.16271	0.075319	0.31704	-0.77897	-0.17901	-0.63296	0.010894	-0.10639	0.77897	0.16271	-0.0042593	0.0042593	-0.27307	2.1018	0.5242
"209"	0.49192	-0.11753	-0.5242	-0.13529	0.49629	0.13529	0.16271	-0.0042593	-0.10639	0.77897	-0.31704	-0.078043	-0.17901	0.075319	0.43779	0.63296	-0.49629	-0.19446	0.0042593	-0.16271	0.27307	0.31337	-0.77897	0.078043	-1.2282	-0.56327	-0.010894	0.010894	0.19446	-0.50744	-2.1018	0.5242	-0.43779	0.10639	0.50744	-0.10259	0.11753	-1.1905	1.2282	-0.49192	-0.31337	-0.27307	1.1905	-0.63296	0.56327	0.31704	2.1018	0.17901	-0.075319	0.10259
"210"	0.5242	-0.50744	0.10259	-0.49629	0.27307	-0.5242	0.010894	0.13529	-1.1905	-0.19446	-0.27307	0.49629	-0.31337	0.77897	-0.31704	2.1018	0.43779	-0.078043	0.11753	-0.10639	-0.075319	0.49192	-0.63296	-0.010894	0.19446	0.078043	0.50744	-0.16271	-0.10259	-0.17901	-0.49192	1.2282	0.17901	-1.2282	-0.77897	-2.1018	0.63296	-0.56327	1.1905	-0.11753	-0.13529	0.56327	-0.43779	0.0042593	0.075319	0.16271	0.10639	0.31704	0.31337	-0.0042593
"211"	1.2282	-0.078043	-0.17901	0.49629	-0.77897	0.16271	-0.10259	0.010894	-0.50744	-0.10639	-0.010894	-0.49192	0.77897	0.49192	0.50744	-0.56327	0.075319	-0.49629	-0.11753	0.5242	0.43779	0.10639	-0.43779	0.13529	-2.1018	-0.31704	0.31337	1.1905	2.1018	0.19446	-0.63296	-0.075319	0.63296	-0.19446	-0.5242	-1.2282	-0.16271	0.078043	-0.31337	0.17901	0.31704	-0.27307	0.11753	0.0042593	-0.13529	0.56327	0.27307	-1.1905	0.10259	-0.0042593
"212"	-0.31337	-0.10259	0.0042593	-1.2282	-0.16271	0.075319	0.43779	-0.11753	-0.77897	-0.50744	-0.31704	-0.13529	0.56327	0.10639	1.1905	0.16271	0.17901	2.1018	0.078043	-0.0042593	1.2282	0.49192	-0.10639	-2.1018	-0.078043	0.31337	-0.49629	0.11753	-0.63296	0.49629	-0.19446	-0.17901	0.63296	-0.5242	0.50744	0.13529	-0.43779	0.19446	-0.010894	-0.56327	0.010894	0.31704	0.27307	-0.075319	-0.49192	0.10259	-1.1905	-0.27307	0.5242	0.77897
"213"	0.075319	0.16271	1.1905	-0.77897	-0.50744	-0.10259	-0.11753	0.078043	0.49629	-0.075319	0.27307	-0.63296	-2.1018	0.56327	-0.010894	-0.16271	0.49192	0.31337	-0.10639	1.2282	-0.078043	-0.31337	2.1018	0.0042593	0.10639	0.43779	-0.13529	0.13529	0.11753	0.17901	0.5242	-0.27307	-0.5242	-0.17901	-0.31704	-0.0042593	-0.43779	0.31704	0.010894	-1.2282	0.63296	-0.56327	0.50744	0.19446	-0.49629	-0.19446	-1.1905	0.10259	0.77897	-0.49192
"214"	-0.10639	1.2282	0.075319	-0.31337	0.43779	-1.2282	0.0042593	-0.078043	-0.17901	0.10259	-0.49629	0.50744	0.31337	-0.56327	-1.1905	2.1018	0.16271	-0.50744	0.49629	0.49192	0.5242	0.19446	0.27307	-0.10259	0.078043	-0.010894	0.31704	-0.77897	-0.0042593	-0.16271	0.77897	0.10639	0.56327	-0.5242	1.1905	0.17901	-0.49192	0.63296	-0.27307	-0.19446	0.11753	-0.13529	-2.1018	-0.43779	-0.11753	0.13529	-0.31704	0.010894	-0.63296	-0.075319
"215"	1.1905	-0.11753	-0.13529	-0.10259	-0.56327	-0.43779	-0.0042593	0.49192	0.0042593	0.77897	0.078043	-0.19446	-1.1905	-0.31704	-0.010894	-0.49192	0.27307	0.56327	0.43779	0.075319	0.31337	-0.31337	0.5242	0.63296	-0.49629	-0.63296	-0.5242	0.10259	-0.27307	0.13529	0.31704	-0.17901	-0.075319	0.11753	0.16271	1.2282	-0.77897	-0.16271	0.19446	-0.10639	-0.50744	0.010894	-0.078043	-1.2282	0.10639	-2.1018	2.1018	0.49629	0.50744	0.17901
"216"	-0.19446	-0.11753	0.50744	0.075319	-0.13529	-0.31704	-0.010894	-0.17901	0.27307	0.078043	-0.5242	0.16271	-0.078043	0.10259	-0.31337	-0.77897	0.49192	-1.1905	0.5242	-0.63296	-0.49629	0.010894	0.49629	0.0042593	0.77897	0.31337	0.10639	-0.56327	0.63296	1.1905	-0.075319	-0.43779	-0.10259	2.1018	0.31704	-2.1018	0.19446	0.13529	-0.49192	0.43779	-0.50744	0.11753	-0.16271	0.56327	-1.2282	-0.0042593	1.2282	-0.27307	-0.10639	0.17901
"217"	-0.63296	0.31704	0.31337	-1.1905	0.49192	0.0042593	-0.77897	-0.49629	-0.56327	2.1018	-0.49192	-0.31704	-0.078043	-0.10639	-0.0042593	-0.27307	0.43779	0.13529	-0.17901	-0.50744	0.63296	0.56327	-0.5242	0.49629	0.075319	-0.075319	1.2282	-0.010894	-0.16271	0.77897	0.16271	-0.13529	-0.43779	1.1905	0.27307	0.11753	0.17901	0.5242	-0.10259	-0.31337	-0.19446	-2.1018	0.010894	0.50744	0.10259	-1.2282	0.19446	0.078043	0.10639	-0.11753
"218"	0.0042593	1.2282	-1.2282	0.078043	0.11753	0.49629	-0.31704	-0.11753	0.17901	0.50744	0.31337	-0.49192	-2.1018	-0.27307	-0.10259	0.19446	-0.19446	0.075319	-0.56327	-1.1905	-0.49629	-0.16271	-0.0042593	-0.078043	-0.13529	0.27307	-0.17901	0.010894	0.5242	0.10259	-0.010894	2.1018	-0.77897	-0.5242	0.56327	-0.50744	0.43779	0.77897	1.1905	-0.63296	0.31704	-0.31337	0.16271	0.49192	0.63296	-0.10639	-0.43779	0.13529	0.10639	-0.075319
"219"	0.49629	-0.0042593	-0.43779	0.10259	0.10639	-0.5242	0.13529	-0.50744	0.075319	-2.1018	-0.31337	0.63296	0.010894	-0.16271	-0.49629	-0.63296	-0.49192	-0.11753	-0.17901	0.56327	-1.1905	1.2282	0.0042593	0.17901	0.31337	0.5242	-0.31704	-0.27307	0.11753	0.16271	-0.10639	2.1018	-0.56327	-0.010894	0.078043	-0.77897	0.77897	0.27307	-1.2282	0.43779	-0.078043	-0.075319	-0.10259	0.50744	-0.13529	1.1905	0.31704	-0.19446	0.49192	0.19446
"220"	0.13529	-0.49629	0.31337	0.10639	-0.77897	-0.13529	-0.0042593	0.11753	0.078043	-0.078043	0.31704	0.77897	0.63296	-0.56327	0.19446	-0.075319	0.27307	2.1018	-1.2282	-0.31704	0.56327	-0.63296	-0.49192	-0.10639	-0.010894	0.0042593	0.16271	0.075319	1.1905	-0.43779	-0.11753	-0.5242	0.49629	0.5242	0.43779	0.010894	0.49192	-0.19446	-2.1018	1.2282	0.17901	-1.1905	-0.16271	-0.50744	-0.27307	-0.17901	0.10259	-0.31337	0.50744	-0.10259
"221"	-0.078043	-0.63296	0.49629	0.010894	-0.27307	-0.56327	-2.1018	-0.17901	0.16271	0.17901	-1.2282	0.50744	-0.49192	0.43779	-0.31337	0.078043	-0.11753	-0.43779	-0.77897	1.2282	0.31337	-0.075319	0.27307	0.075319	2.1018	0.10259	-0.10259	-0.16271	-0.31704	0.63296	0.10639	0.31704	-0.010894	0.56327	0.49192	-0.0042593	0.77897	-0.13529	-0.19446	-0.10639	0.5242	-0.5242	-1.1905	0.13529	0.11753	-0.49629	1.1905	0.0042593	0.19446	-0.50744
"222"	-0.49192	0.77897	0.50744	-0.50744	-1.1905	1.1905	-0.49629	0.27307	0.10639	-0.5242	0.010894	0.31704	-0.19446	0.31337	2.1018	-0.77897	-1.2282	-0.10639	-0.075319	-0.10259	-0.11753	-0.13529	0.078043	1.2282	-0.010894	-0.17901	-0.16271	-0.43779	-0.56327	0.5242	-0.0042593	0.16271	0.49629	-2.1018	0.49192	0.075319	0.63296	0.43779	0.13529	-0.31337	-0.63296	-0.27307	0.10259	0.56327	0.11753	0.17901	0.19446	-0.078043	0.0042593	-0.31704
"223"	0.56327	-0.16271	-0.43779	0.010894	-0.27307	0.77897	-0.10259	0.078043	1.1905	0.49192	0.13529	-0.010894	0.11753	-0.31704	2.1018	-0.49629	-0.13529	0.075319	0.10639	-0.5242	0.31337	0.50744	-0.17901	0.31704	-0.075319	0.0042593	-0.56327	-0.77897	0.19446	-1.2282	0.27307	0.17901	-0.63296	0.5242	-0.49192	1.2282	-0.078043	-0.10639	0.63296	-1.1905	-0.19446	-2.1018	-0.0042593	-0.31337	0.16271	0.49629	0.10259	-0.50744	0.43779	-0.11753
"224"	0.078043	0.0042593	-0.078043	-0.10259	0.075319	-0.27307	0.49629	-0.17901	-0.075319	0.77897	1.2282	0.43779	-0.56327	-0.13529	-0.63296	-1.2282	-0.49629	0.31704	-1.1905	0.50744	0.19446	-0.010894	-0.31337	-0.77897	-0.43779	0.10639	0.010894	0.27307	2.1018	-0.5242	0.17901	-0.50744	0.5242	-0.11753	0.31337	0.56327	-0.10639	0.63296	-0.16271	-0.49192	1.1905	0.13529	0.10259	0.16271	0.11753	0.49192	-0.0042593	-0.31704	-0.19446	-2.1018
"225"	0.17901	0.63296	0.10259	-0.56327	-0.49629	0.19446	0.56327	0.43779	0.50744	-0.50744	-0.27307	-0.77897	1.2282	-0.31704	-0.11753	0.13529	0.49192	-0.078043	0.11753	-0.16271	-2.1018	1.1905	0.075319	0.0042593	0.31704	-0.075319	-0.010894	0.49629	0.078043	-0.63296	-0.19446	-0.10639	-0.31337	-0.0042593	0.31337	-0.13529	0.27307	-1.2282	0.5242	-0.5242	0.10639	0.77897	-0.49192	0.010894	-1.1905	0.16271	-0.10259	-0.43779	2.1018	-0.17901
"226"	0.49629	0.27307	1.1905	-0.11753	-0.63296	0.63296	-0.56327	-1.2282	-0.31337	0.5242	-0.27307	-0.31704	0.10259	-0.49192	-0.49629	1.2282	-0.77897	0.11753	0.19446	0.10639	-2.1018	-0.010894	-0.10639	-0.0042593	0.31704	0.77897	0.17901	-0.5242	0.50744	0.56327	-0.16271	0.0042593	-1.1905	-0.17901	0.16271	0.078043	-0.075319	-0.50744	0.43779	-0.13529	2.1018	-0.078043	0.075319	0.13529	-0.10259	-0.43779	-0.19446	0.49192	0.010894	0.31337
"227"	0.10259	0.16271	0.19446	0.31704	0.63296	-0.56327	-0.77897	0.078043	-1.1905	0.10639	-0.49629	0.13529	-0.27307	-0.5242	-0.078043	0.31337	0.27307	-0.10259	0.49629	-2.1018	0.49192	0.11753	-0.43779	-0.13529	-0.49192	-0.075319	0.77897	1.2282	0.43779	-1.2282	-0.31704	-0.10639	-0.17901	0.5242	0.56327	0.50744	-0.0042593	-0.50744	0.010894	0.17901	0.0042593	0.075319	2.1018	-0.010894	-0.11753	-0.31337	-0.16271	1.1905	-0.63296	-0.19446
"228"	-0.43779	0.10259	-0.27307	0.49192	0.0042593	-0.075319	-0.31704	0.19446	0.010894	-0.16271	0.078043	0.56327	0.5242	-0.19446	2.1018	0.075319	-0.11753	-0.5242	-0.49629	0.50744	-0.10259	0.27307	0.17901	0.49629	-1.1905	-0.63296	-0.77897	-0.56327	-0.50744	1.2282	1.1905	0.11753	-0.010894	-0.17901	-2.1018	0.10639	-1.2282	-0.0042593	0.77897	0.31337	-0.49192	0.43779	-0.078043	-0.13529	-0.10639	0.31704	0.16271	0.13529	-0.31337	0.63296
"229"	1.2282	-0.078043	0.11753	-0.5242	0.19446	0.075319	-0.13529	0.77897	-0.19446	0.56327	-0.49629	-1.2282	-0.43779	-0.075319	0.0042593	-0.49192	-0.10259	0.16271	-0.63296	0.10259	1.1905	0.5242	0.078043	-0.17901	-0.16271	-0.11753	0.17901	0.49629	0.43779	-2.1018	-1.1905	-0.77897	-0.010894	-0.0042593	0.010894	0.50744	0.63296	0.31704	0.10639	-0.10639	0.31337	-0.31704	-0.31337	2.1018	-0.27307	0.49192	0.27307	-0.50744	0.13529	-0.56327
"230"	-0.56327	0.0042593	0.49192	-1.1905	-0.49192	-2.1018	0.010894	0.27307	0.50744	-0.11753	0.43779	-1.2282	-0.075319	-0.010894	0.10259	-0.10639	-0.078043	0.19446	-0.63296	-0.16271	-0.77897	0.56327	2.1018	-0.43779	0.11753	-0.0042593	0.16271	0.31704	0.075319	-0.10259	0.13529	-0.50744	0.63296	0.77897	0.10639	-0.49629	-0.17901	0.078043	-0.27307	0.31337	-0.31704	0.49629	-0.13529	0.5242	1.2282	0.17901	-0.19446	1.1905	-0.5242	-0.31337
"231"	-0.43779	-0.31337	-0.63296	-0.56327	1.1905	0.11753	1.2282	-0.5242	0.77897	0.10639	-0.13529	0.078043	0.0042593	0.16271	0.50744	0.13529	-0.078043	-0.10639	0.010894	0.49192	-0.77897	-0.19446	0.10259	-1.2282	0.56327	-0.11753	-0.17901	-0.50744	-0.31704	0.31337	-0.49629	-0.27307	-0.49192	-0.10259	0.17901	-0.075319	-2.1018	-0.010894	0.19446	0.43779	0.075319	-1.1905	0.63296	0.5242	2.1018	0.27307	-0.16271	-0.0042593	0.31704	0.49629
"232"	-0.16271	-0.075319	0.10639	2.1018	-0.56327	0.49629	0.50744	-0.11753	0.27307	0.17901	1.1905	0.56327	-0.078043	-1.2282	0.31704	-0.50744	0.31337	0.078043	0.10259	-0.63296	-0.13529	-0.49192	0.010894	-0.27307	0.13529	-0.10639	-0.0042593	-0.19446	-0.31337	-0.10259	0.075319	0.11753	0.5242	0.63296	-0.43779	0.49192	-0.010894	-0.5242	0.19446	-1.1905	1.2282	-2.1018	0.77897	-0.31704	-0.17901	-0.49629	0.43779	0.0042593	-0.77897	0.16271
"233"	-0.17901	-1.1905	0.078043	-0.16271	-0.13529	-0.77897	0.17901	0.50744	0.13529	-0.075319	0.0042593	0.43779	-0.0042593	0.31337	-0.10639	0.11753	-0.43779	-0.10259	-0.31337	0.56327	-0.31704	1.2282	-0.27307	0.5242	0.49629	-0.49192	0.075319	-0.49629	0.16271	-0.5242	0.10259	-1.2282	0.31704	-2.1018	2.1018	-0.010894	1.1905	0.19446	-0.078043	-0.19446	-0.56327	-0.63296	0.63296	0.49192	0.27307	0.010894	0.10639	0.77897	-0.11753	-0.50744
"234"	0.63296	-0.31704	-0.77897	0.31337	-0.16271	0.77897	-0.50744	-0.075319	2.1018	0.31704	1.2282	-0.5242	0.075319	0.10639	0.49629	0.5242	-0.49192	-0.078043	0.19446	0.43779	0.56327	-0.010894	-0.56327	-1.1905	0.10259	0.16271	-2.1018	0.50744	-0.19446	-0.10639	-0.0042593	-0.13529	0.49192	1.1905	0.27307	-0.27307	0.11753	-1.2282	0.17901	0.0042593	-0.49629	0.13529	-0.63296	-0.10259	-0.11753	0.010894	-0.31337	-0.43779	-0.17901	0.078043
"235"	0.31704	-0.56327	0.50744	-0.16271	0.31337	-0.075319	-0.49629	-1.2282	0.19446	0.16271	-1.1905	-0.010894	0.10259	-0.43779	-0.10259	-0.5242	-0.13529	-0.31337	-0.10639	0.10639	0.49192	-0.31704	0.63296	0.56327	-0.19446	0.078043	2.1018	0.0042593	0.17901	-0.17901	0.13529	-0.11753	0.11753	-0.77897	0.27307	1.2282	0.49629	-0.50744	-0.27307	-0.078043	-0.0042593	-2.1018	-0.49192	1.1905	0.010894	0.5242	0.77897	-0.63296	0.43779	0.075319
"236"	0.16271	0.31337	-0.19446	0.31704	1.1905	0.010894	-0.31337	0.43779	0.078043	0.49629	0.27307	0.0042593	-0.5242	-0.10259	-0.16271	-0.078043	0.63296	-0.63296	-0.56327	-0.11753	-0.49192	0.50744	0.075319	-1.2282	0.56327	-0.010894	0.17901	-0.0042593	-0.77897	-2.1018	0.11753	0.5242	-0.50744	0.10639	-0.13529	-0.31704	0.49192	0.10259	-0.075319	2.1018	-1.1905	-0.27307	0.19446	-0.10639	0.77897	-0.17901	0.13529	-0.49629	1.2282	-0.43779
"237"	0.56327	-0.31704	0.31337	0.16271	-1.1905	0.010894	0.13529	-2.1018	-0.50744	-0.31337	0.0042593	-0.5242	-0.010894	-0.16271	0.49629	0.11753	-0.27307	0.77897	-0.43779	1.2282	0.63296	-0.075319	-0.10259	0.5242	-1.2282	1.1905	-0.17901	-0.77897	-0.0042593	0.27307	0.19446	0.31704	-0.49192	0.17901	0.10259	0.078043	0.49192	-0.19446	0.10639	-0.11753	-0.13529	0.075319	-0.078043	2.1018	-0.10639	-0.49629	-0.56327	0.43779	0.50744	-0.63296
"238"	-0.43779	-0.010894	0.49192	1.1905	-0.5242	-1.1905	0.31704	0.49629	-0.16271	-0.10639	0.11753	0.10639	0.10259	-0.63296	-0.17901	0.13529	-2.1018	0.27307	-0.13529	-0.27307	0.63296	-0.31337	0.16271	-0.49629	2.1018	0.31337	0.17901	-0.0042593	-0.10259	-0.56327	1.2282	0.43779	-0.078043	-0.77897	0.5242	0.075319	0.0042593	-0.50744	0.50744	0.010894	0.77897	0.56327	-0.19446	-0.11753	-0.075319	-1.2282	0.19446	-0.49192	-0.31704	0.078043
"239"	0.49192	0.13529	-0.0042593	0.078043	2.1018	0.31704	0.10639	-0.5242	-0.16271	-0.49629	-0.43779	-0.63296	0.17901	0.63296	0.27307	0.49629	0.075319	1.1905	-0.078043	0.77897	0.010894	-0.17901	0.31337	0.19446	-0.10259	-0.11753	-0.010894	-0.27307	0.10259	1.2282	-0.31337	0.0042593	-1.2282	-1.1905	-2.1018	-0.77897	-0.49192	-0.56327	-0.19446	0.56327	-0.13529	-0.075319	0.11753	-0.50744	0.43779	0.5242	-0.10639	-0.31704	0.50744	0.16271
"240"	-0.49629	0.17901	-0.63296	0.27307	-0.49192	-1.2282	-0.11753	0.49629	0.77897	-0.19446	-2.1018	-0.075319	-0.10259	0.43779	-0.13529	-0.27307	0.078043	0.075319	-0.17901	1.2282	0.0042593	0.49192	-0.43779	0.10259	-0.078043	-0.31337	-0.77897	0.19446	0.5242	-0.10639	-1.1905	-0.010894	0.010894	-0.0042593	0.50744	0.13529	0.10639	0.11753	2.1018	1.1905	0.31337	0.31704	-0.16271	-0.5242	-0.50744	-0.56327	-0.31704	0.56327	0.16271	0.63296
"241"	0.19446	0.075319	1.2282	-0.27307	0.10259	-0.56327	0.0042593	-0.63296	-0.31337	0.56327	0.17901	-0.078043	-0.0042593	0.63296	0.010894	0.10639	-0.16271	0.50744	-0.19446	1.1905	-1.2282	0.11753	0.77897	0.13529	-0.77897	-0.10259	-0.49192	0.31337	-0.11753	-0.010894	-0.075319	-0.43779	0.27307	0.31704	0.43779	2.1018	-1.1905	-2.1018	-0.5242	-0.10639	-0.13529	0.16271	-0.49629	-0.50744	0.5242	0.49629	-0.31704	0.49192	-0.17901	0.078043
"242"	-0.63296	-0.77897	-1.2282	1.2282	0.49629	-0.31337	0.27307	0.11753	-0.16271	-0.50744	0.77897	0.31704	-0.11753	0.16271	0.50744	-0.13529	-0.075319	-0.0042593	-1.1905	0.63296	-0.49192	0.19446	-0.078043	0.5242	0.10639	0.078043	0.56327	-0.10259	0.13529	-0.49629	0.31337	0.49192	-0.43779	-0.31704	0.010894	-0.5242	-0.56327	1.1905	-0.19446	0.075319	0.17901	-0.10639	0.10259	2.1018	-0.17901	-2.1018	-0.010894	0.0042593	0.43779	-0.27307
"243"	-0.16271	-1.1905	-0.19446	0.77897	0.11753	-1.2282	-0.10639	-0.49192	-0.5242	-0.010894	0.19446	0.27307	-2.1018	-0.10259	-0.11753	0.5242	-0.56327	1.1905	0.13529	-0.43779	2.1018	-0.075319	-0.13529	-0.63296	1.2282	0.31337	0.49629	-0.078043	0.0042593	-0.49629	0.49192	-0.77897	0.17901	-0.0042593	-0.27307	-0.31337	0.075319	-0.50744	0.56327	-0.31704	0.10639	-0.17901	0.31704	0.16271	0.50744	0.63296	0.078043	0.43779	0.010894	0.10259
"244"	0.49192	0.075319	0.50744	0.49629	-0.77897	-0.5242	-0.17901	-0.10639	0.56327	2.1018	0.10639	-0.13529	0.63296	0.13529	-0.010894	-2.1018	-0.19446	0.19446	-0.63296	-1.2282	-0.31337	0.77897	0.11753	-0.27307	-0.31704	-0.078043	1.1905	0.010894	-0.075319	0.31704	1.2282	-0.11753	-0.43779	0.43779	-0.49192	-0.10259	-0.50744	-0.56327	0.16271	-0.16271	-0.0042593	0.17901	0.10259	0.31337	0.5242	-1.1905	-0.49629	0.078043	0.0042593	0.27307
"245"	2.1018	1.2282	0.5242	0.49192	-2.1018	0.10639	-0.19446	-0.075319	0.16271	-0.11753	0.50744	-0.27307	0.17901	-1.1905	0.77897	0.13529	-0.31704	0.49629	0.075319	-0.77897	0.43779	0.31337	0.63296	-0.5242	0.19446	-0.49192	-0.0042593	-0.10639	-0.13529	-0.078043	-0.31337	0.10259	0.11753	1.1905	0.27307	-0.50744	-0.49629	-0.63296	0.0042593	-0.43779	-0.16271	0.31704	-0.010894	-0.10259	-0.56327	-0.17901	-1.2282	0.010894	0.078043	0.56327
"246"	-0.56327	-2.1018	0.13529	-0.77897	0.11753	0.10639	-0.16271	1.1905	0.50744	0.19446	-0.31337	0.0042593	0.31337	-0.5242	0.27307	-0.10639	0.10259	0.63296	2.1018	0.16271	-0.010894	-0.0042593	0.43779	0.5242	-1.2282	-0.075319	0.56327	1.2282	0.49629	0.17901	-0.49629	-0.10259	-0.31704	-0.49192	0.078043	0.49192	-0.50744	-0.19446	0.075319	-0.11753	-1.1905	-0.13529	0.31704	0.77897	-0.27307	-0.078043	0.010894	-0.17901	-0.63296	-0.43779
"247"	0.31337	0.075319	0.5242	-0.078043	-0.0042593	0.77897	-1.1905	1.2282	-0.31337	-0.63296	-0.31704	-0.27307	-0.49192	-0.075319	0.010894	-0.50744	0.10259	-0.43779	0.56327	0.11753	0.63296	-0.17901	0.27307	0.13529	-0.010894	0.19446	0.078043	0.49629	-0.49629	-0.56327	0.50744	0.43779	-0.5242	0.49192	-2.1018	0.16271	0.17901	0.31704	1.1905	2.1018	-0.19446	-0.77897	0.10639	-0.16271	-0.11753	-0.10259	-1.2282	0.0042593	-0.13529	-0.10639
"248"	-0.17901	0.16271	-0.5242	-0.49192	0.0042593	-0.13529	-0.10259	-1.1905	0.27307	0.11753	2.1018	-0.27307	0.10259	0.13529	0.50744	0.010894	0.078043	0.63296	-0.49629	-0.19446	0.17901	-0.43779	0.31337	-0.31704	-0.31337	0.075319	-0.50744	-0.16271	0.56327	-0.77897	-0.078043	-0.10639	-0.010894	0.31704	0.5242	0.10639	0.19446	-0.0042593	-1.2282	-0.075319	0.49192	0.43779	-0.11753	-0.63296	1.2282	-0.56327	0.49629	0.77897	1.1905	-2.1018
"249"	-0.13529	-1.1905	-0.50744	-0.31704	-0.10259	0.17901	0.075319	-0.16271	-0.49192	0.19446	0.16271	-0.078043	-0.19446	-0.43779	0.13529	0.43779	-0.49629	0.49192	-0.010894	-0.56327	0.10639	-0.27307	-0.77897	-2.1018	0.31704	-0.075319	0.010894	-0.0042593	-1.2282	-0.31337	0.10259	-0.17901	1.1905	0.11753	-0.11753	-0.10639	0.0042593	0.27307	0.77897	0.56327	0.49629	0.31337	0.63296	-0.5242	0.50744	2.1018	0.078043	1.2282	0.5242	-0.63296
"250"	-0.078043	0.56327	0.075319	0.10639	-0.010894	0.27307	-0.10259	0.078043	-0.0042593	-0.50744	0.49192	0.16271	0.17901	-0.49192	0.10259	1.2282	-0.56327	-0.11753	-0.77897	0.63296	0.5242	-0.13529	0.77897	-1.2282	-1.1905	-0.43779	-0.5242	0.0042593	-0.49629	-0.16271	0.010894	-0.31337	0.13529	0.31704	-0.17901	0.49629	-0.63296	0.31337	2.1018	-0.31704	0.11753	1.1905	0.19446	-0.075319	-0.27307	-0.10639	0.43779	0.50744	-0.19446	-2.1018
"251"	0.19446	1.1905	-2.1018	0.49192	-0.56327	-0.078043	0.078043	0.31704	-0.17901	-0.075319	0.49629	-0.11753	-0.13529	0.16271	0.5242	-0.16271	0.77897	0.50744	-1.1905	-0.49629	-0.010894	-1.2282	0.31337	0.63296	-0.5242	0.17901	0.56327	-0.31337	0.0042593	-0.63296	2.1018	-0.10259	-0.50744	-0.27307	1.2282	-0.31704	-0.10639	-0.19446	-0.43779	0.010894	0.11753	0.075319	0.27307	-0.77897	0.13529	0.10639	0.43779	-0.49192	-0.0042593	0.10259
"252"	-0.075319	0.11753	-0.10639	-0.10259	0.16271	-0.16271	0.10639	0.77897	-0.43779	0.010894	-1.2282	-0.13529	1.1905	0.49192	1.2282	-0.27307	-2.1018	0.17901	2.1018	-0.5242	0.10259	0.19446	-0.49629	0.13529	0.56327	0.27307	0.0042593	-0.77897	0.63296	-0.010894	-0.49192	-0.63296	0.5242	0.31704	-0.31704	-0.31337	-0.19446	0.075319	-0.50744	-0.11753	0.078043	-0.56327	0.50744	-0.078043	0.31337	-0.17901	0.43779	-0.0042593	0.49629	-1.1905
"253"	1.2282	-0.31704	0.13529	0.50744	0.77897	-0.16271	0.31704	0.31337	0.075319	0.19446	-0.075319	0.010894	-1.1905	-0.77897	-0.5242	-0.31337	0.17901	-1.2282	-0.11753	-0.56327	-0.27307	-0.13529	0.27307	0.0042593	-2.1018	-0.50744	0.56327	-0.19446	-0.17901	0.078043	0.63296	0.11753	-0.63296	0.16271	0.10639	-0.49192	-0.010894	-0.10259	-0.078043	-0.49629	-0.10639	1.1905	0.49192	0.5242	0.43779	-0.0042593	0.49629	-0.43779	0.10259	2.1018
"254"	0.31337	0.10259	-0.31704	-0.19446	0.13529	0.31704	0.078043	0.63296	-0.078043	2.1018	1.2282	-0.16271	-1.1905	0.11753	-0.10639	-0.5242	0.43779	0.77897	-0.77897	-0.50744	0.49192	-0.010894	-0.49629	0.19446	0.50744	-0.49192	0.10639	0.5242	-0.11753	0.075319	0.27307	-0.56327	-0.13529	-0.17901	-2.1018	-0.43779	-0.27307	0.16271	-0.075319	0.56327	-1.2282	-0.63296	0.17901	-0.10259	0.49629	1.1905	-0.0042593	0.0042593	0.010894	-0.31337
"255"	-0.31704	-0.16271	-0.0042593	0.49629	0.49192	0.17901	1.2282	-0.19446	1.1905	0.10639	-0.075319	2.1018	-0.078043	-0.17901	-1.2282	-0.49192	0.010894	-0.77897	0.078043	-0.13529	-0.49629	0.50744	-0.56327	-0.10639	-0.31337	-2.1018	0.77897	0.16271	0.075319	0.43779	-0.10259	0.56327	0.31337	0.31704	0.13529	0.63296	0.27307	-0.63296	0.11753	-0.50744	0.0042593	0.19446	-0.11753	0.10259	-0.27307	-0.010894	0.5242	-0.5242	-1.1905	-0.43779
"256"	-0.10259	-0.31704	0.17901	0.49629	0.50744	-0.49629	0.27307	-0.50744	-0.19446	0.56327	0.5242	-0.078043	-0.43779	-1.1905	-0.11753	-0.17901	0.31704	-0.56327	0.0042593	0.16271	-0.0042593	0.49192	-0.13529	-0.16271	0.19446	0.31337	1.1905	-0.31337	0.010894	-0.27307	0.77897	-0.010894	-2.1018	-0.10639	0.11753	2.1018	-0.5242	0.10639	0.10259	-0.63296	-0.77897	-1.2282	-0.075319	0.63296	-0.49192	1.2282	0.43779	0.13529	0.075319	0.078043
"257"	-0.27307	-0.31337	0.075319	0.43779	-0.43779	-0.075319	-0.010894	0.77897	-1.1905	0.13529	0.10639	-0.50744	0.11753	-0.0042593	0.19446	0.5242	-1.2282	-0.5242	0.63296	0.078043	-0.56327	0.27307	0.49192	0.31704	2.1018	-0.19446	-0.078043	0.50744	1.1905	-0.63296	-0.10259	-0.10639	0.56327	-0.31704	0.49629	0.010894	-0.17901	-0.49629	0.10259	-0.16271	0.0042593	-0.13529	-0.49192	0.31337	-0.77897	1.2282	-0.11753	0.17901	-2.1018	0.16271
"258"	0.5242	-0.10259	-0.075319	-1.1905	1.2282	0.010894	0.27307	-0.31704	0.13529	-0.010894	-0.5242	0.49629	-0.63296	-2.1018	0.77897	-0.31337	0.17901	0.19446	-0.50744	1.1905	-1.2282	0.50744	0.075319	0.16271	-0.49629	0.43779	0.078043	-0.078043	-0.10639	-0.11753	0.56327	0.0042593	0.63296	-0.77897	0.11753	-0.16271	-0.27307	0.49192	2.1018	0.31704	-0.13529	-0.49192	-0.43779	-0.19446	-0.17901	0.31337	-0.0042593	0.10639	0.10259	-0.56327
"259"	-0.31704	-0.11753	-0.19446	-0.13529	-1.1905	-0.5242	-0.77897	-0.10639	-0.43779	2.1018	0.17901	0.010894	0.56327	1.2282	0.77897	-0.075319	1.1905	0.11753	-0.49192	0.31704	0.078043	0.63296	-0.0042593	0.5242	0.49192	0.31337	0.16271	-0.50744	-0.16271	-0.56327	0.43779	-0.078043	0.49629	0.075319	0.0042593	0.13529	-0.63296	-2.1018	-0.10259	0.10259	0.10639	-0.49629	-0.27307	-0.17901	0.19446	0.27307	-1.2282	-0.010894	-0.31337	0.50744
"260"	-0.010894	0.16271	-0.49192	-0.31337	1.2282	-0.17901	-0.075319	0.10639	0.078043	-0.0042593	-0.11753	-0.16271	-0.5242	-0.10259	-0.50744	0.11753	0.49629	-0.27307	0.56327	-0.77897	-0.31704	0.77897	0.10259	0.31704	-0.19446	2.1018	-0.13529	0.17901	-0.43779	0.50744	-1.2282	-0.56327	0.49192	0.13529	-0.078043	0.075319	1.1905	-0.49629	0.010894	-1.1905	0.5242	0.43779	0.19446	0.31337	-2.1018	0.63296	0.27307	-0.63296	0.0042593	-0.10639
"261"	0.77897	-0.49629	-0.5242	1.2282	-1.2282	-0.77897	0.49629	-0.27307	0.075319	-1.1905	0.13529	0.31337	-0.010894	2.1018	-0.50744	0.31704	-0.31704	-0.17901	0.10639	0.0042593	-0.16271	-0.10639	0.11753	-0.11753	1.1905	-0.31337	0.5242	0.27307	-2.1018	0.63296	-0.43779	-0.49192	0.49192	0.43779	-0.63296	-0.13529	-0.56327	0.17901	0.56327	-0.0042593	-0.075319	0.16271	0.078043	0.50744	-0.19446	0.010894	0.10259	-0.078043	-0.10259	0.19446
"262"	-0.43779	0.0042593	-0.31337	-0.11753	-0.19446	-0.078043	-0.31704	-0.0042593	-0.49192	0.31704	0.56327	-0.5242	0.63296	0.27307	-0.13529	0.11753	0.50744	0.77897	-0.27307	-2.1018	0.10639	0.16271	0.17901	-0.77897	-0.010894	0.19446	-0.10259	0.075319	0.49192	0.13529	-1.2282	-0.17901	-0.63296	0.49629	-0.16271	2.1018	0.43779	1.2282	0.31337	0.10259	-0.10639	0.5242	1.1905	-0.56327	0.078043	-0.50744	-0.075319	-0.49629	0.010894	-1.1905
"263"	-0.075319	0.010894	-0.16271	0.078043	-2.1018	-0.10639	-0.17901	1.2282	-0.11753	0.63296	1.1905	0.075319	-0.49192	-0.31337	0.11753	0.19446	0.77897	-0.27307	-1.1905	0.56327	-0.13529	-0.5242	-0.31704	-0.0042593	-0.19446	-1.2282	0.10259	0.31704	-0.56327	-0.43779	-0.77897	-0.10259	0.49192	-0.49629	-0.078043	0.0042593	0.43779	-0.010894	2.1018	0.13529	-0.50744	0.50744	0.17901	0.31337	0.49629	0.27307	0.16271	0.10639	-0.63296	0.5242
"264"	0.19446	-0.19446	0.31337	-1.2282	0.075319	-0.43779	-0.010894	-1.1905	0.77897	-0.49192	0.5242	0.10259	-0.078043	-0.50744	-0.17901	0.0042593	-0.16271	0.11753	0.16271	-0.11753	-0.075319	0.50744	0.49192	-0.31337	0.17901	-0.49629	1.2282	0.010894	0.56327	-0.56327	0.49629	1.1905	0.078043	-0.63296	0.63296	-0.13529	0.10639	-0.27307	-2.1018	2.1018	0.31704	0.13529	-0.77897	-0.0042593	-0.10639	-0.10259	0.27307	-0.5242	0.43779	-0.31704
"265"	-0.010894	0.56327	-0.17901	-0.49629	0.77897	-0.63296	0.0042593	0.10639	-0.11753	-0.77897	-1.1905	0.10259	0.13529	0.17901	0.50744	-0.5242	0.49192	0.11753	-0.0042593	0.63296	0.31337	-0.075319	-0.49192	-1.2282	-0.31337	0.5242	0.010894	0.075319	-0.13529	-0.078043	-0.43779	-0.50744	0.31704	0.078043	-0.10639	-0.56327	1.1905	0.43779	0.27307	0.16271	0.49629	-0.27307	-0.10259	-0.16271	-0.31704	0.19446	2.1018	-2.1018	-0.19446	1.2282
"266"	0.31337	0.19446	2.1018	-0.10639	-0.77897	0.77897	-0.078043	-1.1905	0.11753	-0.13529	-0.19446	-1.2282	0.13529	-0.56327	0.50744	-0.49192	-0.50744	-0.075319	0.010894	1.1905	0.10639	-0.16271	-0.17901	0.49629	-0.10259	0.0042593	0.49192	-0.31337	0.43779	0.16271	0.56327	-0.43779	0.5242	0.63296	0.078043	0.075319	-0.63296	-0.010894	-0.11753	0.10259	-0.31704	1.2282	-0.27307	0.27307	0.31704	-0.0042593	0.17901	-2.1018	-0.5242	-0.49629
"267"	-0.10639	-0.16271	0.27307	0.49192	1.1905	-0.77897	-1.1905	0.77897	0.17901	1.2282	-0.5242	-0.13529	-0.11753	-0.10259	-0.31337	0.10259	0.31337	0.10639	0.16271	0.19446	-0.31704	-0.43779	0.43779	-0.63296	-0.49629	0.31704	0.5242	-2.1018	0.078043	-0.17901	-0.010894	-0.075319	0.0042593	-0.078043	-1.2282	0.010894	0.49629	0.50744	-0.27307	0.13529	0.63296	0.56327	0.11753	0.075319	2.1018	-0.49192	-0.0042593	-0.19446	-0.50744	-0.56327
"268"	-0.31337	0.078043	-1.1905	0.43779	-0.16271	-1.2282	-0.19446	-0.5242	0.17901	-0.078043	0.63296	-0.010894	0.49192	-0.0042593	0.19446	-0.075319	0.31704	-0.50744	-0.13529	0.10639	0.5242	-0.63296	0.77897	0.11753	0.50744	0.56327	-2.1018	-0.49192	1.2282	-0.43779	0.0042593	1.1905	0.49629	-0.11753	-0.49629	-0.27307	-0.10639	0.27307	0.010894	-0.17901	-0.10259	-0.31704	-0.77897	-0.56327	2.1018	0.13529	0.31337	0.10259	0.16271	0.075319
"269"	0.56327	-0.27307	0.27307	-0.77897	-0.078043	-0.010894	0.16271	0.49192	-0.11753	0.77897	-0.19446	0.13529	-0.17901	0.50744	1.1905	0.19446	0.49629	0.10639	0.43779	-0.50744	0.17901	-0.49629	-2.1018	0.078043	-0.56327	0.10259	-0.43779	0.010894	0.63296	-0.10639	-0.49192	0.31704	-0.63296	-1.1905	-0.31337	-0.16271	-0.5242	0.11753	-0.0042593	0.5242	-0.075319	0.0042593	0.31337	-0.13529	-1.2282	-0.31704	1.2282	2.1018	-0.10259	0.075319
"270"	0.49192	-0.11753	0.075319	1.1905	0.56327	0.10639	-0.50744	-0.17901	0.77897	0.31337	-0.5242	0.63296	-0.16271	-0.77897	0.11753	-0.49192	0.43779	0.17901	0.16271	-0.31704	0.49629	-0.43779	0.10259	-1.1905	-0.078043	0.31704	0.078043	2.1018	-0.27307	0.50744	0.27307	-0.010894	-1.2282	-0.10639	-0.075319	-0.49629	0.010894	-0.13529	0.0042593	-2.1018	0.13529	0.19446	-0.31337	0.5242	-0.56327	-0.63296	-0.19446	-0.0042593	-0.10259	1.2282
"271"	0.49192	-0.10639	-1.2282	-0.31337	0.17901	-0.0042593	-0.31704	-0.17901	-0.27307	0.50744	1.1905	0.010894	0.11753	2.1018	-0.63296	0.075319	-2.1018	0.43779	0.10259	-0.43779	0.49629	-0.13529	0.31337	-0.075319	0.63296	0.0042593	-0.010894	1.2282	-0.50744	0.16271	-1.1905	-0.5242	-0.11753	0.27307	0.31704	-0.49629	-0.16271	-0.49192	0.19446	-0.10259	0.10639	0.13529	-0.56327	0.56327	-0.77897	-0.078043	-0.19446	0.5242	0.77897	0.078043
"272"	-0.19446	-0.13529	-0.10639	-0.49192	0.27307	-0.17901	0.078043	-0.77897	0.19446	-0.11753	0.77897	-0.49629	1.1905	-0.078043	-1.2282	0.0042593	-0.0042593	0.49629	0.49192	-0.50744	-0.31337	-0.16271	0.16271	-0.010894	0.31337	0.010894	-0.5242	0.10259	0.50744	0.13529	0.63296	-0.10259	0.31704	0.56327	-0.27307	2.1018	0.11753	-0.43779	0.10639	0.17901	-0.075319	-0.56327	-2.1018	-0.63296	0.43779	-1.1905	0.5242	1.2282	-0.31704	0.075319
"273"	-0.31704	1.1905	-0.11753	-0.17901	-1.1905	-0.13529	-0.27307	0.77897	-0.50744	-1.2282	0.0042593	0.10259	0.43779	-0.49192	0.13529	-0.56327	-0.010894	0.010894	-0.16271	0.27307	-0.10639	-0.63296	0.17901	-0.43779	0.11753	0.63296	0.56327	1.2282	0.31704	-0.078043	-2.1018	-0.10259	0.19446	0.075319	-0.5242	0.10639	2.1018	-0.49629	0.078043	0.16271	0.31337	-0.19446	-0.77897	-0.31337	0.50744	0.49629	-0.0042593	0.49192	0.5242	-0.075319
"274"	0.49192	0.10259	1.1905	-0.10639	0.43779	0.49629	2.1018	-0.43779	0.50744	-0.49629	-0.17901	-0.27307	-0.31337	-0.56327	0.31704	0.19446	-0.010894	0.078043	-0.31704	0.16271	0.31337	0.11753	-0.10259	-0.13529	-0.49192	1.2282	0.0042593	0.56327	-1.1905	-0.63296	0.010894	0.27307	-0.50744	-0.5242	-0.075319	-0.0042593	0.63296	-0.11753	-0.77897	0.17901	-0.16271	0.075319	-0.19446	-2.1018	-1.2282	0.5242	0.10639	0.13529	-0.078043	0.77897
"275"	0.31337	-1.1905	-0.77897	-0.43779	0.77897	-0.13529	0.075319	0.49192	0.10259	-0.50744	-0.0042593	0.56327	-0.10639	0.16271	2.1018	1.2282	0.43779	0.10639	-0.63296	0.17901	-0.31704	-0.56327	-0.27307	-2.1018	0.19446	0.13529	-0.49192	0.078043	-0.010894	-0.11753	0.5242	-0.5242	-0.17901	0.27307	0.0042593	0.31704	-0.16271	-0.31337	-0.078043	0.010894	1.1905	0.49629	0.50744	0.11753	0.63296	-0.49629	-0.075319	-0.19446	-1.2282	-0.10259
"276"	0.49192	-0.49192	0.10639	0.10259	0.5242	-0.43779	-0.27307	0.63296	-0.078043	-0.56327	0.16271	-0.10639	-0.16271	-0.77897	-0.19446	0.075319	-0.11753	-0.075319	-0.50744	-0.5242	-0.17901	0.010894	0.31337	-0.31704	0.19446	-1.1905	0.078043	-0.13529	1.2282	0.27307	2.1018	-2.1018	-0.0042593	1.1905	-0.010894	-0.49629	0.50744	-0.63296	0.17901	0.43779	-0.10259	-1.2282	0.49629	0.56327	0.0042593	0.31704	0.13529	-0.31337	0.77897	0.11753
"277"	-0.49192	0.63296	0.50744	-0.17901	0.49192	0.075319	0.56327	0.11753	0.43779	0.0042593	-1.2282	0.078043	-2.1018	2.1018	0.010894	-0.5242	-0.10259	0.17901	0.10639	0.31337	-0.50744	-0.27307	-0.31704	1.2282	-0.31337	-0.11753	-1.1905	-0.19446	0.77897	-0.13529	-0.56327	-0.77897	0.49629	0.10259	-0.078043	-0.10639	-0.075319	-0.43779	-0.63296	0.27307	-0.010894	0.19446	-0.16271	-0.49629	0.16271	0.31704	0.5242	-0.0042593	0.13529	1.1905
"278"	0.075319	-0.11753	-2.1018	0.078043	2.1018	0.5242	0.11753	-0.77897	1.1905	0.49192	-0.56327	-0.31337	-0.63296	0.31704	0.010894	-0.10639	0.49629	0.43779	-0.49629	0.50744	0.63296	0.16271	-0.43779	-0.49192	0.27307	-0.16271	-0.5242	0.13529	0.31337	0.19446	-0.010894	-0.078043	-0.17901	0.0042593	-0.0042593	0.17901	0.77897	-0.075319	-0.10259	0.10259	1.2282	-0.13529	0.56327	-0.31704	-1.2282	-1.1905	-0.50744	0.10639	-0.27307	-0.19446
"279"	0.10639	0.19446	0.11753	-0.078043	0.56327	0.17901	0.16271	0.27307	-0.19446	-0.77897	0.49629	-0.49192	-0.43779	-0.010894	-0.11753	0.49192	0.63296	-0.49629	-2.1018	-0.50744	0.0042593	0.31704	-0.63296	0.10259	0.078043	2.1018	0.13529	-0.13529	-0.0042593	-1.2282	0.31337	0.50744	-0.27307	-0.31704	-0.56327	0.075319	-0.10639	-0.075319	0.5242	-0.5242	1.2282	0.43779	-0.31337	-0.16271	-0.17901	0.010894	-1.1905	0.77897	-0.10259	1.1905
"280"	-1.1905	-0.17901	0.63296	-0.31337	-0.19446	-0.10639	2.1018	0.16271	0.10639	-0.50744	-0.31704	-0.11753	-0.43779	0.31337	-0.49629	0.10259	-0.5242	0.11753	-0.10259	-0.010894	-0.77897	-0.49192	-0.078043	0.27307	0.49629	-0.0042593	0.010894	0.50744	0.43779	-1.2282	-0.56327	0.17901	-0.075319	1.1905	-2.1018	0.77897	0.31704	0.49192	1.2282	-0.16271	-0.27307	0.13529	-0.63296	-0.13529	0.078043	0.075319	0.56327	0.0042593	0.19446	0.5242
"281"	-0.63296	-0.50744	-0.43779	0.10259	0.43779	-0.13529	-0.078043	-2.1018	0.16271	0.50744	-0.010894	-0.19446	-0.11753	0.31704	0.31337	-1.1905	-0.77897	0.77897	0.5242	0.49192	0.078043	-0.56327	0.0042593	-0.49192	0.075319	0.27307	2.1018	0.19446	-0.10639	-1.2282	0.010894	-0.16271	-0.31337	0.63296	0.56327	-0.075319	1.2282	-0.31704	-0.0042593	0.13529	0.10639	0.11753	1.1905	0.49629	-0.10259	-0.5242	-0.49629	-0.17901	0.17901	-0.27307
"282"	0.11753	0.27307	-0.31337	-0.11753	0.16271	-0.43779	0.50744	-0.078043	0.49192	0.17901	0.010894	-0.10639	0.5242	-1.2282	2.1018	-0.075319	-0.50744	0.13529	0.31337	-0.27307	-0.31704	-1.1905	-2.1018	0.63296	-0.49192	-0.49629	-0.77897	-0.5242	0.31704	-0.19446	0.43779	-0.010894	-0.56327	-0.13529	0.77897	0.56327	0.075319	0.0042593	0.078043	1.1905	0.10259	1.2282	0.10639	-0.16271	-0.17901	-0.0042593	0.49629	-0.10259	-0.63296	0.19446
"283"	-1.2282	0.27307	0.77897	-0.49192	0.10259	-0.13529	-0.31704	-0.27307	-1.1905	0.10639	-0.56327	-0.10639	-0.49629	0.078043	0.56327	-0.16271	0.5242	-0.50744	0.13529	0.31337	-0.11753	-0.0042593	0.11753	-0.17901	0.17901	1.2282	-0.77897	-0.075319	0.010894	1.1905	0.49192	-0.43779	-0.63296	-0.010894	2.1018	0.49629	0.0042593	-0.10259	-0.31337	0.16271	0.63296	-2.1018	0.50744	0.31704	0.075319	0.19446	0.43779	-0.078043	-0.5242	-0.19446
"284"	-0.10259	-0.49192	-0.075319	-0.31704	0.010894	-0.0042593	0.49629	-0.49629	-0.56327	-0.11753	0.56327	0.075319	1.2282	0.49192	0.16271	-0.5242	-0.13529	-0.50744	0.50744	-1.2282	-2.1018	0.13529	-0.43779	0.27307	-1.1905	0.31704	0.0042593	0.5242	0.11753	0.17901	-0.63296	0.63296	2.1018	0.19446	0.10639	-0.19446	0.31337	-0.17901	-0.10639	-0.16271	-0.27307	1.1905	-0.078043	0.078043	0.43779	-0.31337	-0.77897	0.77897	-0.010894	0.10259
"285"	1.1905	0.49629	0.56327	0.0042593	0.5242	-2.1018	1.2282	0.17901	-0.0042593	-1.2282	-1.1905	-0.13529	-0.010894	-0.075319	0.10259	0.31337	2.1018	0.010894	-0.11753	-0.43779	0.50744	-0.31337	0.77897	0.11753	0.49192	0.43779	0.27307	0.13529	-0.10259	-0.5242	-0.63296	-0.19446	-0.17901	-0.50744	0.19446	0.075319	-0.56327	-0.078043	0.63296	-0.77897	-0.10639	0.16271	-0.49192	0.078043	0.10639	-0.16271	0.31704	-0.49629	-0.31704	-0.27307
"286"	-0.49192	0.075319	0.31337	-0.31704	0.10259	0.49192	-0.19446	-0.27307	-1.1905	0.31704	-0.17901	-0.49629	-0.11753	-0.50744	-0.010894	0.078043	0.50744	1.1905	1.2282	0.5242	-0.13529	-0.43779	-0.63296	-0.10259	-0.078043	0.56327	0.27307	0.16271	-2.1018	-0.16271	0.010894	-0.56327	0.0042593	0.63296	0.77897	0.43779	-0.0042593	-0.10639	-0.77897	2.1018	0.17901	0.19446	0.49629	-0.31337	-1.2282	0.10639	0.11753	-0.5242	-0.075319	0.13529
"287"	0.19446	0.075319	-0.56327	-2.1018	-0.31337	1.1905	0.0042593	-0.5242	0.49629	0.17901	0.31337	0.10259	-0.0042593	-0.10259	-0.17901	0.078043	0.56327	0.5242	-0.50744	-0.11753	-0.63296	0.49192	0.27307	0.11753	-0.10639	-1.2282	0.010894	-0.31704	0.77897	-0.49192	0.16271	0.13529	-0.43779	-0.010894	1.2282	-0.27307	0.43779	-0.075319	-0.77897	0.63296	-0.16271	-0.078043	-0.13529	-0.49629	0.31704	0.50744	2.1018	-1.1905	-0.19446	0.10639
"288"	-0.075319	-0.17901	-0.49629	0.10259	0.17901	2.1018	0.63296	0.13529	-1.2282	0.075319	0.56327	0.11753	0.31337	-0.31704	1.1905	-0.63296	0.50744	0.10639	-0.19446	-0.10259	-1.1905	-0.56327	0.0042593	-0.43779	1.2282	0.49629	0.19446	-0.0042593	-0.13529	-0.11753	0.5242	-0.27307	0.16271	-0.31337	0.010894	-0.10639	-2.1018	-0.010894	0.27307	0.49192	-0.16271	0.77897	-0.078043	0.43779	0.078043	0.31704	-0.49192	-0.77897	-0.5242	-0.50744
"289"	-0.5242	-0.27307	0.11753	0.43779	-0.17901	-0.11753	-1.2282	0.0042593	0.075319	0.010894	0.27307	0.10639	-0.56327	0.17901	0.77897	0.56327	0.5242	-0.19446	-0.0042593	0.31337	-0.078043	0.10259	-0.10639	-0.31704	0.63296	-0.43779	2.1018	-0.13529	0.13529	0.19446	-0.16271	1.2282	0.31704	-0.49192	-0.31337	-0.10259	-0.77897	-0.50744	-0.010894	0.16271	0.49629	-1.1905	-0.63296	-0.075319	-2.1018	0.078043	0.49192	1.1905	0.50744	-0.49629
"290"	-0.010894	-0.49629	-0.0042593	-0.43779	0.49192	-0.56327	0.075319	1.1905	0.31704	-0.49192	1.2282	-0.10639	0.11753	0.31337	0.56327	-0.13529	-1.1905	0.10259	2.1018	0.078043	-2.1018	-0.77897	-0.63296	-0.31704	-0.16271	0.13529	0.10639	0.0042593	-1.2282	0.77897	-0.11753	0.5242	0.63296	0.43779	-0.10259	0.19446	0.17901	-0.31337	-0.075319	-0.50744	-0.27307	-0.17901	0.49629	0.50744	0.010894	-0.078043	0.16271	-0.5242	-0.19446	0.27307
"291"	-0.63296	0.27307	-0.31704	0.50744	-0.0042593	0.075319	0.43779	0.49629	0.010894	-0.13529	0.63296	0.17901	0.77897	-1.1905	0.19446	-0.10259	0.49192	0.10639	-0.11753	0.5242	0.31704	0.16271	-0.50744	-0.31337	0.56327	1.1905	-0.17901	0.0042593	-0.010894	-0.27307	1.2282	0.13529	-0.49192	-2.1018	-0.078043	-0.10639	-0.16271	0.10259	0.11753	-0.43779	-1.2282	-0.075319	-0.56327	0.31337	-0.49629	-0.77897	2.1018	-0.19446	0.078043	-0.5242
"292"	0.56327	-0.075319	0.27307	0.19446	-0.010894	-0.17901	-0.0042593	0.77897	-0.16271	0.17901	-0.19446	-0.078043	0.10259	-1.2282	0.075319	-0.56327	-2.1018	-0.49629	0.49192	1.1905	-0.27307	2.1018	0.078043	0.5242	-0.5242	0.43779	0.31337	0.11753	-0.10259	0.63296	0.10639	-1.1905	-0.63296	0.010894	-0.49192	0.0042593	0.16271	0.50744	-0.50744	-0.11753	-0.13529	-0.31337	0.49629	-0.77897	-0.43779	0.31704	1.2282	-0.31704	-0.10639	0.13529
"293"	0.0042593	0.49192	-0.77897	-0.31337	-0.010894	0.17901	2.1018	0.31337	-0.17901	0.43779	1.1905	-0.11753	0.078043	-0.19446	0.31704	-0.10639	-0.63296	0.13529	0.5242	-0.075319	-0.49192	0.10259	-0.49629	0.16271	-1.2282	0.63296	0.50744	0.010894	1.2282	0.49629	-0.078043	-0.13529	-0.10259	-1.1905	-0.43779	0.10639	-0.27307	-0.50744	0.19446	0.11753	-0.0042593	0.56327	0.77897	-2.1018	-0.31704	0.27307	-0.16271	-0.5242	-0.56327	0.075319
"294"	0.77897	0.10259	0.16271	-0.77897	0.010894	-1.2282	0.078043	0.13529	-0.10259	-0.31704	0.43779	-0.49192	-0.10639	-0.010894	-0.078043	0.19446	-0.0042593	-1.1905	-0.11753	-0.19446	0.50744	-2.1018	0.27307	0.075319	-0.43779	-0.63296	-0.13529	-0.49629	1.2282	0.31704	-0.5242	2.1018	-0.50744	0.5242	0.56327	0.63296	-0.31337	0.17901	-0.56327	-0.17901	-0.075319	0.10639	0.49629	0.11753	-0.27307	-0.16271	0.49192	0.31337	0.0042593	1.1905
"295"	-0.075319	-0.63296	0.10639	-0.010894	-0.17901	-2.1018	0.49192	0.17901	-0.0042593	0.5242	0.77897	0.010894	-0.10639	0.50744	0.078043	1.1905	-0.11753	-0.49629	-0.43779	-0.27307	0.0042593	0.31337	-0.078043	-0.16271	0.19446	2.1018	1.2282	0.075319	-0.77897	0.10259	-0.31704	-0.13529	0.43779	-0.10259	-0.31337	-0.50744	0.31704	0.11753	0.16271	0.63296	-0.56327	-1.2282	0.13529	0.56327	0.49629	-0.5242	-1.1905	-0.19446	-0.49192	0.27307
"296"	-0.27307	-0.43779	0.19446	-1.1905	0.11753	-0.10639	-0.13529	0.078043	-0.5242	0.17901	-0.56327	0.43779	0.77897	-0.49192	0.49192	-0.50744	2.1018	0.56327	0.075319	-0.31337	0.50744	0.63296	0.49629	-0.078043	-0.31704	-2.1018	0.31337	-0.19446	-0.17901	-0.010894	0.10259	0.27307	0.31704	-0.10259	-0.0042593	-0.77897	-0.075319	-1.2282	0.10639	1.1905	0.16271	0.5242	0.010894	1.2282	-0.63296	-0.16271	0.13529	-0.11753	-0.49629	0.0042593
"297"	-0.63296	-2.1018	-0.13529	-0.0042593	-0.5242	0.49629	0.0042593	-0.43779	0.31337	0.13529	0.50744	0.075319	0.19446	-0.010894	0.77897	-0.56327	-0.10259	1.1905	0.56327	-0.50744	0.010894	0.17901	-0.10639	0.078043	-0.49629	0.10639	0.43779	0.31704	-1.2282	0.63296	2.1018	0.27307	-0.078043	-0.49192	1.2282	-0.075319	-0.31337	-0.17901	0.10259	-0.77897	0.49192	-0.16271	0.5242	-0.11753	-0.27307	0.16271	-0.31704	-1.1905	0.11753	-0.19446
"298"	-1.1905	0.13529	0.49629	0.77897	-0.5242	-0.19446	0.49192	0.43779	-0.0042593	0.10639	-0.10639	0.31337	0.19446	-0.10259	-1.2282	-0.56327	-0.11753	-0.13529	-0.77897	0.078043	-0.16271	2.1018	-0.50744	-0.49192	-0.17901	0.10259	-0.43779	0.31704	-0.31704	-2.1018	-0.010894	0.27307	-0.075319	0.63296	1.1905	0.56327	0.16271	1.2282	0.50744	-0.63296	-0.49629	-0.078043	0.010894	-0.31337	0.075319	0.0042593	0.17901	-0.27307	0.5242	0.11753
"299"	0.77897	1.1905	-0.075319	-2.1018	0.13529	-0.19446	-0.49629	0.10259	2.1018	-0.11753	0.11753	0.27307	-1.2282	0.075319	-0.0042593	0.010894	0.19446	-0.77897	-0.27307	-0.50744	-0.078043	-0.43779	-0.10639	0.5242	-0.31337	-0.17901	0.49629	0.17901	0.0042593	-0.10259	0.078043	0.16271	-1.1905	-0.31704	-0.010894	0.10639	0.50744	0.49192	0.56327	0.43779	0.31704	-0.5242	1.2282	-0.13529	-0.56327	0.31337	0.63296	-0.63296	-0.16271	-0.49192
"300"	0.17901	0.31337	-0.31704	0.10639	-0.63296	-0.075319	0.77897	0.31704	-0.31337	0.56327	-0.77897	-0.10639	-0.0042593	-0.010894	-0.078043	0.16271	0.13529	-0.27307	-0.49629	0.43779	0.0042593	1.1905	0.075319	0.49192	-0.11753	0.49629	0.63296	0.27307	0.078043	-1.2282	0.5242	-0.43779	-0.49192	0.11753	2.1018	-1.1905	-2.1018	0.50744	-0.19446	1.2282	-0.56327	-0.50744	0.19446	0.010894	-0.13529	-0.5242	-0.10259	-0.16271	-0.17901	0.10259
"301"	-1.2282	-0.56327	0.078043	0.31337	0.0042593	1.2282	-0.49192	-0.27307	0.49629	-0.17901	-0.13529	-0.49629	-0.63296	-0.075319	-0.77897	-0.31704	0.56327	-0.43779	0.49192	-0.16271	-0.19446	-0.11753	-0.010894	-1.1905	-0.0042593	0.77897	0.10639	0.010894	-0.10639	0.10259	-0.50744	-0.31337	0.19446	0.13529	0.50744	0.11753	1.1905	0.43779	0.31704	0.63296	0.5242	-0.5242	0.17901	2.1018	-2.1018	0.075319	0.27307	-0.10259	0.16271	-0.078043
"302"	-0.010894	-0.16271	-0.5242	-0.31337	0.17901	0.11753	-0.31704	0.56327	-0.63296	-0.13529	-0.27307	0.078043	-0.19446	0.27307	-0.17901	-1.1905	1.2282	-0.078043	2.1018	-0.11753	-0.075319	-0.50744	0.49192	-0.10639	-0.77897	1.1905	0.31337	0.10639	-1.2282	0.0042593	0.19446	0.43779	0.77897	0.13529	-0.49629	0.010894	0.10259	-0.49192	0.16271	0.075319	-2.1018	0.63296	-0.56327	0.5242	-0.10259	0.50744	0.31704	-0.43779	0.49629	-0.0042593
"303"	0.49629	-0.49629	-0.16271	0.5242	0.49192	0.078043	-0.49192	2.1018	-0.0042593	0.31704	0.10639	0.31337	1.1905	-0.56327	0.075319	-0.5242	0.010894	-1.1905	0.27307	0.19446	-0.19446	-0.13529	-0.31337	-0.27307	0.43779	-0.075319	0.50744	-0.63296	-0.10259	-2.1018	0.17901	0.11753	-0.31704	0.16271	-0.010894	-0.43779	-0.078043	0.77897	0.13529	-0.77897	-0.11753	0.0042593	-0.50744	-0.10639	0.10259	0.63296	0.56327	-1.2282	1.2282	-0.17901
"304"	-0.075319	0.31337	-0.5242	-1.1905	-0.31704	0.77897	0.17901	1.1905	0.27307	-0.56327	-0.078043	-1.2282	0.010894	1.2282	0.49192	0.63296	-2.1018	0.50744	-0.77897	2.1018	0.10639	0.31704	-0.43779	-0.13529	0.43779	-0.10259	0.56327	0.11753	0.10259	-0.10639	0.075319	-0.0042593	-0.31337	-0.17901	0.078043	0.19446	-0.11753	0.16271	-0.63296	-0.27307	0.49629	-0.50744	-0.19446	-0.010894	0.0042593	-0.49192	-0.16271	0.5242	-0.49629	0.13529
"305"	0.075319	-0.31337	-0.77897	0.13529	0.50744	0.078043	-0.10639	-2.1018	-0.63296	0.31704	-0.075319	0.43779	-0.0042593	2.1018	0.63296	0.5242	-0.17901	0.17901	-0.10259	0.31337	-0.50744	0.11753	-1.1905	0.10259	0.16271	-0.49192	-0.56327	-0.31704	-0.078043	1.2282	0.49192	-0.27307	-0.49629	0.10639	0.19446	1.1905	-0.16271	0.77897	-0.010894	-0.11753	-0.43779	-1.2282	0.010894	-0.19446	0.27307	0.49629	0.56327	0.0042593	-0.13529	-0.5242
"306"	-0.10259	0.010894	0.17901	-0.16271	0.56327	-2.1018	0.31337	0.63296	0.5242	0.43779	-0.13529	-0.010894	-1.2282	-0.43779	-0.11753	0.13529	-0.5242	-0.49629	-0.075319	0.50744	-0.56327	-0.27307	0.10259	0.0042593	0.19446	0.075319	0.31704	-0.078043	0.10639	0.11753	-0.77897	-0.19446	-0.50744	0.27307	0.49192	0.49629	-0.49192	0.77897	-0.0042593	-0.31704	-0.10639	-0.63296	0.078043	2.1018	1.2282	0.16271	1.1905	-1.1905	-0.31337	-0.17901
"307"	-0.50744	2.1018	-0.010894	-0.078043	-2.1018	-0.0042593	-0.10639	-0.10259	-0.075319	-0.13529	-0.31337	0.11753	-0.19446	-0.17901	-0.31704	0.13529	0.49629	0.19446	-0.5242	0.010894	0.77897	-1.1905	-0.63296	1.2282	-0.16271	0.56327	-1.2282	0.43779	0.17901	0.31704	-0.43779	-0.11753	0.27307	0.5242	0.10259	0.075319	0.16271	0.10639	-0.49192	-0.56327	-0.27307	1.1905	0.49192	0.078043	0.0042593	0.63296	0.50744	-0.49629	-0.77897	0.31337
"308"	-1.1905	-0.078043	-0.27307	0.010894	-0.5242	0.10639	-0.63296	0.10259	0.63296	0.16271	-0.19446	-0.49629	0.56327	0.77897	0.17901	-2.1018	-0.10639	0.31337	0.43779	-0.49192	-0.0042593	-0.16271	0.0042593	2.1018	-0.31704	-0.56327	0.13529	0.5242	0.31704	-0.17901	-0.11753	0.075319	-0.50744	0.11753	0.50744	0.078043	0.27307	0.19446	-0.31337	0.49629	-0.13529	-0.10259	-0.43779	-0.075319	1.1905	0.49192	-1.2282	1.2282	-0.77897	-0.010894
"309"	-0.5242	-0.56327	-0.078043	-0.27307	-0.0042593	-0.10639	-0.19446	0.77897	0.27307	0.010894	0.17901	0.16271	-0.43779	0.31704	0.075319	-0.11753	0.31337	2.1018	0.5242	0.50744	0.13529	-0.17901	0.11753	0.56327	0.49192	-0.50744	-0.63296	-1.1905	-0.31704	-1.2282	0.0042593	0.10259	-0.16271	0.49629	-2.1018	-0.31337	0.10639	0.078043	-0.49629	-0.77897	1.1905	0.63296	-0.075319	0.43779	1.2282	-0.010894	-0.13529	0.19446	-0.49192	-0.10259
"310"	-1.1905	-0.77897	0.5242	0.50744	0.13529	-0.11753	1.2282	-0.17901	-0.27307	0.0042593	-0.078043	-0.075319	-0.63296	2.1018	-1.2282	0.77897	-0.0042593	-0.50744	0.10259	0.27307	-0.49192	0.49192	-0.49629	-0.16271	0.49629	0.31337	-0.13529	0.17901	0.10639	-2.1018	0.078043	1.1905	-0.31337	-0.56327	0.43779	-0.5242	-0.10259	0.19446	0.16271	0.63296	-0.43779	0.075319	0.11753	0.010894	-0.010894	0.56327	-0.10639	-0.19446	-0.31704	0.31704
"311"	-0.5242	-0.77897	0.17901	0.078043	0.49629	-0.010894	0.010894	0.27307	0.31704	-0.0042593	-0.13529	0.77897	0.56327	-0.075319	-0.17901	-0.19446	0.13529	0.43779	0.10639	-0.31337	-0.56327	0.50744	-0.11753	0.49192	0.19446	0.10259	0.075319	0.0042593	0.63296	-0.49629	0.11753	1.1905	-2.1018	0.31337	-1.2282	-0.16271	-0.31704	-0.50744	-0.078043	-0.10639	-0.43779	1.2282	-0.27307	-0.49192	2.1018	-0.10259	0.16271	-1.1905	0.5242	-0.63296
"312"	0.17901	-0.27307	0.13529	0.31704	0.0042593	0.078043	-2.1018	2.1018	1.1905	-0.16271	-0.63296	0.5242	0.49629	-0.11753	-0.43779	-0.0042593	-0.31337	-0.77897	-0.17901	-0.075319	-0.10639	0.075319	-1.1905	0.50744	-0.5242	0.010894	-0.19446	0.31337	-0.56327	0.63296	0.10639	-0.010894	0.43779	-0.50744	-0.078043	0.19446	0.27307	0.77897	0.10259	0.16271	-0.13529	-1.2282	-0.49192	0.11753	-0.49629	-0.31704	0.56327	1.2282	-0.10259	0.49192
"313"	0.13529	1.1905	-0.075319	0.19446	0.075319	-0.10639	-0.16271	-0.10259	0.50744	2.1018	0.078043	0.63296	-0.11753	0.17901	-0.77897	1.2282	-0.27307	0.49629	-0.43779	0.11753	-0.56327	-0.49629	0.77897	-0.50744	-1.1905	-0.31704	-0.31337	-0.13529	-0.078043	-0.010894	0.16271	-0.63296	0.56327	0.0042593	0.49192	-0.0042593	0.31704	-2.1018	-0.19446	-1.2282	0.10259	0.10639	0.27307	0.5242	-0.49192	0.31337	0.43779	-0.17901	0.010894	-0.5242
"314"	-0.10259	-0.16271	0.0042593	-0.10639	0.075319	-0.17901	0.31704	-0.50744	0.10259	-0.31337	-2.1018	0.5242	-0.078043	-0.19446	0.16271	-0.49629	0.078043	1.2282	0.49629	-0.0042593	-1.1905	0.010894	-1.2282	0.56327	-0.13529	-0.010894	1.1905	-0.31704	0.13529	-0.43779	0.27307	-0.27307	2.1018	0.63296	0.43779	0.77897	0.31337	-0.11753	-0.56327	0.50744	-0.63296	-0.77897	0.17901	0.19446	-0.49192	0.10639	0.49192	-0.5242	-0.075319	0.11753
"315"	0.5242	-0.50744	0.19446	0.17901	-0.010894	0.31337	0.10259	-1.1905	-0.10259	0.075319	0.16271	0.50744	-0.11753	-0.10639	-0.5242	-0.77897	0.63296	0.10639	1.2282	2.1018	-0.0042593	-0.075319	0.49192	0.27307	-2.1018	0.56327	1.1905	0.0042593	0.078043	0.13529	0.010894	0.49629	0.11753	-0.49192	-0.27307	-0.43779	-0.56327	-0.31704	-0.49629	0.31704	-0.078043	-0.19446	-1.2282	-0.13529	-0.17901	-0.16271	-0.63296	0.43779	0.77897	-0.31337
"316"	1.2282	-0.10639	0.10639	-0.31704	0.43779	-0.50744	-0.075319	0.49192	0.0042593	0.010894	-0.13529	-0.10259	0.13529	-1.1905	-0.5242	-2.1018	-0.010894	0.5242	-0.27307	0.56327	0.50744	-0.43779	0.77897	1.1905	0.31337	0.16271	-0.56327	0.075319	-0.16271	-0.0042593	-0.31337	0.078043	0.17901	-0.49629	-0.77897	-0.63296	0.19446	0.11753	-0.078043	0.31704	-0.19446	0.27307	-1.2282	-0.11753	0.10259	-0.17901	0.49629	-0.49192	0.63296	2.1018
"317"	0.43779	-0.19446	0.13529	0.0042593	0.10639	-2.1018	0.075319	-0.17901	-0.50744	0.63296	0.27307	-0.078043	-0.49629	-0.27307	-0.13529	0.16271	-0.63296	0.11753	0.19446	-0.0042593	0.49629	0.010894	-0.5242	0.5242	-0.56327	-0.16271	-0.31337	1.2282	0.17901	0.31704	-0.11753	1.1905	0.50744	0.31337	-0.10259	0.078043	0.10259	-1.2282	-0.010894	0.77897	-1.1905	-0.075319	-0.31704	0.56327	-0.10639	-0.43779	-0.49192	2.1018	0.49192	-0.77897
"318"	0.27307	0.31337	-0.13529	1.2282	0.56327	0.078043	0.11753	-0.078043	0.010894	-0.77897	0.19446	0.77897	-0.19446	-0.27307	-0.17901	-0.5242	0.10639	-0.50744	-1.2282	-0.63296	1.1905	-0.010894	0.50744	0.13529	-0.49192	-0.16271	-0.11753	-0.56327	-0.10259	0.5242	-0.31337	-1.1905	0.43779	0.10259	2.1018	0.0042593	-0.0042593	-0.43779	-0.075319	-0.31704	0.17901	0.31704	0.49192	-2.1018	0.16271	0.63296	-0.49629	0.49629	-0.10639	0.075319
"319"	0.31704	-0.16271	0.11753	-0.010894	0.63296	-0.5242	-0.77897	-0.10639	-0.31337	-0.43779	-0.49629	0.075319	0.17901	0.49192	-0.17901	0.43779	-0.56327	-0.075319	0.10639	0.56327	-0.27307	-1.1905	-1.2282	0.77897	-0.19446	0.078043	0.16271	0.31337	2.1018	0.010894	-0.49192	-0.31704	-0.50744	-0.078043	1.1905	0.49629	-2.1018	0.0042593	-0.63296	-0.0042593	-0.10259	0.13529	0.10259	-0.13529	0.19446	0.50744	-0.11753	1.2282	0.27307	0.5242
"320"	0.5242	2.1018	0.13529	-0.17901	-0.50744	-0.56327	-0.010894	0.77897	0.43779	-1.1905	-0.31337	0.50744	0.49629	-0.078043	0.49192	0.16271	0.56327	0.0042593	1.1905	0.10259	0.31704	-0.16271	-0.10639	-0.13529	-0.11753	-0.49192	0.63296	0.11753	0.10639	-0.49629	0.075319	-0.5242	-0.0042593	0.19446	-0.43779	-0.77897	0.010894	0.31337	-1.2282	1.2282	0.17901	-2.1018	-0.075319	-0.31704	0.27307	0.078043	-0.10259	-0.63296	-0.27307	-0.19446
"321"	0.31337	0.078043	-0.5242	0.13529	0.49629	-0.63296	0.50744	-0.17901	-0.075319	0.11753	-0.078043	0.0042593	-0.49629	0.19446	-0.11753	0.010894	-0.16271	-0.10639	-1.1905	2.1018	0.49192	0.77897	-0.31704	0.10639	-0.19446	0.075319	-0.31337	1.1905	0.27307	-0.0042593	-2.1018	-0.56327	0.5242	-0.13529	0.16271	-0.77897	-0.10259	0.31704	0.63296	0.43779	-0.43779	0.56327	1.2282	-0.49192	-0.010894	0.10259	-1.2282	-0.50744	0.17901	-0.27307
"322"	-0.31337	-0.078043	0.43779	-0.17901	0.078043	-0.13529	0.11753	0.49192	0.19446	-0.16271	0.10259	-0.11753	0.77897	-2.1018	-0.50744	-0.49192	0.0042593	0.63296	-0.63296	0.16271	-0.27307	-0.56327	-0.49629	-1.2282	0.075319	0.10639	-0.43779	0.5242	-0.5242	1.2282	0.56327	1.1905	0.31337	0.49629	-0.19446	0.31704	2.1018	-0.075319	-0.0042593	0.010894	-1.1905	0.27307	0.13529	-0.31704	-0.10639	-0.77897	-0.10259	0.50744	-0.010894	0.17901
"323"	0.010894	0.13529	-0.56327	-0.31337	-0.010894	0.31704	0.56327	-0.49629	0.43779	-1.1905	0.10259	-0.17901	-0.31704	-1.2282	-0.075319	1.1905	0.17901	0.078043	0.16271	-0.10259	-0.078043	-2.1018	-0.5242	1.2282	0.075319	0.50744	-0.49192	0.11753	0.5242	0.63296	0.77897	-0.50744	-0.10639	-0.43779	0.31337	-0.77897	-0.19446	-0.16271	0.27307	0.0042593	-0.27307	-0.11753	2.1018	0.19446	-0.63296	0.49629	-0.13529	-0.0042593	0.10639	0.49192
"324"	-0.17901	0.27307	0.078043	0.19446	0.0042593	0.075319	0.49629	-0.5242	0.49192	-0.56327	0.50744	2.1018	-0.19446	-0.31704	-0.0042593	-2.1018	1.2282	0.43779	1.1905	-0.10259	-0.43779	0.31337	-1.1905	0.77897	-0.010894	0.10259	0.16271	-0.31337	-0.11753	-0.16271	0.63296	-0.49629	0.17901	-0.77897	-0.63296	-0.078043	-0.50744	-1.2282	0.13529	0.10639	-0.075319	0.31704	-0.27307	0.010894	-0.10639	-0.13529	-0.49192	0.11753	0.5242	0.56327
"325"	-2.1018	-0.17901	-0.11753	-0.49629	0.50744	-0.49192	-0.10259	0.19446	-0.19446	-0.010894	0.56327	0.31704	0.77897	-0.31704	0.63296	0.11753	0.16271	0.17901	-0.16271	-0.50744	-0.43779	-0.0042593	0.010894	0.075319	-0.63296	0.10259	-0.31337	0.43779	-0.27307	-1.1905	0.0042593	-0.5242	0.49192	0.078043	-0.075319	-0.078043	-0.13529	0.10639	2.1018	-1.2282	1.2282	0.5242	0.13529	1.1905	0.27307	-0.77897	0.49629	0.31337	-0.10639	-0.56327
"326"	-0.49192	-0.19446	0.5242	0.49629	-0.17901	-1.1905	1.1905	0.075319	0.27307	-0.56327	-0.31704	0.63296	0.49192	-1.2282	0.43779	-0.27307	-0.5242	0.0042593	0.010894	0.16271	0.17901	-0.77897	-0.11753	0.078043	-0.63296	0.31704	-0.16271	-0.010894	-0.43779	-0.078043	0.10259	0.56327	2.1018	0.31337	-0.31337	-0.13529	0.13529	0.10639	0.77897	-0.49629	-2.1018	-0.10259	-0.50744	-0.075319	-0.10639	-0.0042593	0.11753	0.50744	0.19446	1.2282
"327"	-0.49629	-0.31704	0.10639	-0.13529	-0.16271	0.078043	-0.075319	2.1018	0.63296	-0.5242	-0.10259	-0.56327	0.5242	0.10259	0.77897	1.1905	-0.49192	-0.078043	0.50744	-0.11753	0.13529	0.49192	-2.1018	-0.10639	0.11753	-0.43779	-0.19446	0.0042593	0.56327	-0.0042593	0.010894	0.43779	-0.31337	-0.63296	-0.27307	0.19446	0.075319	1.2282	-0.50744	0.31704	0.16271	0.31337	0.27307	-0.17901	-0.77897	-0.010894	-1.1905	-1.2282	0.49629	0.17901
"328"	0.075319	-0.56327	0.5242	0.77897	0.16271	-0.63296	-0.5242	-0.10259	-1.1905	-1.2282	-0.27307	0.19446	0.27307	0.0042593	0.31337	-0.43779	0.010894	-0.16271	-0.0042593	-0.77897	-2.1018	-0.13529	-0.19446	-0.49192	0.56327	-0.50744	0.63296	0.31704	0.10259	-0.010894	-0.11753	0.10639	-0.31337	-0.31704	0.11753	1.2282	-0.10639	1.1905	0.43779	0.17901	2.1018	-0.078043	0.078043	-0.075319	0.13529	-0.17901	0.50744	0.49629	-0.49629	0.49192
"329"	-0.075319	2.1018	-0.43779	-0.10259	0.010894	0.49192	1.2282	-0.77897	-0.16271	0.63296	-0.31704	-0.5242	0.50744	0.10639	0.27307	0.078043	-0.63296	0.49629	0.13529	-0.13529	-0.31337	-1.2282	0.31704	0.17901	0.11753	0.77897	-0.27307	-1.1905	-0.17901	0.56327	-0.56327	0.16271	-0.49629	0.43779	0.10259	-0.10639	0.19446	-0.11753	0.0042593	-0.19446	0.31337	-0.49192	-0.010894	1.1905	-0.50744	0.075319	-0.0042593	-0.078043	-2.1018	0.5242
"330"	0.31337	-0.10639	0.43779	0.0042593	2.1018	-0.17901	0.50744	0.10259	0.63296	0.075319	1.2282	0.49629	-0.31337	-0.0042593	-0.010894	0.77897	-1.1905	0.11753	-0.16271	-0.10259	-0.11753	-2.1018	0.27307	-0.50744	0.31704	-1.2282	-0.63296	0.5242	0.49192	0.17901	0.078043	0.16271	0.10639	-0.075319	0.13529	-0.078043	0.19446	0.56327	1.1905	-0.27307	-0.13529	-0.77897	-0.49192	-0.56327	0.010894	-0.19446	-0.43779	-0.49629	-0.31704	-0.5242
"331"	-0.43779	-0.56327	0.11753	0.56327	-0.63296	0.10639	0.010894	0.075319	-1.1905	-0.27307	-0.50744	0.31704	-2.1018	0.77897	-0.16271	-0.11753	0.078043	0.17901	0.10259	-0.075319	-0.010894	0.19446	-0.49192	1.1905	0.5242	-0.19446	-0.10259	-0.0042593	0.63296	-0.13529	-0.078043	-0.49629	-0.77897	0.16271	-0.31704	0.31337	1.2282	0.49192	0.43779	2.1018	0.49629	-0.5242	0.13529	-0.31337	0.0042593	-0.10639	-1.2282	0.27307	0.50744	-0.17901
"332"	-0.50744	-0.56327	0.49629	2.1018	0.17901	-0.10259	0.77897	-1.1905	0.075319	0.27307	0.010894	0.31337	-0.63296	0.19446	-0.5242	0.49192	-0.13529	0.10259	-0.49629	0.31704	-0.16271	-0.075319	0.63296	0.13529	-0.77897	0.5242	0.10639	-0.010894	-0.43779	0.078043	0.43779	1.2282	-0.078043	-0.10639	0.56327	-0.31337	-0.19446	0.50744	-0.0042593	0.16271	-1.2282	-0.27307	0.0042593	0.11753	-0.11753	1.1905	-2.1018	-0.17901	-0.31704	-0.49192
"333"	-0.17901	0.078043	0.10259	0.10639	-0.19446	0.16271	0.49629	1.2282	-0.16271	2.1018	0.63296	0.11753	-0.010894	-0.49192	0.43779	-0.63296	-0.31704	-0.10639	1.1905	-0.5242	0.31704	0.5242	-0.0042593	-0.078043	0.50744	0.31337	-1.1905	0.49192	-0.77897	-0.31337	-0.075319	0.010894	-0.50744	-0.49629	0.77897	-0.10259	-0.13529	0.56327	0.0042593	-2.1018	0.19446	0.27307	0.13529	-0.43779	-0.11753	-0.27307	-0.56327	-1.2282	0.075319	0.17901
"334"	0.56327	0.31704	-0.49192	0.27307	-0.31704	0.17901	-0.49629	-0.56327	0.31337	0.49192	-0.43779	-0.0042593	1.1905	0.19446	0.078043	0.77897	2.1018	0.13529	-0.63296	0.5242	0.43779	0.11753	0.16271	-0.27307	-0.5242	-0.010894	-2.1018	-0.50744	-0.77897	0.10639	-0.078043	0.075319	0.49629	-0.13529	-1.2282	-0.10639	-0.19446	-1.1905	-0.075319	0.010894	0.50744	-0.11753	-0.10259	-0.16271	1.2282	0.63296	0.10259	-0.17901	0.0042593	-0.31337
"335"	-0.0042593	1.1905	-0.27307	-0.16271	0.5242	-0.075319	0.27307	1.2282	0.17901	-1.2282	-0.078043	-0.49192	0.078043	0.075319	0.49192	-0.010894	0.77897	0.19446	-0.10639	-0.10259	0.31337	0.49629	0.43779	-0.63296	0.56327	-0.19446	0.0042593	0.63296	0.10639	0.10259	0.50744	-0.50744	-0.11753	0.11753	-0.13529	0.16271	0.010894	-1.1905	0.13529	-0.31704	-0.49629	-0.77897	-2.1018	2.1018	-0.17901	0.31704	-0.5242	-0.56327	-0.31337	-0.43779
"336"	-0.43779	-0.11753	-0.77897	-0.31704	0.56327	-0.50744	0.31704	0.63296	0.010894	-0.075319	-0.19446	0.5242	0.11753	0.16271	-0.63296	2.1018	1.1905	-1.2282	-0.10639	0.31337	-0.27307	-0.5242	0.10639	-2.1018	-0.0042593	0.43779	0.19446	0.49192	0.49629	-0.010894	0.77897	-0.13529	-1.1905	0.075319	0.10259	-0.31337	-0.49629	-0.078043	1.2282	-0.16271	0.078043	-0.49192	0.17901	-0.17901	-0.56327	0.13529	0.27307	-0.10259	0.50744	0.0042593
"337"	-0.17901	0.27307	-0.56327	0.16271	0.77897	0.010894	-0.19446	-0.31704	0.49192	-0.010894	-0.078043	-1.2282	-0.16271	0.31337	-0.50744	0.11753	-0.075319	-0.11753	-0.63296	0.075319	-1.1905	0.10639	1.1905	0.43779	-2.1018	-0.10259	-0.49192	1.2282	-0.43779	0.0042593	-0.31337	-0.5242	0.49629	0.17901	-0.27307	-0.10639	0.19446	0.078043	0.5242	0.56327	0.63296	-0.13529	-0.49629	0.31704	-0.77897	0.10259	-0.0042593	2.1018	0.13529	0.50744
"338"	0.63296	-0.31337	-0.50744	0.075319	0.19446	0.17901	-1.1905	1.2282	0.43779	0.77897	-0.0042593	-0.17901	0.49192	0.13529	0.27307	-0.63296	0.16271	-0.13529	-0.43779	0.11753	1.1905	0.5242	-0.075319	0.31337	-0.77897	2.1018	-0.11753	-0.19446	0.10639	0.078043	-2.1018	-0.10639	0.31704	0.49629	-0.10259	-0.16271	0.50744	-0.31704	-0.5242	-0.56327	-0.49629	-0.49192	-1.2282	-0.27307	-0.078043	0.010894	0.56327	-0.010894	0.10259	0.0042593
"339"	0.10259	0.50744	-0.078043	0.49192	0.075319	-0.49629	0.56327	-0.31704	-0.50744	1.2282	0.0042593	-0.075319	0.078043	-0.19446	1.1905	0.16271	-0.5242	-0.10639	0.27307	0.63296	-0.010894	-1.2282	0.17901	0.31704	0.43779	0.10639	-0.77897	-0.31337	0.13529	-0.43779	-0.10259	0.19446	-0.56327	-0.13529	-0.11753	2.1018	-0.27307	-2.1018	-0.16271	-0.63296	-0.0042593	0.11753	0.010894	0.77897	0.5242	0.49629	-1.1905	0.31337	-0.49192	-0.17901
"340"	1.1905	1.2282	0.5242	-0.010894	-0.11753	-0.49629	0.17901	0.19446	-0.075319	0.0042593	-0.50744	-1.2282	-2.1018	-0.43779	-0.10639	0.50744	-0.0042593	-0.27307	0.10259	-0.16271	0.49192	-0.63296	0.77897	-0.10259	0.078043	0.49629	0.43779	0.11753	-0.5242	-0.56327	0.16271	-0.49192	0.010894	-1.1905	2.1018	0.13529	-0.31704	0.31337	-0.078043	0.075319	-0.31337	0.63296	0.31704	-0.13529	-0.19446	-0.77897	-0.17901	0.56327	0.27307	0.10639
"341"	-0.075319	0.13529	0.10639	-0.77897	0.075319	-0.078043	0.5242	-0.49629	0.49629	-0.5242	1.2282	-1.1905	-0.27307	0.27307	-2.1018	0.19446	0.010894	-0.63296	-0.31337	0.10259	0.31704	-0.31704	0.43779	-0.19446	0.16271	-0.0042593	-1.2282	0.0042593	-0.17901	-0.49192	-0.56327	-0.11753	0.11753	0.56327	-0.50744	2.1018	0.17901	-0.43779	-0.13529	-0.16271	1.1905	-0.010894	0.77897	0.63296	0.49192	0.31337	-0.10639	0.078043	-0.10259	0.50744
"342"	-0.77897	-0.31337	-0.10259	-1.1905	-0.5242	-0.31704	0.13529	2.1018	-0.49629	-0.19446	-0.10639	-0.13529	0.010894	0.16271	-0.43779	0.10259	0.078043	-0.078043	0.31704	0.63296	-0.0042593	-0.49192	-0.11753	-0.27307	0.11753	0.49629	0.10639	1.1905	0.77897	-0.17901	-0.63296	-0.56327	0.31337	-0.075319	0.0042593	0.56327	0.075319	1.2282	0.19446	-2.1018	-1.2282	-0.010894	-0.50744	0.5242	0.49192	0.50744	0.43779	0.27307	0.17901	-0.16271
"343"	-0.49192	-0.31704	0.10639	0.17901	-0.11753	0.075319	0.10259	0.5242	-0.56327	-0.16271	-0.17901	-1.2282	-0.77897	-0.10259	-2.1018	-0.27307	1.2282	-0.63296	-1.1905	0.31704	0.13529	-0.5242	-0.078043	0.19446	-0.43779	0.010894	1.1905	-0.075319	0.49629	0.56327	0.0042593	0.27307	0.11753	2.1018	0.16271	-0.0042593	-0.31337	0.77897	0.63296	-0.10639	-0.13529	-0.50744	0.49192	0.078043	0.43779	-0.49629	0.31337	-0.19446	0.50744	-0.010894
"344"	0.19446	0.10639	0.49629	0.0042593	-0.27307	-0.50744	0.31337	1.2282	-0.56327	-0.078043	-0.10639	-0.10259	-0.77897	-1.2282	-0.19446	-0.13529	-0.31704	-2.1018	0.13529	-0.17901	-0.11753	-0.49192	-1.1905	2.1018	0.63296	-0.0042593	0.11753	0.27307	0.56327	-0.010894	0.31704	1.1905	0.17901	0.075319	-0.16271	-0.49629	-0.075319	0.49192	0.16271	0.010894	0.43779	-0.43779	-0.31337	-0.63296	-0.5242	0.5242	0.50744	0.078043	0.77897	0.10259
"345"	-0.16271	0.13529	0.19446	0.075319	0.16271	-0.17901	0.31704	0.56327	0.43779	-0.078043	0.27307	0.10259	0.50744	-0.31337	-0.50744	-0.49192	-0.43779	1.1905	-0.10639	0.49629	0.31337	2.1018	0.63296	0.11753	0.5242	-0.075319	0.77897	-0.77897	1.2282	-0.27307	-1.1905	0.010894	-0.0042593	-0.5242	-0.13529	-0.31704	-0.11753	-0.56327	0.49192	-1.2282	0.17901	-0.19446	-0.49629	-0.63296	0.10639	-2.1018	0.0042593	-0.10259	-0.010894	0.078043
"346"	0.63296	-0.19446	-0.17901	-0.5242	-1.1905	-0.010894	-0.11753	0.77897	0.43779	0.49629	-0.31337	0.010894	-0.078043	2.1018	0.56327	0.50744	0.075319	1.2282	-0.16271	0.5242	0.0042593	-0.56327	1.1905	-0.49629	-0.43779	-0.31704	0.13529	0.16271	0.10259	0.31337	-0.63296	0.078043	-0.50744	-0.0042593	0.31704	0.17901	-0.77897	-2.1018	-0.27307	-1.2282	-0.13529	0.19446	0.27307	-0.10639	0.11753	0.10639	-0.49192	-0.10259	-0.075319	0.49192
"347"	-0.49629	0.078043	-0.13529	-0.27307	0.49192	0.50744	2.1018	0.16271	0.075319	0.19446	-0.11753	-0.63296	-0.19446	-1.1905	0.49629	0.27307	-0.31704	0.5242	0.11753	0.17901	0.10259	-0.31337	-0.43779	-0.5242	-0.56327	1.1905	0.56327	-0.10259	-0.17901	-0.0042593	-2.1018	0.10639	-0.50744	0.0042593	0.31704	-0.49192	-0.16271	0.010894	1.2282	0.43779	-1.2282	-0.77897	-0.078043	0.63296	-0.10639	0.77897	0.13529	-0.075319	-0.010894	0.31337
"348"	0.49192	0.19446	-0.49629	-0.10259	0.77897	0.0042593	0.17901	-0.10639	0.11753	-0.010894	-0.27307	-0.078043	0.10639	0.5242	-0.31337	1.2282	-0.075319	-0.63296	-0.43779	-0.56327	0.10259	-2.1018	-0.11753	-0.13529	2.1018	0.31337	0.50744	-1.2282	0.27307	0.49629	0.010894	1.1905	0.31704	0.13529	0.075319	0.078043	0.63296	-0.0042593	0.56327	-0.19446	-0.77897	0.43779	-0.16271	-0.17901	-0.31704	-1.1905	0.16271	-0.49192	-0.5242	-0.50744
"349"	-0.13529	-0.43779	0.49629	-0.5242	0.10259	-0.078043	-0.010894	0.13529	0.075319	0.50744	-1.2282	0.77897	-0.56327	0.10639	-0.31704	0.5242	-2.1018	-0.0042593	-0.075319	-0.19446	0.16271	-1.1905	-0.50744	0.078043	0.31704	-0.17901	0.43779	0.010894	0.31337	0.63296	0.27307	-0.10259	-0.49192	-0.27307	1.2282	2.1018	-0.31337	-0.10639	0.56327	1.1905	0.0042593	0.19446	0.17901	0.49192	0.11753	-0.63296	-0.16271	-0.77897	-0.11753	-0.49629
"350"	-2.1018	0.63296	0.77897	0.10639	-1.1905	2.1018	0.078043	0.13529	-0.27307	0.50744	0.43779	0.19446	-0.10639	0.49629	-0.16271	-0.49192	-0.11753	0.31704	-0.19446	0.31337	-0.77897	0.10259	-0.49629	0.075319	1.1905	1.2282	0.49192	-0.31337	-0.31704	-0.63296	-1.2282	0.11753	0.0042593	-0.010894	0.27307	-0.17901	-0.075319	-0.10259	-0.078043	0.5242	-0.50744	-0.5242	0.17901	-0.43779	-0.56327	0.56327	0.010894	-0.0042593	0.16271	-0.13529
"351"	-0.5242	-0.31337	-0.49629	0.31704	0.27307	-0.13529	-0.0042593	1.1905	0.0042593	0.63296	0.43779	-1.1905	0.16271	-0.56327	-1.2282	-0.63296	0.5242	0.31337	-0.31704	0.10259	-0.10639	-0.11753	0.19446	0.075319	0.10639	-0.49192	0.50744	0.11753	-0.77897	0.49629	-0.43779	1.2282	-2.1018	0.17901	-0.27307	-0.19446	0.078043	0.13529	0.49192	-0.16271	2.1018	0.010894	-0.17901	-0.50744	-0.10259	0.56327	-0.010894	-0.078043	-0.075319	0.77897
"352"	-0.63296	-0.77897	-0.078043	-0.16271	0.5242	2.1018	0.49629	0.19446	0.16271	-0.13529	-0.5242	-0.10259	-0.11753	-0.31337	0.27307	-0.50744	0.078043	0.10639	-0.10639	0.56327	0.43779	-0.56327	0.11753	-1.2282	0.075319	0.77897	-0.010894	0.31337	-2.1018	1.2282	0.31704	-0.075319	-0.49192	0.49192	0.10259	0.13529	-0.0042593	-0.27307	0.010894	-1.1905	-0.49629	-0.19446	0.17901	0.63296	0.0042593	-0.31704	-0.17901	0.50744	-0.43779	1.1905
"353"	-1.1905	0.10639	0.078043	-0.17901	1.2282	-2.1018	0.63296	0.010894	-0.10639	0.43779	-0.77897	0.49629	0.13529	-0.49192	0.17901	-0.11753	-0.63296	-1.2282	0.16271	-0.31337	2.1018	-0.010894	-0.13529	-0.50744	-0.5242	0.49192	-0.16271	-0.56327	0.27307	0.50744	-0.0042593	-0.075319	-0.49629	-0.078043	0.0042593	0.56327	-0.10259	-0.31704	0.11753	1.1905	0.31337	0.19446	0.075319	-0.27307	0.10259	0.31704	0.77897	-0.19446	0.5242	-0.43779
"354"	2.1018	-0.31337	-0.010894	-0.77897	-0.27307	0.17901	-0.17901	-0.075319	0.27307	0.13529	0.50744	0.31704	0.77897	0.43779	0.49629	-0.10259	-0.0042593	0.19446	-0.16271	-0.56327	0.0042593	-1.2282	-0.43779	-0.63296	0.078043	0.49192	0.31337	-0.49192	-0.13529	0.5242	0.075319	-0.5242	-0.50744	1.2282	-0.19446	0.10259	-2.1018	0.11753	-0.11753	0.10639	-0.10639	-1.1905	0.16271	-0.078043	1.1905	-0.31704	0.010894	0.56327	0.63296	-0.49629
"355"	0.17901	0.31337	-0.010894	-0.31337	0.10639	-0.078043	1.1905	0.5242	0.11753	-0.49192	-1.1905	0.13529	0.77897	-0.50744	-0.19446	0.0042593	0.63296	0.43779	0.27307	-0.075319	-1.2282	0.50744	-0.11753	-0.17901	-0.5242	-0.0042593	-0.43779	0.16271	2.1018	-0.56327	-0.10259	0.49192	-0.63296	0.49629	0.078043	-0.27307	0.31704	0.56327	-0.10639	-0.16271	-0.13529	0.19446	1.2282	-0.31704	0.075319	-2.1018	0.010894	-0.77897	0.10259	-0.49629
"356"	-0.10259	0.19446	-0.50744	-0.56327	-0.11753	-0.63296	-0.77897	-0.49629	0.27307	0.10639	0.50744	-0.0042593	0.5242	-0.13529	0.49192	-0.10639	-0.075319	0.31337	0.11753	0.075319	-1.1905	1.1905	-0.31337	-0.19446	0.010894	0.49629	-0.16271	0.10259	-2.1018	0.56327	-0.5242	0.16271	1.2282	0.13529	0.43779	0.0042593	-0.31704	0.078043	-0.078043	0.31704	-0.43779	-0.27307	-0.49192	0.77897	-1.2282	-0.010894	0.17901	2.1018	0.63296	-0.17901
"357"	0.31337	-1.2282	-0.56327	-0.50744	0.010894	0.10639	0.50744	-0.43779	-0.16271	0.19446	2.1018	1.2282	0.17901	-0.10259	-0.19446	-0.31337	-0.078043	-0.10639	-0.17901	-0.27307	-0.49192	0.16271	0.13529	0.11753	-0.77897	-0.0042593	0.075319	-0.075319	0.49629	0.27307	0.078043	0.10259	0.56327	-0.010894	0.49192	-1.1905	0.43779	-2.1018	0.77897	-0.11753	0.63296	-0.49629	-0.63296	-0.5242	-0.13529	0.31704	0.0042593	1.1905	-0.31704	0.5242
"358"	0.63296	0.50744	-0.078043	0.010894	0.31337	0.11753	0.49629	0.5242	0.0042593	0.27307	-1.2282	-0.50744	0.075319	0.31704	-0.56327	-2.1018	-0.075319	-0.0042593	-0.77897	0.19446	-0.13529	-0.5242	-0.63296	1.2282	-0.49192	-0.16271	-0.19446	1.1905	-1.1905	-0.43779	0.078043	-0.27307	-0.010894	0.49192	0.17901	-0.31704	0.10259	-0.17901	-0.11753	0.10639	0.16271	-0.31337	0.43779	0.56327	0.13529	2.1018	0.77897	-0.49629	-0.10259	-0.10639
"359"	-2.1018	1.2282	0.77897	0.10639	1.1905	-0.63296	0.16271	-0.56327	-0.31337	-0.49629	0.11753	0.56327	0.27307	0.19446	0.49192	0.63296	0.0042593	-0.0042593	-0.27307	0.010894	-0.17901	-0.010894	0.5242	0.17901	0.43779	-0.19446	-0.078043	-0.49192	0.31337	-0.50744	-0.10259	-0.5242	0.078043	0.10259	-0.11753	-0.31704	-0.43779	-0.10639	0.31704	-1.2282	-0.13529	0.075319	-0.16271	2.1018	0.13529	-0.77897	0.49629	0.50744	-0.075319	-1.1905
"360"	-0.078043	-0.31704	0.56327	0.31704	0.5242	-0.43779	0.10259	-1.1905	0.010894	0.49192	-0.27307	-0.10639	-0.63296	-0.13529	-0.17901	0.0042593	-0.19446	0.31337	0.19446	-0.0042593	-0.010894	1.2282	-0.31337	0.16271	-1.2282	0.63296	-0.77897	2.1018	0.11753	0.43779	-0.11753	0.10639	-0.49192	0.27307	0.13529	0.075319	-0.5242	-2.1018	0.49629	-0.50744	0.50744	-0.075319	0.17901	-0.16271	0.77897	-0.10259	-0.49629	-0.56327	0.078043	1.1905
"361"	-0.31704	1.2282	0.10639	-0.0042593	-0.43779	-0.77897	-0.19446	-0.10259	-0.50744	-0.63296	-2.1018	0.075319	-1.1905	-0.56327	0.5242	2.1018	0.078043	0.77897	-0.010894	-0.10639	-0.13529	0.31337	0.50744	-0.075319	-0.5242	0.16271	0.31704	0.19446	1.1905	0.27307	-0.11753	-0.27307	-0.078043	0.11753	0.17901	-0.31337	-0.16271	-1.2282	0.49192	0.0042593	-0.49629	0.49629	-0.49192	0.63296	0.010894	0.43779	0.10259	0.13529	0.56327	-0.17901
"362"	-0.0042593	0.11753	0.0042593	0.56327	-0.31337	0.17901	0.31337	0.50744	0.77897	0.43779	-0.17901	-0.49629	1.2282	-0.19446	-0.27307	-0.77897	0.63296	-0.075319	-0.5242	-0.13529	-0.10639	-0.31704	-0.16271	-0.43779	0.31704	2.1018	0.49192	1.1905	0.010894	0.19446	-0.49192	0.13529	0.078043	0.27307	-0.10259	-0.078043	-0.010894	-0.56327	0.075319	0.49629	0.5242	0.10259	-1.2282	-0.11753	0.16271	-0.63296	0.10639	-2.1018	-0.50744	-1.1905
"363"	0.19446	0.0042593	-0.49629	1.2282	1.1905	0.27307	0.31704	-0.77897	0.11753	-0.27307	0.16271	-0.10259	0.77897	-0.31704	-0.43779	-0.5242	-1.1905	-0.010894	-0.31337	-0.17901	-0.13529	0.075319	0.56327	-2.1018	0.49192	-0.50744	-0.075319	0.31337	0.5242	2.1018	-0.49192	0.49629	-0.0042593	0.10639	-0.56327	-0.11753	0.43779	-0.63296	-0.10639	0.50744	0.17901	0.010894	0.63296	-0.16271	0.13529	-1.2282	-0.078043	-0.19446	0.10259	0.078043
"364"	2.1018	0.5242	-0.49629	-0.17901	-0.31337	-0.10259	0.16271	0.078043	-0.10639	-0.27307	-0.0042593	-0.63296	-0.13529	-0.010894	0.56327	-1.1905	0.19446	0.63296	0.10639	0.43779	-0.078043	0.31704	1.2282	0.0042593	0.49629	0.27307	-2.1018	0.50744	1.1905	0.010894	-0.31704	0.31337	-0.50744	0.49192	-0.11753	-0.49192	-1.2282	0.075319	-0.77897	-0.16271	-0.43779	0.77897	0.10259	0.13529	-0.19446	-0.075319	0.17901	0.11753	-0.5242	-0.56327
"365"	-0.27307	-0.10639	-0.77897	0.13529	0.31704	-0.19446	-1.1905	0.43779	0.5242	1.1905	0.49192	0.31337	0.10259	-2.1018	-0.31337	-0.13529	1.2282	-0.49192	-0.63296	-0.50744	-0.10259	0.10639	-0.010894	-0.16271	0.11753	0.77897	-0.31704	-0.43779	-0.11753	0.16271	2.1018	0.075319	-0.17901	-1.2282	-0.078043	-0.49629	0.27307	0.17901	0.19446	-0.075319	0.010894	0.63296	0.50744	0.49629	-0.5242	0.0042593	-0.56327	-0.0042593	0.56327	0.078043
"366"	0.49192	-0.31704	-0.19446	0.43779	0.56327	1.2282	0.11753	-0.56327	-0.078043	-0.16271	-0.10259	0.10639	-0.5242	-0.31337	-2.1018	-0.27307	0.49629	-0.010894	-0.10639	-0.49629	-0.43779	0.63296	0.10259	-0.13529	-0.50744	0.50744	2.1018	0.27307	0.0042593	-1.2282	0.16271	0.5242	0.13529	0.77897	0.075319	-0.11753	0.078043	1.1905	-0.49192	-0.77897	0.31337	-0.0042593	0.010894	0.17901	0.31704	0.19446	-0.075319	-0.17901	-0.63296	-1.1905
"367"	0.31704	0.31337	-0.10259	0.27307	0.56327	0.13529	0.77897	-0.078043	0.49629	-0.56327	0.19446	-2.1018	0.075319	0.49192	-0.49192	0.010894	-0.17901	1.2282	-0.19446	-0.5242	-1.2282	-0.10639	-0.43779	-0.49629	0.078043	0.50744	-0.77897	1.1905	-0.11753	-0.63296	-0.16271	0.11753	0.43779	0.16271	2.1018	0.63296	-0.27307	-0.50744	-0.075319	-0.0042593	-0.31704	0.10259	0.0042593	-1.1905	-0.010894	0.17901	-0.13529	0.10639	-0.31337	0.5242
"368"	-0.27307	-0.078043	0.27307	0.77897	0.13529	-0.43779	-0.31704	0.49629	0.31337	-0.49192	-0.075319	0.078043	-0.5242	-0.17901	-0.13529	-0.31337	-2.1018	-0.77897	-0.50744	-0.0042593	0.10259	-0.56327	0.56327	0.31704	-0.10259	0.11753	0.19446	-0.49629	-0.19446	0.16271	-0.11753	-0.10639	2.1018	0.10639	1.1905	0.075319	-1.1905	-0.63296	0.010894	0.17901	0.63296	-1.2282	0.49192	-0.010894	0.5242	-0.16271	0.50744	0.0042593	1.2282	0.43779
"369"	0.17901	-2.1018	0.63296	0.27307	-0.16271	-0.56327	-0.11753	-0.31704	-0.5242	-0.0042593	0.31704	-1.2282	0.10639	0.10259	0.31337	0.5242	0.16271	-0.075319	-0.49629	-0.43779	0.19446	0.77897	-0.49192	-0.31337	0.078043	0.0042593	-0.10639	-0.17901	0.49192	-0.77897	0.56327	0.010894	-0.63296	-0.19446	-0.10259	1.2282	-0.078043	1.1905	-0.27307	0.50744	2.1018	-0.010894	0.49629	-0.50744	-0.13529	-1.1905	0.075319	0.43779	0.11753	0.13529
"370"	-2.1018	-0.0042593	0.49192	0.17901	-0.010894	0.56327	-0.17901	-1.2282	1.1905	0.13529	0.010894	0.075319	1.2282	-0.31337	-0.16271	0.31337	0.63296	-0.5242	-0.075319	-0.10639	-0.13529	0.16271	0.49629	-1.1905	0.27307	-0.63296	0.10259	0.19446	0.43779	-0.10259	0.10639	0.078043	0.31704	-0.50744	-0.56327	0.50744	-0.19446	-0.11753	0.0042593	-0.49629	-0.27307	0.5242	0.77897	0.11753	-0.77897	-0.43779	-0.31704	-0.078043	-0.49192	2.1018
"371"	-0.31337	-0.5242	0.10639	2.1018	0.0042593	-0.49629	0.10259	0.31337	-1.2282	0.27307	0.13529	0.19446	-0.63296	-0.16271	0.16271	0.50744	-0.19446	0.31704	-0.010894	-0.56327	-0.77897	-0.27307	-0.078043	-0.50744	-0.10639	-2.1018	-0.31704	0.078043	0.11753	0.63296	0.56327	-0.43779	1.2282	-0.0042593	-0.49192	0.075319	0.49629	0.5242	-1.1905	-0.17901	-0.11753	0.49192	-0.075319	1.1905	0.17901	-0.13529	-0.10259	0.43779	0.010894	0.77897
"372"	-0.16271	-0.56327	-0.5242	-0.31337	1.2282	-0.11753	-1.2282	0.075319	-0.010894	0.50744	-0.49192	-0.43779	-0.19446	0.16271	0.63296	0.5242	-0.10639	0.10259	-0.31704	0.77897	0.0042593	0.31704	-0.27307	-0.075319	-0.63296	0.078043	0.43779	2.1018	0.11753	0.19446	0.27307	-0.13529	0.10639	0.49629	-1.1905	1.1905	-2.1018	0.56327	0.13529	-0.49629	-0.078043	0.49192	-0.50744	-0.77897	-0.17901	-0.0042593	0.010894	-0.10259	0.31337	0.17901
"373"	0.50744	-0.50744	-0.56327	0.56327	-0.10639	1.1905	-0.10259	-1.1905	0.13529	-2.1018	-0.31704	-0.13529	-0.0042593	0.19446	0.010894	-0.63296	-0.078043	-0.43779	0.16271	0.63296	0.0042593	-0.27307	0.27307	0.49192	-0.77897	-0.5242	2.1018	0.078043	-0.16271	0.43779	-0.010894	0.49629	0.31704	-0.31337	0.075319	0.11753	-0.075319	-0.49192	0.10259	0.77897	-0.49629	1.2282	-0.19446	-0.11753	0.10639	0.31337	0.5242	-1.2282	-0.17901	0.17901
"374"	0.10639	-0.31704	-0.56327	-0.075319	0.11753	-0.11753	-1.1905	0.075319	-0.27307	0.10259	-0.77897	-0.13529	-0.63296	-0.49192	-0.5242	0.31704	0.19446	0.49629	0.27307	0.17901	0.078043	-0.0042593	-0.16271	0.63296	0.50744	0.43779	0.56327	-0.19446	0.5242	1.2282	1.1905	-0.49629	2.1018	-0.10639	0.31337	-0.10259	0.13529	0.0042593	-0.17901	-0.010894	-0.078043	-0.50744	0.49192	-0.31337	-0.43779	-2.1018	0.77897	0.010894	-1.2282	0.16271
"375"	0.10639	0.43779	-0.63296	-0.078043	0.19446	-0.43779	0.77897	-0.11753	0.0042593	0.5242	-0.10259	0.078043	-0.31704	0.17901	-0.19446	-0.075319	-0.0042593	-0.77897	-2.1018	0.50744	1.1905	0.49192	0.11753	-0.56327	2.1018	0.075319	-1.2282	-0.49629	0.27307	-0.31337	0.49629	-0.49192	0.16271	0.10259	0.56327	0.010894	0.31337	0.31704	-0.50744	0.63296	-0.27307	-0.5242	-0.16271	0.13529	-1.1905	-0.10639	-0.010894	1.2282	-0.17901	-0.13529
"376"	-0.49192	-0.63296	-2.1018	0.49629	0.31704	-0.5242	0.50744	0.11753	0.075319	-0.010894	0.16271	-0.11753	-0.27307	-0.10639	1.2282	-0.56327	-0.16271	-0.13529	0.0042593	-1.1905	-0.31337	1.1905	0.63296	0.010894	-1.2282	0.5242	-0.19446	2.1018	-0.10259	0.19446	0.56327	-0.17901	-0.078043	0.10259	0.31337	0.27307	0.078043	-0.50744	0.10639	0.13529	0.49192	-0.0042593	-0.43779	0.77897	0.17901	-0.075319	0.43779	-0.77897	-0.49629	-0.31704
"377"	0.010894	0.5242	0.50744	0.49192	1.1905	2.1018	0.49629	-0.50744	1.2282	0.56327	-0.17901	-0.31704	-0.5242	0.31337	-0.0042593	-0.43779	0.13529	0.10259	0.16271	0.27307	-0.10639	-0.078043	-1.2282	-0.49629	0.078043	0.77897	-0.56327	-0.49192	-2.1018	-1.1905	-0.11753	0.17901	-0.77897	0.43779	0.10639	-0.63296	-0.075319	-0.19446	-0.27307	-0.10259	-0.13529	0.63296	-0.31337	-0.010894	0.19446	-0.16271	0.31704	0.075319	0.11753	0.0042593
"378"	-0.31337	0.10259	0.010894	1.2282	0.19446	-0.0042593	-0.19446	0.078043	0.77897	0.5242	-0.10259	-0.010894	-1.2282	-0.50744	-0.13529	0.13529	2.1018	0.56327	0.49192	0.10639	0.0042593	0.50744	-0.17901	-0.5242	-0.11753	-0.49629	0.17901	0.63296	-0.27307	0.27307	-0.10639	0.49629	0.075319	-1.1905	0.43779	-0.16271	-0.77897	0.31337	-0.43779	-2.1018	-0.63296	-0.49192	-0.075319	0.31704	-0.078043	1.1905	-0.31704	0.11753	-0.56327	0.16271
"379"	-0.19446	-0.010894	-0.075319	-0.11753	1.2282	0.31337	0.10639	-0.10639	0.31704	-0.43779	-0.50744	0.49629	-0.5242	0.27307	0.0042593	0.078043	-1.1905	0.43779	-1.2282	0.10259	-0.31704	1.1905	-0.17901	-0.078043	-0.63296	2.1018	0.77897	-0.0042593	0.16271	-0.16271	0.11753	0.13529	-0.77897	-0.31337	0.50744	0.17901	0.075319	0.5242	-0.49192	0.010894	0.56327	-0.56327	-0.27307	-2.1018	-0.49629	-0.10259	0.19446	-0.13529	0.63296	0.49192
"380"	-1.1905	-0.31704	-1.2282	0.17901	-2.1018	0.49629	-0.10639	2.1018	0.078043	0.075319	0.27307	0.10259	-0.19446	-0.49192	-0.27307	0.49192	0.16271	0.5242	0.43779	-0.31337	-0.010894	-0.0042593	0.31704	-0.63296	0.31337	0.77897	-0.5242	-0.49629	0.010894	-0.43779	-0.11753	0.19446	1.2282	0.50744	0.10639	0.63296	-0.10259	-0.13529	0.56327	1.1905	0.11753	-0.16271	-0.56327	-0.078043	-0.17901	-0.075319	0.0042593	-0.50744	0.13529	-0.77897
"381"	-0.27307	0.10639	-0.0042593	0.19446	1.1905	0.17901	-0.10639	0.27307	-0.31704	-0.63296	-1.1905	-0.11753	-0.77897	0.10259	0.16271	-0.075319	-0.13529	1.2282	0.77897	-0.31337	0.11753	-0.49629	0.13529	-0.19446	-0.16271	0.0042593	-2.1018	0.49629	0.49192	0.56327	0.31704	-0.49192	-1.2282	0.078043	-0.17901	-0.43779	2.1018	-0.50744	0.5242	0.31337	-0.078043	0.075319	0.63296	0.50744	-0.56327	-0.10259	-0.5242	0.43779	-0.010894	0.010894
"382"	-0.19446	0.31337	-1.1905	-0.63296	0.17901	0.11753	0.27307	0.010894	-2.1018	0.16271	-0.17901	-0.11753	0.77897	-0.31704	0.10639	2.1018	0.43779	-0.10259	-0.49629	-1.2282	-0.13529	0.5242	0.13529	-0.16271	0.19446	-0.77897	-0.075319	0.31704	-0.49192	0.078043	1.1905	-0.010894	0.49629	-0.56327	0.0042593	0.63296	-0.43779	0.56327	-0.10639	-0.50744	-0.27307	0.49192	0.075319	-0.0042593	-0.5242	1.2282	-0.078043	0.50744	-0.31337	0.10259
"383"	0.27307	0.5242	0.16271	-0.13529	-0.19446	-0.11753	0.10639	-0.31704	0.43779	0.075319	-0.16271	1.2282	0.49629	-0.078043	0.0042593	-1.2282	0.11753	-0.49192	0.50744	-0.27307	-0.17901	0.31704	0.31337	0.56327	-0.075319	0.010894	0.63296	0.17901	-0.0042593	-0.49629	0.13529	0.078043	0.49192	-0.010894	-0.5242	0.77897	-0.56327	-0.50744	-1.1905	-2.1018	2.1018	-0.10639	-0.63296	-0.43779	-0.10259	0.19446	0.10259	-0.31337	1.1905	-0.77897
"384"	-0.10259	-0.63296	0.77897	0.5242	-0.16271	-0.49629	-0.075319	0.50744	-1.2282	0.31704	-0.11753	0.17901	0.49629	0.10259	0.56327	0.11753	0.010894	-0.56327	-0.17901	-0.77897	-0.5242	0.078043	-0.27307	-1.1905	-0.010894	1.1905	-0.43779	1.2282	0.43779	2.1018	0.10639	0.63296	0.49192	-0.10639	0.31337	-0.31337	0.13529	-0.50744	0.27307	0.16271	-0.31704	0.0042593	-0.49192	-2.1018	-0.078043	0.075319	0.19446	-0.0042593	-0.13529	-0.19446
"385"	0.50744	0.49192	-0.50744	-2.1018	-0.078043	0.13529	-0.27307	0.27307	-0.19446	0.0042593	-0.13529	-0.075319	-0.43779	-0.17901	0.43779	-0.010894	1.1905	-0.31704	-0.63296	-0.56327	-0.10639	-0.11753	0.63296	2.1018	-0.31337	-0.5242	0.010894	0.31704	-1.1905	0.49629	-0.0042593	0.10639	-0.49629	-0.49192	0.11753	0.19446	1.2282	0.10259	0.16271	-0.77897	0.5242	0.77897	0.17901	0.078043	-1.2282	-0.10259	0.56327	-0.16271	0.075319	0.31337
"386"	-0.075319	-0.0042593	0.50744	-0.5242	0.010894	-0.56327	-0.010894	-0.27307	-2.1018	0.16271	0.0042593	0.10259	0.77897	0.17901	0.078043	-0.31704	-0.19446	0.5242	-0.10259	0.63296	-0.43779	-0.078043	0.13529	0.49629	0.31337	-0.13529	0.10639	-0.17901	0.11753	-0.50744	0.56327	0.27307	-0.10639	-0.16271	0.49192	2.1018	1.1905	0.31704	0.075319	1.2282	-0.49192	0.43779	-0.49629	-0.63296	-0.31337	-0.77897	-1.2282	0.19446	-1.1905	-0.11753
"387"	0.10259	-0.31704	0.075319	1.1905	-0.27307	-0.49629	0.0042593	-2.1018	0.010894	0.10639	0.27307	-0.16271	0.078043	-0.43779	-0.19446	-1.2282	-0.10259	-0.63296	-0.10639	-0.0042593	-0.075319	-0.49192	0.31337	-0.078043	0.17901	0.11753	0.49629	-0.13529	2.1018	0.63296	-0.77897	-0.010894	-1.1905	0.16271	0.50744	0.49192	-0.31337	0.13529	-0.11753	-0.50744	-0.5242	0.56327	0.5242	-0.56327	0.19446	0.43779	0.77897	0.31704	1.2282	-0.17901
"388"	2.1018	-0.17901	-0.10259	-0.27307	0.10639	0.17901	-0.49192	0.56327	-0.63296	0.19446	0.27307	0.31704	-0.31337	0.078043	1.2282	0.11753	-0.13529	0.49192	-0.10639	-0.078043	0.43779	0.010894	-0.49629	0.5242	0.075319	-0.31704	0.31337	1.1905	0.13529	0.49629	-0.77897	-0.5242	-0.56327	0.63296	-0.16271	-1.1905	0.0042593	-0.43779	0.50744	-0.11753	-0.50744	-0.075319	-1.2282	0.10259	-2.1018	0.16271	-0.0042593	0.77897	-0.010894	-0.19446
"389"	0.56327	-0.49629	-0.078043	2.1018	-0.49192	1.2282	0.078043	0.50744	-0.16271	0.77897	-0.19446	0.17901	0.63296	-0.11753	-0.10639	0.075319	-1.1905	-0.5242	-0.31337	-0.13529	-0.17901	0.49192	0.27307	-0.27307	-0.10259	-0.0042593	0.31704	-1.2282	0.13529	-0.63296	1.1905	0.19446	-0.31704	0.10639	-0.56327	-0.010894	0.43779	0.31337	-0.075319	0.0042593	0.11753	-0.43779	-0.50744	-0.77897	0.16271	0.10259	0.5242	0.49629	0.010894	-2.1018
"390"	0.5242	-0.13529	-1.2282	0.31704	0.63296	-0.010894	0.77897	-0.19446	0.49629	-0.49629	-0.10639	0.19446	-0.16271	-0.27307	0.16271	-0.43779	-0.50744	2.1018	-0.5242	-0.63296	0.43779	-0.075319	-0.078043	1.1905	0.10259	-0.0042593	0.49192	0.17901	-0.31337	-0.77897	0.27307	-0.31704	-0.17901	0.10639	0.11753	-0.11753	0.31337	0.50744	1.2282	0.56327	0.010894	-0.49192	0.078043	0.0042593	-0.56327	-0.10259	-1.1905	0.13529	-2.1018	0.075319
"391"	-0.19446	-0.010894	-0.17901	-0.075319	-0.27307	-0.49629	-0.13529	-0.31337	0.63296	-0.078043	0.010894	-0.50744	0.49629	0.77897	0.075319	0.10639	-1.2282	0.49192	0.27307	-0.31704	1.1905	-0.43779	0.16271	0.31337	-0.49192	-0.5242	-0.10259	0.0042593	-2.1018	-0.11753	0.11753	1.2282	0.19446	0.078043	-0.77897	-0.56327	-1.1905	-0.10639	0.43779	-0.63296	0.5242	0.10259	2.1018	0.50744	0.31704	-0.16271	0.17901	0.13529	0.56327	-0.0042593
"392"	-0.49192	-1.1905	-0.16271	-0.078043	0.11753	1.1905	-0.56327	0.10639	-0.31337	0.19446	0.31337	-0.11753	-0.43779	0.27307	-0.010894	-0.27307	-0.77897	-0.19446	0.16271	2.1018	0.10259	0.50744	0.17901	-0.31704	0.075319	0.13529	1.2282	-0.17901	-0.49629	0.31704	0.49629	-0.0042593	0.77897	0.63296	0.5242	-0.10259	-0.63296	-0.075319	-1.2282	-0.50744	0.49192	-0.5242	-0.13529	0.43779	0.0042593	0.078043	0.010894	0.56327	-0.10639	-2.1018
"393"	-0.63296	-0.27307	0.11753	-0.31704	0.10259	-0.17901	0.31704	0.43779	-0.10259	-0.0042593	0.77897	0.17901	0.0042593	0.50744	-1.1905	-0.16271	-0.50744	-0.19446	-0.13529	0.49192	-0.77897	-0.075319	0.56327	0.49629	0.63296	-0.10639	0.31337	-0.31337	-0.11753	-0.010894	-0.43779	0.13529	-0.49192	0.075319	0.16271	-1.2282	1.2282	2.1018	1.1905	0.5242	0.27307	-0.56327	-0.078043	0.10639	0.19446	0.010894	-0.49629	-0.5242	0.078043	-2.1018
"394"	-0.0042593	-1.1905	-2.1018	-0.31337	2.1018	-0.49629	0.49192	1.2282	0.10639	-0.49192	-1.2282	0.50744	0.11753	0.43779	0.27307	-0.77897	0.13529	0.56327	-0.19446	-0.13529	-0.17901	-0.075319	1.1905	0.77897	-0.27307	0.010894	0.19446	-0.10259	-0.010894	-0.63296	0.63296	0.5242	0.17901	-0.50744	0.10259	0.31337	0.31704	-0.11753	-0.56327	-0.31704	0.49629	0.075319	-0.43779	-0.16271	-0.10639	-0.078043	-0.5242	0.0042593	0.16271	0.078043
"395"	0.49629	-0.16271	-0.0042593	-0.17901	-2.1018	-0.50744	-0.5242	-0.010894	-0.77897	-0.31704	0.43779	0.10259	0.63296	-0.31337	0.010894	0.31337	0.11753	-0.075319	-0.10639	2.1018	0.5242	-0.56327	0.10639	1.1905	0.31704	0.27307	0.075319	-0.27307	-1.2282	1.2282	-0.13529	0.56327	-0.43779	-0.19446	0.49192	-0.11753	0.17901	-0.49192	0.19446	-0.10259	0.50744	0.0042593	-0.078043	0.16271	-0.49629	0.13529	0.078043	0.77897	-1.1905	-0.63296
"396"	-1.1905	-0.10259	0.50744	-0.56327	0.010894	-0.078043	0.0042593	-0.43779	-0.19446	-0.17901	2.1018	0.49629	-0.27307	-0.77897	-2.1018	0.77897	0.10639	0.56327	1.2282	-0.11753	-0.50744	0.078043	-0.63296	0.43779	-0.10639	0.31337	0.31704	-1.2282	-0.010894	-0.31704	-0.49192	-0.31337	0.075319	0.5242	0.49192	-0.13529	0.13529	0.11753	-0.0042593	-0.5242	-0.49629	0.19446	0.27307	0.17901	-0.16271	1.1905	-0.075319	0.63296	0.10259	0.16271
"397"	-0.49629	-0.56327	-0.43779	-0.075319	-0.77897	0.77897	0.010894	0.10639	-0.10639	0.63296	-0.50744	-0.5242	0.56327	0.5242	2.1018	-0.11753	-0.16271	-0.17901	0.27307	0.13529	0.43779	-0.13529	1.1905	-0.49192	-0.31337	0.10259	-0.010894	0.50744	-1.1905	0.49629	0.49192	0.31704	1.2282	-0.0042593	0.16271	0.075319	-0.10259	-1.2282	0.0042593	-0.63296	0.31337	-2.1018	0.11753	-0.19446	0.17901	-0.27307	-0.078043	-0.31704	0.078043	0.19446
"398"	-0.49629	0.56327	-0.27307	0.010894	-0.5242	-0.0042593	0.10639	0.075319	0.5242	-0.078043	-1.2282	0.43779	-0.77897	-0.10639	-0.17901	-0.63296	0.17901	0.078043	-0.31337	-0.56327	1.2282	-0.49192	0.49629	-0.50744	-0.010894	-0.10259	0.16271	-1.1905	0.50744	0.0042593	0.19446	0.27307	0.11753	2.1018	-0.11753	0.13529	-0.16271	0.10259	0.49192	-0.13529	-0.075319	0.77897	0.31704	-0.31704	0.63296	-0.43779	-2.1018	-0.19446	1.1905	0.31337
"399"	0.31704	0.31337	0.5242	-0.13529	-0.49629	0.77897	0.49192	0.43779	-0.10259	0.10639	0.075319	-0.31704	0.27307	-0.19446	0.0042593	-0.43779	1.2282	0.13529	-0.16271	-0.010894	-0.31337	-0.17901	0.49629	-0.77897	-0.078043	0.16271	0.17901	-2.1018	-0.10639	-0.5242	-0.63296	-0.0042593	0.50744	0.56327	-1.1905	0.19446	1.1905	-1.2282	-0.075319	0.010894	0.10259	2.1018	0.11753	0.078043	-0.50744	-0.56327	-0.11753	-0.49192	-0.27307	0.63296
"400"	-1.1905	0.43779	0.13529	0.50744	0.11753	-0.19446	-0.50744	0.56327	-0.49192	0.0042593	-2.1018	-0.13529	-0.43779	0.19446	0.10639	0.27307	0.49192	-0.10639	0.10259	-0.56327	-0.31704	0.16271	-0.5242	-0.075319	0.17901	0.49629	-0.31337	1.1905	-0.10259	0.010894	1.2282	-0.16271	0.77897	-1.2282	0.31337	0.31704	-0.27307	2.1018	0.078043	-0.078043	-0.010894	-0.0042593	-0.49629	0.63296	-0.17901	0.075319	-0.77897	-0.11753	0.5242	-0.63296
"401"	0.50744	-1.2282	0.77897	0.13529	-2.1018	0.11753	-0.56327	0.56327	0.10639	0.31704	0.49192	1.2282	2.1018	0.16271	0.63296	-0.10639	-0.50744	-0.49629	-0.63296	0.31337	1.1905	-0.5242	-0.11753	0.0042593	-0.31337	0.43779	-0.075319	-0.19446	-0.77897	0.10259	0.27307	-0.17901	0.49629	-0.16271	0.075319	-1.1905	-0.43779	0.5242	-0.13529	-0.49192	-0.078043	-0.31704	0.078043	-0.10259	0.19446	-0.010894	-0.27307	0.010894	-0.0042593	0.17901
"402"	-0.63296	-0.49192	-0.075319	0.0042593	-0.17901	-1.2282	1.1905	0.10259	0.43779	0.56327	-0.19446	-0.77897	-1.1905	0.63296	0.77897	0.5242	0.31704	0.49192	-0.10259	-0.31704	-0.49629	0.49629	0.27307	0.50744	-0.010894	-0.31337	1.2282	0.078043	0.075319	-0.078043	-0.0042593	0.16271	-0.11753	2.1018	-0.13529	0.31337	0.17901	-0.56327	-0.27307	0.19446	-0.5242	0.11753	0.13529	0.010894	-2.1018	-0.10639	-0.16271	-0.50744	0.10639	-0.43779
"403"	0.5242	-0.19446	0.49192	-1.1905	-2.1018	-0.31337	-0.075319	-0.49629	0.31337	0.17901	0.50744	-0.56327	-1.2282	0.77897	0.27307	-0.43779	-0.49192	0.43779	-0.63296	0.10639	-0.77897	-0.010894	-0.13529	0.49629	-0.16271	1.1905	0.0042593	0.16271	0.19446	-0.27307	0.11753	0.10259	0.63296	-0.31704	-0.17901	0.010894	-0.50744	0.075319	-0.10639	-0.0042593	-0.10259	-0.11753	0.31704	0.078043	2.1018	0.13529	-0.5242	-0.078043	0.56327	1.2282
"404"	-1.1905	-0.11753	-0.27307	0.10639	-0.31337	-0.10639	-0.49192	0.5242	0.27307	0.13529	-0.17901	0.10259	-0.5242	2.1018	0.010894	0.63296	-0.16271	-0.77897	0.11753	0.17901	-0.0042593	0.078043	-0.13529	-0.49629	-0.010894	-0.078043	0.56327	-2.1018	0.43779	0.19446	-0.19446	-0.63296	0.31337	-0.50744	0.16271	-0.075319	0.0042593	1.1905	0.075319	0.31704	-0.31704	0.49629	-0.10259	-0.56327	1.2282	-1.2282	0.77897	0.50744	-0.43779	0.49192
"405"	0.43779	0.49192	0.27307	-0.10639	-0.50744	-0.11753	0.19446	-0.27307	-0.10259	-0.5242	-0.56327	0.0042593	-2.1018	0.56327	-0.078043	-1.2282	-0.16271	0.31704	-0.31704	-0.43779	-0.63296	0.075319	0.77897	-0.13529	0.078043	-0.19446	1.2282	-0.77897	0.11753	0.17901	0.010894	-0.075319	1.1905	-0.49192	-0.010894	0.16271	0.13529	0.10639	0.50744	0.5242	-1.1905	-0.17901	-0.49629	0.31337	0.10259	-0.0042593	2.1018	0.63296	-0.31337	0.49629
"406"	-0.19446	0.43779	-0.56327	-0.10639	0.10259	-0.49192	-0.27307	-0.010894	0.0042593	0.31704	-0.49629	-0.17901	0.16271	-0.10259	2.1018	0.49192	-0.11753	-0.31704	-0.075319	-0.50744	-0.5242	-1.2282	-0.13529	1.2282	0.10639	0.49629	0.19446	0.075319	-0.77897	-0.43779	-1.1905	-0.078043	0.31337	0.078043	0.50744	0.63296	-0.31337	0.27307	-2.1018	0.56327	0.11753	0.17901	0.13529	0.77897	0.5242	1.1905	0.010894	-0.63296	-0.16271	-0.0042593
"407"	0.31704	-0.63296	0.16271	0.27307	-0.10639	1.1905	0.56327	-0.31337	0.77897	0.50744	2.1018	0.63296	0.43779	-0.13529	-0.16271	-1.1905	0.078043	1.2282	0.10639	-0.11753	-0.77897	0.49192	0.17901	-0.19446	0.11753	-0.49629	0.49629	0.075319	-0.010894	-0.49192	-0.31704	0.0042593	-2.1018	-0.27307	-0.56327	-0.5242	-0.075319	-0.43779	-0.50744	-0.10259	0.19446	0.13529	0.5242	-0.0042593	0.10259	0.31337	-1.2282	-0.17901	-0.078043	0.010894
"408"	-0.63296	-1.2282	0.075319	0.10259	-0.43779	-0.49192	0.63296	-0.16271	-0.075319	-0.77897	0.13529	-0.17901	-0.11753	-0.10259	0.27307	-0.50744	0.49629	-1.1905	1.1905	0.10639	-2.1018	-0.49629	-0.31337	0.010894	0.11753	-0.10639	0.31337	-0.0042593	0.19446	-0.078043	1.2282	-0.27307	-0.5242	-0.13529	-0.010894	0.16271	0.43779	0.5242	-0.31704	2.1018	0.17901	0.50744	0.31704	0.49192	0.56327	0.0042593	-0.19446	0.77897	0.078043	-0.56327
"409"	2.1018	0.10259	0.10639	-2.1018	0.43779	0.078043	0.50744	-0.13529	0.11753	-0.10259	-0.77897	0.075319	0.16271	-1.1905	0.17901	0.49192	0.31704	-0.11753	-0.5242	-1.2282	0.63296	-0.078043	-0.63296	0.0042593	-0.0042593	-0.16271	0.13529	-0.10639	-0.17901	1.2282	-0.43779	-0.19446	-0.31704	-0.49629	1.1905	-0.49192	-0.27307	0.56327	-0.31337	0.19446	-0.50744	0.27307	0.31337	0.49629	0.010894	-0.010894	0.5242	-0.56327	0.77897	-0.075319
"410"	-0.10639	0.56327	-0.31337	-1.2282	2.1018	-0.0042593	-0.5242	0.5242	0.50744	-0.078043	0.31704	0.11753	0.27307	-0.49192	-0.13529	0.49192	0.17901	-0.31704	-2.1018	-0.10259	0.010894	0.43779	-0.17901	-0.16271	0.13529	-0.50744	-0.11753	0.16271	-0.63296	0.0042593	1.2282	0.078043	-0.075319	-0.56327	1.1905	0.77897	-1.1905	0.19446	-0.77897	-0.27307	0.63296	-0.19446	0.49629	-0.010894	0.31337	-0.49629	-0.43779	0.10639	0.10259	0.075319
"411"	0.10259	-0.5242	0.63296	-0.17901	-0.49192	0.43779	1.2282	0.27307	-2.1018	-0.0042593	-0.19446	0.50744	0.19446	0.10639	0.078043	-0.078043	0.31337	-0.50744	2.1018	-0.10639	0.13529	-0.075319	-0.43779	0.0042593	-0.13529	-0.10259	-0.010894	-0.31337	-0.31704	0.49629	-0.49629	0.17901	0.5242	-0.11753	-0.56327	0.77897	0.16271	0.075319	-1.1905	0.11753	1.1905	0.010894	0.31704	-1.2282	-0.16271	-0.27307	-0.63296	-0.77897	0.49192	0.56327
"412"	0.078043	-0.078043	-0.17901	0.27307	-0.31704	0.0042593	0.63296	0.43779	-0.43779	-0.5242	1.2282	0.5242	-1.1905	-0.11753	-0.27307	-0.075319	0.19446	-0.49192	0.075319	0.77897	-0.63296	0.56327	-0.56327	0.10259	-0.10259	0.31704	0.16271	0.31337	0.49629	-0.010894	-0.13529	0.13529	-0.49629	-0.19446	-0.0042593	0.50744	0.49192	-1.2282	-0.10639	0.010894	0.11753	0.10639	-0.31337	-2.1018	-0.77897	0.17901	2.1018	1.1905	-0.16271	-0.50744
"413"	0.10639	-0.0042593	1.2282	-0.50744	0.63296	-0.19446	0.075319	-0.49629	-0.63296	-0.31337	-0.075319	0.49192	0.10259	0.19446	-0.43779	0.13529	-0.10259	0.078043	0.16271	-0.11753	0.31704	-0.13529	0.49629	0.31337	0.43779	-0.010894	-0.5242	-0.56327	1.1905	-0.49192	0.0042593	-0.078043	0.11753	0.17901	2.1018	-0.77897	0.010894	-0.31704	-0.16271	-0.27307	0.50744	0.27307	-0.17901	0.56327	0.77897	-0.10639	-1.1905	-1.2282	0.5242	-2.1018
"414"	0.11753	-0.17901	-0.27307	0.56327	-0.075319	0.31337	-0.11753	0.49192	-0.0042593	0.078043	0.31704	-0.10259	-0.5242	0.27307	-0.49192	0.10639	1.2282	0.13529	-2.1018	0.63296	0.43779	0.77897	0.0042593	2.1018	-0.31704	-0.50744	0.010894	0.075319	0.19446	1.1905	0.5242	-1.2282	0.16271	-0.16271	0.10259	-0.078043	-0.010894	0.17901	-0.10639	-0.43779	-0.77897	-0.19446	0.49629	-0.31337	0.50744	-0.56327	-0.49629	-1.1905	-0.63296	-0.13529
"415"	-0.50744	0.49629	-1.1905	0.31337	-0.078043	-0.56327	0.078043	-0.11753	-0.5242	-0.075319	-0.63296	-0.49629	0.16271	0.10259	-2.1018	0.27307	0.43779	0.0042593	1.2282	-0.49192	-0.31704	0.77897	0.50744	0.13529	0.5242	-1.2282	-0.77897	0.19446	-0.27307	0.56327	-0.19446	-0.16271	-0.0042593	2.1018	0.010894	0.31704	-0.10639	0.63296	0.11753	0.49192	-0.31337	1.1905	-0.17901	0.17901	-0.13529	-0.010894	-0.10259	0.075319	-0.43779	0.10639
"416"	2.1018	-0.43779	0.5242	-0.19446	-0.49192	0.49629	0.56327	-0.10259	0.078043	0.13529	0.075319	-0.010894	-0.10639	-0.11753	0.49192	0.010894	0.43779	-0.31704	0.50744	-0.31337	-0.078043	0.10259	-0.49629	1.1905	-0.075319	0.27307	-0.50744	-1.2282	0.10639	0.31337	0.11753	-0.56327	0.77897	-0.0042593	-2.1018	0.63296	-0.17901	0.16271	-0.77897	-1.1905	1.2282	0.17901	0.19446	0.0042593	-0.5242	-0.27307	-0.63296	-0.13529	-0.16271	0.31704
"417"	0.11753	-0.77897	0.50744	1.1905	0.27307	-0.10259	-0.49192	-1.1905	0.13529	-0.27307	0.5242	-0.11753	-0.50744	-0.075319	-0.43779	-0.56327	0.19446	0.49629	0.43779	-0.010894	0.49192	-0.16271	-2.1018	-0.0042593	-0.13529	-0.5242	0.77897	0.075319	-0.31337	0.56327	0.31337	-0.63296	0.16271	-0.49629	0.63296	0.0042593	0.31704	0.10639	-0.31704	-0.078043	0.078043	2.1018	0.010894	0.17901	-0.17901	-0.19446	1.2282	-0.10639	-1.2282	0.10259
"418"	-0.19446	-0.27307	-0.10259	0.10639	-0.075319	-0.11753	0.19446	0.16271	0.075319	1.2282	-0.49192	0.56327	-0.49629	-0.43779	-0.0042593	0.31337	-0.010894	-0.16271	0.49629	-0.5242	0.13529	0.10259	0.77897	0.49192	-0.50744	0.5242	-0.63296	1.1905	0.0042593	0.078043	-0.77897	-0.13529	0.63296	-0.31704	-0.17901	-1.1905	0.50744	-0.078043	-0.56327	0.27307	0.11753	2.1018	0.43779	0.17901	0.31704	0.010894	-2.1018	-1.2282	-0.31337	-0.10639
"419"	-0.43779	-0.27307	1.2282	-1.1905	-1.2282	0.078043	0.49629	-0.31704	-0.31337	0.075319	-2.1018	-0.0042593	2.1018	-0.078043	0.5242	-0.11753	-0.49629	0.16271	-0.17901	-0.075319	0.31337	-0.63296	0.10639	-0.16271	0.77897	-0.19446	1.1905	-0.5242	0.49192	-0.49192	0.19446	0.010894	-0.10259	0.0042593	0.31704	-0.50744	0.10259	0.63296	0.43779	-0.13529	-0.10639	0.50744	-0.56327	-0.77897	0.13529	0.27307	-0.010894	0.11753	0.56327	0.17901
"420"	-0.49629	0.31704	-0.77897	0.11753	0.10259	0.078043	-1.2282	-0.10259	0.010894	1.1905	-0.10639	-0.11753	-0.31704	0.77897	-0.13529	0.17901	-0.50744	-0.19446	-0.63296	-0.010894	0.31337	0.43779	-0.075319	-1.1905	0.10639	1.2282	0.27307	0.56327	-0.5242	-0.078043	2.1018	-0.43779	-0.27307	-0.16271	-0.56327	0.13529	0.5242	0.49629	0.075319	-0.49192	-0.0042593	0.19446	0.49192	-0.17901	-2.1018	-0.31337	0.63296	0.16271	0.0042593	0.50744
"421"	2.1018	0.075319	0.49629	-0.11753	-0.49629	-0.19446	0.16271	1.1905	0.13529	-1.1905	0.43779	0.31337	-0.31337	0.63296	-0.31704	0.56327	0.0042593	0.10259	-0.56327	-0.16271	0.77897	-0.078043	0.11753	-0.0042593	0.31704	-0.17901	-0.10259	0.49192	-2.1018	-0.5242	0.19446	-0.43779	-1.2282	-0.075319	0.17901	-0.27307	-0.10639	0.5242	0.27307	-0.77897	1.2282	0.078043	0.50744	-0.63296	0.10639	0.010894	-0.50744	-0.49192	-0.010894	-0.13529
"422"	0.11753	-0.11753	-0.078043	0.5242	-0.0042593	-0.56327	0.49629	0.31337	0.63296	0.49192	-2.1018	-0.10259	-1.1905	-0.075319	0.17901	0.078043	-0.49192	0.56327	0.50744	-0.31337	1.1905	-0.19446	1.2282	-0.10639	-0.5242	0.0042593	-0.17901	-0.50744	0.77897	0.13529	0.27307	-0.31704	0.16271	-1.2282	0.10639	-0.27307	-0.13529	-0.63296	0.31704	0.10259	0.43779	-0.49629	-0.16271	-0.77897	2.1018	-0.010894	0.010894	-0.43779	0.19446	0.075319
"423"	0.13529	-0.63296	-0.49629	2.1018	-0.19446	1.2282	-0.13529	0.19446	0.010894	-2.1018	0.075319	0.50744	-0.10259	0.17901	-0.16271	-1.1905	-0.075319	0.49192	-0.27307	-0.31704	0.31704	0.10259	0.49629	0.77897	0.27307	0.0042593	-0.77897	0.10639	-0.50744	1.1905	-0.56327	0.63296	-0.31337	-0.10639	0.43779	-1.2282	0.56327	-0.078043	-0.43779	0.5242	0.31337	0.16271	-0.0042593	0.11753	-0.49192	0.078043	-0.11753	-0.5242	-0.010894	-0.17901
"424"	-0.43779	0.43779	0.31704	-0.31337	-1.2282	-0.075319	-0.16271	-1.1905	0.5242	0.17901	-0.50744	-0.27307	-0.10259	0.77897	-0.10639	-0.63296	2.1018	0.16271	0.63296	0.078043	1.1905	0.49629	0.10639	0.075319	-0.19446	-0.49629	0.0042593	-0.11753	-0.49192	-0.17901	1.2282	0.49192	0.31337	-0.010894	-0.078043	0.10259	-0.13529	0.19446	0.010894	-2.1018	0.13529	0.27307	0.50744	-0.56327	-0.31704	-0.77897	-0.5242	0.11753	-0.0042593	0.56327
"425"	-0.10259	-1.2282	-0.010894	-0.49192	0.16271	0.5242	-0.10639	-0.77897	-0.56327	0.56327	-0.49629	0.31704	-1.1905	0.075319	-0.31704	0.49192	-2.1018	-0.43779	-0.13529	0.31337	0.10259	0.010894	0.43779	-0.27307	1.1905	0.10639	2.1018	-0.17901	-0.11753	0.13529	0.0042593	0.078043	0.77897	0.19446	-0.19446	0.27307	0.49629	0.11753	0.50744	-0.63296	0.63296	-0.5242	0.17901	-0.31337	-0.0042593	-0.16271	-0.075319	-0.50744	1.2282	-0.078043
"426"	-2.1018	-0.11753	0.10259	-0.10639	0.43779	-0.43779	-0.13529	-0.19446	0.56327	1.1905	-0.49192	-0.16271	-0.010894	-0.56327	2.1018	1.2282	0.50744	-0.31337	0.13529	0.075319	0.11753	0.19446	-0.078043	-0.17901	-0.77897	-0.63296	0.010894	-0.27307	0.17901	-1.1905	-0.5242	-0.0042593	0.10639	0.27307	-1.2282	0.0042593	0.31337	0.49192	0.63296	-0.10259	-0.49629	0.16271	0.49629	-0.50744	0.77897	0.31704	-0.075319	-0.31704	0.5242	0.078043
"427"	-0.27307	-0.13529	-0.56327	-0.50744	0.078043	2.1018	0.5242	-0.63296	-1.2282	-0.31704	0.63296	0.27307	0.43779	0.11753	-0.17901	0.075319	0.10259	0.10639	0.56327	-0.43779	0.010894	-0.49192	-2.1018	-0.31337	0.49192	-0.010894	0.16271	-1.1905	0.19446	-0.10639	0.77897	0.13529	-0.078043	0.31704	-0.075319	-0.11753	-0.16271	-0.77897	0.31337	-0.19446	0.0042593	-0.5242	1.2282	0.17901	0.50744	-0.10259	-0.0042593	1.1905	0.49629	-0.49629
"428"	2.1018	-0.0042593	-0.17901	-0.13529	1.2282	-0.49629	0.17901	-0.5242	0.078043	-0.31337	-0.43779	0.0042593	0.10639	-0.56327	-0.11753	1.1905	-0.075319	0.50744	-0.31704	-0.77897	-0.010894	0.56327	0.11753	0.19446	0.13529	-0.10259	0.31337	0.43779	0.075319	0.10259	-0.10639	0.77897	-0.078043	-0.16271	-0.50744	0.010894	-0.49192	0.49192	-1.2282	-0.63296	-0.19446	-1.1905	0.49629	0.5242	0.27307	0.16271	0.31704	-0.27307	-2.1018	0.63296
"429"	0.10639	-0.27307	-0.31704	0.13529	0.5242	0.77897	0.31704	-0.10639	0.49629	0.50744	-0.31337	0.31337	0.17901	-0.075319	-1.2282	-0.43779	-0.13529	0.075319	-0.56327	-0.77897	0.19446	0.63296	-0.63296	0.16271	-0.50744	-0.16271	-1.1905	0.078043	1.2282	0.56327	-0.49629	0.11753	-0.10259	-2.1018	0.010894	1.1905	-0.5242	0.0042593	-0.010894	-0.19446	-0.49192	-0.0042593	-0.11753	-0.17901	-0.078043	0.10259	0.49192	2.1018	0.43779	0.27307
"430"	0.77897	0.49629	-0.49192	0.43779	-0.010894	0.56327	-0.0042593	-0.078043	-0.10259	0.075319	-1.2282	-0.19446	-0.77897	0.10639	0.11753	-0.56327	0.17901	0.0042593	-0.50744	-0.63296	-0.075319	0.31337	0.078043	0.5242	0.27307	0.13529	-0.17901	-0.11753	0.16271	0.49192	-0.31704	1.2282	0.010894	-0.5242	0.50744	0.10259	-0.49629	-0.16271	-0.31337	0.63296	1.1905	-1.1905	-0.10639	-0.13529	-2.1018	0.19446	-0.43779	0.31704	-0.27307	2.1018
"431"	-0.010894	-1.2282	0.63296	0.17901	0.49629	0.10259	-0.16271	-0.0042593	-0.10639	-0.31704	-0.56327	0.11753	0.0042593	0.5242	-0.31337	-0.10259	-0.50744	-0.43779	-0.17901	1.1905	0.31704	0.075319	-0.49629	0.078043	-0.77897	-0.27307	0.77897	0.16271	0.50744	0.19446	0.31337	0.27307	0.13529	-2.1018	-0.075319	0.49192	-0.5242	-0.49192	-1.1905	-0.13529	0.10639	-0.078043	0.43779	2.1018	1.2282	-0.11753	-0.63296	0.010894	-0.19446	0.56327
"432"	-0.63296	0.49192	0.56327	-2.1018	-0.075319	0.078043	-0.77897	-0.17901	-0.078043	-0.56327	0.010894	-0.31704	0.43779	-0.0042593	-0.010894	0.11753	-0.10259	0.19446	0.77897	-0.31337	-0.49192	-0.43779	0.10639	0.31704	0.31337	0.49629	-0.19446	0.27307	0.13529	1.2282	1.1905	2.1018	-0.27307	0.10259	-0.49629	-1.2282	0.075319	-0.10639	0.63296	-0.5242	0.17901	-0.11753	0.0042593	-0.50744	-0.13529	0.50744	-0.16271	0.16271	-1.1905	0.5242
"433"	-1.2282	0.11753	0.31337	-0.11753	-2.1018	-0.5242	0.77897	-0.10639	0.43779	-0.43779	-0.77897	0.27307	-0.27307	0.075319	0.63296	-0.49629	-0.31704	-1.1905	0.078043	-0.17901	-0.56327	-0.10259	-0.0042593	0.19446	0.49629	0.56327	-0.49192	2.1018	1.1905	-0.19446	0.10259	-0.16271	0.0042593	-0.63296	0.10639	-0.075319	-0.13529	0.17901	-0.078043	-0.31337	0.13529	0.16271	-0.010894	0.31704	1.2282	0.50744	0.010894	-0.50744	0.49192	0.5242
"434"	0.31704	-0.56327	0.075319	-0.27307	0.43779	0.5242	0.27307	-0.63296	0.16271	0.10259	0.77897	0.56327	0.010894	0.49192	-0.16271	0.10639	0.078043	-0.010894	-0.078043	-0.49192	0.50744	-2.1018	-0.31337	1.2282	0.11753	1.1905	-0.10639	2.1018	-0.19446	-0.13529	-1.1905	-0.11753	-0.075319	-0.49629	-0.77897	-0.5242	0.31337	0.63296	0.49629	-0.17901	0.19446	0.17901	-0.0042593	-0.43779	0.0042593	-0.50744	-0.10259	0.13529	-0.31704	-1.2282
"435"	0.5242	0.10639	-0.10639	0.19446	0.17901	0.11753	0.10259	0.56327	-0.17901	-1.2282	-0.11753	-1.1905	0.27307	-0.16271	-0.27307	0.43779	0.31337	0.0042593	0.075319	-0.19446	-0.078043	-0.0042593	1.2282	0.63296	-0.13529	0.49629	-0.075319	0.77897	-0.63296	0.010894	0.078043	0.31704	-0.5242	1.1905	-2.1018	-0.010894	0.49192	0.16271	0.13529	-0.10259	-0.31337	-0.50744	-0.56327	-0.77897	-0.49192	2.1018	-0.43779	-0.49629	0.50744	-0.31704
"436"	-0.17901	-0.49192	0.27307	0.49629	-0.27307	0.16271	0.63296	-0.19446	0.13529	-2.1018	-0.13529	0.075319	-0.77897	-0.11753	-0.10259	-0.63296	-0.078043	0.43779	0.10639	-0.43779	-0.16271	-0.10639	0.19446	0.31337	0.078043	0.77897	-0.0042593	2.1018	0.10259	0.56327	-0.5242	1.1905	-0.31337	-1.1905	-0.075319	-0.49629	0.31704	0.5242	-0.31704	-0.010894	0.11753	0.010894	0.50744	-0.56327	0.49192	-0.50744	0.17901	1.2282	-1.2282	0.0042593
"437"	0.49629	-2.1018	-0.49629	-0.50744	2.1018	-0.075319	-0.19446	0.63296	-0.63296	-0.17901	0.16271	0.43779	-0.010894	-0.56327	-0.16271	0.49192	-0.77897	1.1905	-0.13529	0.078043	0.56327	-1.1905	0.17901	0.50744	0.10639	0.010894	0.075319	-0.31337	0.13529	0.0042593	-0.49192	0.27307	0.19446	0.5242	-0.078043	0.10259	-0.5242	-0.0042593	-0.31704	0.11753	1.2282	-0.10259	-0.43779	-1.2282	-0.11753	0.31704	0.31337	0.77897	-0.27307	-0.10639
"438"	-0.13529	-0.43779	-0.31337	-0.19446	0.49192	0.50744	-0.77897	0.075319	0.77897	-0.075319	0.10259	0.43779	0.31704	-0.50744	-0.49629	0.11753	-2.1018	2.1018	-0.17901	-0.56327	0.49629	1.1905	0.13529	0.078043	-0.010894	-0.16271	-1.2282	0.17901	0.63296	-0.0042593	-0.63296	-0.10639	-0.49192	0.27307	-0.31704	0.56327	-1.1905	-0.078043	-0.11753	0.31337	0.0042593	-0.10259	0.010894	0.5242	1.2282	0.16271	0.10639	-0.5242	-0.27307	0.19446
"439"	-0.11753	0.11753	-0.31337	-0.078043	-0.19446	-0.10639	-0.56327	0.10259	0.078043	-2.1018	-0.77897	-0.5242	0.16271	-0.10259	2.1018	0.5242	0.13529	0.63296	-0.49192	-0.17901	0.50744	0.43779	-0.0042593	-1.1905	0.31337	-0.075319	0.010894	1.1905	-0.31704	-0.49629	-1.2282	-0.63296	0.31704	0.075319	0.49629	-0.27307	0.10639	1.2282	-0.010894	0.0042593	0.49192	0.17901	0.56327	-0.50744	0.27307	0.77897	-0.43779	0.19446	-0.13529	-0.16271
"440"	-1.1905	0.5242	0.31337	-0.56327	-0.31337	-0.0042593	0.17901	0.31704	0.075319	0.43779	0.56327	-0.77897	0.0042593	-0.27307	-2.1018	1.1905	0.77897	-1.2282	-0.49192	-0.49629	-0.50744	-0.10259	-0.13529	-0.19446	0.11753	-0.63296	-0.010894	-0.17901	-0.16271	0.27307	0.078043	-0.10639	0.16271	0.49192	0.10639	0.19446	0.63296	1.2282	0.010894	0.13529	-0.43779	-0.31704	-0.075319	0.50744	0.49629	-0.11753	-0.5242	2.1018	0.10259	-0.078043
"441"	-0.19446	-0.0042593	2.1018	0.078043	0.075319	1.1905	-0.50744	0.19446	0.43779	0.13529	-0.10259	0.5242	-2.1018	-0.77897	-0.5242	-0.075319	-0.17901	0.31337	0.49629	0.17901	-0.010894	0.63296	-1.1905	0.50744	-0.31337	-0.27307	0.11753	0.77897	0.56327	-1.2282	0.10259	-0.31704	0.27307	-0.63296	-0.078043	-0.16271	0.16271	0.0042593	-0.49192	1.2282	-0.43779	0.49192	0.10639	0.31704	0.010894	-0.10639	-0.49629	-0.13529	-0.11753	-0.56327
"442"	-0.27307	-0.16271	-0.43779	-0.49192	0.11753	2.1018	0.17901	-0.19446	0.77897	0.0042593	0.078043	-2.1018	0.075319	-0.075319	0.5242	-0.50744	-0.13529	-0.010894	0.56327	-1.1905	1.1905	-0.31704	-0.5242	0.16271	0.50744	0.63296	-0.11753	-0.31337	0.43779	-0.56327	0.10259	-0.078043	-0.10639	0.10639	1.2282	0.19446	-0.17901	0.13529	-0.49629	0.27307	-0.77897	0.010894	-0.63296	-0.10259	0.31704	-0.0042593	0.31337	-1.2282	0.49192	0.49629
"443"	-0.13529	-0.31704	-0.16271	0.50744	0.27307	2.1018	0.49629	-0.10639	-0.27307	0.19446	0.16271	0.77897	-2.1018	-0.5242	-0.49192	0.11753	0.13529	0.31337	-1.1905	-0.17901	0.0042593	0.43779	-0.075319	1.1905	-0.078043	-0.77897	-0.19446	0.63296	-0.56327	-0.49629	0.10639	0.10259	-0.50744	-0.63296	-0.11753	-0.31337	0.010894	0.31704	-0.43779	-0.10259	0.075319	-1.2282	0.49192	0.56327	0.17901	1.2282	0.078043	-0.010894	0.5242	-0.0042593
"444"	0.31337	0.49629	0.10259	-0.10259	0.16271	-0.50744	-0.27307	0.19446	-0.075319	1.1905	-0.11753	0.49192	-0.63296	0.50744	0.5242	-0.17901	0.078043	-0.5242	-1.2282	-1.1905	0.13529	0.43779	-0.10639	0.17901	1.2282	-0.31337	2.1018	0.77897	-0.0042593	0.075319	-0.19446	0.0042593	0.56327	-0.49192	-0.77897	-0.43779	0.63296	0.10639	-0.078043	-2.1018	-0.010894	0.31704	-0.13529	-0.56327	0.010894	0.27307	-0.31704	-0.16271	-0.49629	0.11753
"445"	0.49629	-0.56327	0.010894	-0.43779	0.56327	-0.075319	0.31704	-1.1905	-1.2282	-0.11753	-0.63296	0.11753	0.77897	-0.010894	-0.0042593	-0.27307	0.0042593	0.16271	0.13529	0.10639	0.63296	0.49192	-0.77897	-0.17901	-2.1018	-0.13529	-0.49629	0.075319	-0.5242	-0.50744	0.31337	-0.078043	-0.49192	-0.10639	0.43779	-0.10259	-0.31337	-0.16271	0.5242	-0.19446	-0.31704	0.19446	0.27307	0.10259	0.50744	1.1905	1.2282	0.078043	2.1018	0.17901
"446"	-0.31704	0.19446	-0.63296	0.31704	-0.078043	-0.075319	-0.77897	0.49192	0.10639	-0.10639	-0.31337	-0.16271	-0.27307	0.0042593	0.49629	0.56327	0.27307	-0.10259	-0.43779	-0.56327	-0.17901	-0.49629	-0.11753	0.078043	0.43779	-0.5242	-2.1018	-0.50744	-1.1905	0.5242	-0.010894	-0.49192	0.11753	-0.19446	-0.0042593	0.63296	0.77897	1.1905	0.010894	-0.13529	1.2282	0.10259	-1.2282	2.1018	0.13529	0.50744	0.16271	0.31337	0.17901	0.075319
"447"	0.27307	0.19446	-0.11753	-0.078043	0.16271	0.075319	-0.56327	-0.5242	0.10639	-0.77897	0.5242	0.49629	0.078043	0.43779	0.10259	-0.50744	-1.2282	-0.13529	0.77897	0.13529	0.0042593	-0.10259	-0.010894	-0.31704	-0.17901	0.49192	-0.10639	-0.49192	0.56327	1.2282	-0.31337	-0.075319	0.31337	0.11753	-1.1905	0.31704	-0.19446	-0.27307	-0.0042593	2.1018	0.17901	0.63296	0.50744	0.010894	-0.16271	-2.1018	1.1905	-0.49629	-0.63296	-0.43779
"448"	-0.17901	2.1018	-2.1018	-1.2282	0.43779	0.075319	0.63296	0.0042593	0.27307	-0.11753	-0.43779	-0.13529	0.31337	0.10259	0.078043	0.10639	0.16271	-0.49192	-0.010894	-0.49629	-0.5242	1.2282	-0.075319	-0.16271	-0.0042593	-0.63296	-0.50744	-0.31337	0.50744	0.31704	0.5242	0.77897	0.49629	0.13529	-0.10259	-0.19446	0.49192	-0.10639	-0.078043	0.56327	-0.31704	0.17901	-0.77897	0.19446	0.11753	-0.56327	0.010894	-0.27307	-1.1905	1.1905
"449"	0.0042593	0.075319	-0.075319	0.16271	0.31704	0.27307	-0.11753	-0.10259	0.49629	0.77897	-0.63296	-0.77897	-0.49192	-1.1905	-0.17901	0.17901	-0.31704	0.10259	0.19446	0.31337	0.56327	-0.10639	-0.31337	-0.49629	0.43779	0.63296	-0.078043	0.13529	2.1018	-0.43779	0.50744	0.078043	1.2282	-2.1018	-0.50744	-0.27307	-0.56327	-0.13529	-0.19446	-0.16271	0.49192	0.010894	-0.0042593	-0.5242	-1.2282	1.1905	0.10639	-0.010894	0.5242	0.11753
"450"	-0.13529	-0.17901	-0.43779	-0.19446	0.56327	-0.56327	-0.63296	0.010894	0.10639	2.1018	0.49192	-0.31337	0.50744	-0.16271	-1.2282	-0.010894	-0.49629	-0.10639	0.17901	-0.11753	0.078043	-1.1905	0.19446	0.63296	0.10259	1.1905	-0.27307	0.0042593	-0.31704	-0.0042593	-0.49192	-0.078043	1.2282	0.27307	0.43779	0.16271	0.31704	-0.5242	0.77897	0.13529	-0.50744	0.31337	0.11753	0.075319	0.49629	-2.1018	0.5242	-0.075319	-0.10259	-0.77897
"451"	0.31704	-0.078043	-0.77897	-2.1018	2.1018	0.17901	-0.5242	-0.10259	1.2282	-0.50744	-0.11753	0.77897	0.13529	-0.27307	0.31337	-0.31337	0.63296	-0.010894	0.078043	-0.49192	-0.56327	-0.17901	1.1905	0.10639	-0.43779	0.5242	-0.49629	0.010894	0.19446	0.0042593	0.27307	-0.31704	-0.16271	0.16271	-0.075319	0.075319	0.49629	-1.2282	0.43779	-0.63296	0.56327	0.10259	0.11753	-1.1905	0.50744	-0.10639	-0.19446	0.49192	-0.0042593	-0.13529
"452"	0.50744	0.49629	-0.10639	0.27307	-0.27307	0.10639	0.31337	-0.77897	-0.16271	0.56327	0.0042593	-0.31337	0.010894	-0.11753	0.075319	-0.010894	0.49192	-0.49629	0.77897	-0.075319	0.078043	-0.49192	-0.078043	0.11753	-0.56327	-0.31704	-1.1905	1.1905	0.31704	0.43779	-0.13529	-0.63296	0.16271	0.19446	-0.5242	0.17901	0.63296	-0.10259	0.13529	0.10259	-0.50744	1.2282	-0.0042593	0.5242	-0.43779	2.1018	-0.17901	-1.2282	-0.19446	-2.1018
"453"	0.10639	1.2282	0.56327	0.17901	0.11753	-0.078043	-0.17901	-0.010894	0.075319	-0.49629	0.10259	0.49629	-0.50744	-0.27307	1.1905	0.31704	0.010894	-0.43779	-1.1905	0.078043	-0.77897	-0.10639	0.13529	-0.31704	-0.075319	0.43779	0.49192	0.77897	-0.56327	-0.10259	-0.49192	0.0042593	-0.31337	-0.19446	-1.2282	0.16271	2.1018	0.31337	0.5242	-0.63296	-0.5242	-2.1018	-0.11753	-0.13529	0.50744	-0.16271	0.19446	0.27307	-0.0042593	0.63296
"454"	0.49192	0.0042593	0.77897	-0.075319	0.16271	-0.5242	-0.27307	-0.43779	0.075319	-0.56327	0.27307	-0.19446	-0.0042593	-1.2282	0.19446	-0.63296	-0.17901	0.10259	-0.31704	-0.31337	-0.49192	2.1018	0.31704	-0.77897	0.11753	-0.16271	-0.49629	-0.078043	0.10639	1.1905	-0.13529	0.31337	-0.10259	0.56327	0.010894	-0.50744	-2.1018	0.13529	-0.10639	0.17901	0.50744	-1.1905	-0.010894	0.43779	0.63296	0.5242	0.49629	0.078043	-0.11753	1.2282
"455"	-0.43779	0.56327	0.49629	-0.17901	-0.13529	2.1018	0.49192	-0.078043	0.31704	0.078043	0.19446	0.5242	0.27307	-0.11753	-0.63296	0.10259	-0.31704	1.1905	-0.19446	-0.10639	-0.10259	0.075319	0.13529	-1.1905	-0.49192	-1.2282	0.77897	-0.010894	0.10639	-0.16271	1.2282	0.17901	-0.0042593	-2.1018	-0.56327	0.43779	0.0042593	0.50744	-0.5242	-0.77897	0.16271	0.63296	-0.075319	-0.50744	0.11753	-0.27307	0.010894	0.31337	-0.49629	-0.31337
"456"	-0.27307	2.1018	0.075319	0.19446	0.5242	-0.11753	0.17901	-0.19446	-0.5242	-0.078043	-0.31337	0.13529	-1.1905	-0.31704	0.49629	-0.075319	0.49192	-0.43779	0.56327	-0.17901	0.0042593	0.27307	-1.2282	-0.63296	-0.77897	-0.49629	-0.0042593	-0.16271	-0.10259	0.16271	0.10639	0.77897	-2.1018	-0.49192	0.63296	-0.010894	0.10259	0.078043	0.31704	-0.56327	-0.13529	1.1905	-0.50744	0.31337	0.010894	0.43779	0.11753	0.50744	1.2282	-0.10639
"457"	-0.43779	0.31337	-0.56327	-0.010894	-0.63296	-0.0042593	0.49192	-0.13529	0.17901	0.010894	-1.1905	0.075319	0.11753	0.56327	0.16271	0.49629	-0.5242	-0.075319	-0.27307	2.1018	0.078043	0.50744	0.5242	-0.16271	-0.17901	0.63296	0.19446	-2.1018	0.31704	-0.31337	0.77897	0.13529	-0.50744	0.10259	-0.10259	-1.2282	1.1905	-0.31704	1.2282	0.27307	-0.49629	-0.49192	-0.078043	-0.11753	-0.10639	0.43779	-0.19446	0.10639	0.0042593	-0.77897
"458"	-0.43779	0.17901	-0.10639	0.10259	-0.63296	-0.50744	-0.5242	0.50744	0.0042593	-1.1905	0.5242	0.27307	-0.27307	-0.13529	-0.078043	0.078043	-0.010894	0.010894	-0.77897	-2.1018	0.49192	-0.17901	0.77897	0.56327	-1.2282	0.075319	-0.16271	0.11753	-0.56327	-0.19446	1.2282	-0.10259	0.43779	0.10639	0.31704	0.13529	0.31337	0.49629	0.16271	-0.49629	-0.49192	-0.075319	-0.31704	2.1018	-0.0042593	-0.11753	-0.31337	0.19446	1.1905	0.63296
"459"	0.11753	-0.11753	-0.0042593	-0.078043	-0.16271	0.63296	-0.43779	0.77897	-0.49192	-0.10639	-0.010894	0.19446	-0.63296	0.43779	-0.77897	2.1018	-0.19446	-0.5242	-1.1905	-0.13529	0.5242	0.17901	0.50744	1.2282	0.075319	0.0042593	-0.10259	-0.50744	-1.2282	0.10639	1.1905	-0.27307	0.49629	0.31337	-2.1018	0.010894	0.49192	0.13529	-0.49629	0.078043	0.31704	-0.31704	0.16271	0.27307	-0.17901	0.56327	-0.075319	-0.56327	-0.31337	0.10259
"460"	0.078043	2.1018	0.010894	0.10259	0.31704	-0.078043	-0.10639	-2.1018	-0.50744	-0.010894	-0.56327	-0.19446	-0.63296	-1.2282	-0.075319	-0.13529	0.075319	0.31337	0.50744	0.63296	-0.43779	-0.31704	-0.17901	0.17901	-0.49192	0.77897	-0.11753	-0.5242	0.16271	0.27307	-0.77897	1.1905	0.49629	0.11753	-0.27307	1.2282	0.10639	0.49192	0.0042593	0.13529	-0.16271	0.56327	-0.10259	-0.49629	0.5242	0.43779	-0.0042593	0.19446	-0.31337	-1.1905
"461"	-0.49192	-0.49629	-0.63296	-0.31337	-0.0042593	0.56327	-1.2282	0.10639	0.43779	0.50744	0.11753	-1.1905	0.10259	-0.10259	0.19446	-0.11753	0.075319	0.5242	-0.075319	1.2282	0.31704	0.49629	-0.31704	0.77897	0.16271	-0.19446	0.13529	1.1905	0.31337	-0.10639	-0.77897	-0.43779	0.49192	0.17901	0.27307	-0.17901	2.1018	-0.50744	0.0042593	-0.56327	-2.1018	-0.27307	-0.13529	-0.16271	0.010894	-0.5242	0.63296	-0.010894	0.078043	-0.078043
"462"	0.31337	0.27307	-0.10639	1.1905	-0.63296	-0.43779	0.16271	-0.13529	1.2282	0.49629	0.56327	-2.1018	-0.078043	0.77897	0.17901	-0.56327	-1.1905	-0.31704	0.50744	0.10639	-0.10259	-0.11753	0.10259	0.63296	0.010894	-0.27307	0.075319	-0.075319	0.0042593	0.078043	0.49192	-0.49629	-0.5242	0.5242	-0.50744	0.11753	0.31704	-0.010894	-1.2282	-0.31337	0.13529	-0.16271	-0.17901	2.1018	0.43779	0.19446	-0.0042593	-0.19446	-0.49192	-0.77897
"463"	0.13529	0.63296	0.010894	-0.13529	-0.010894	-0.43779	-0.075319	0.078043	-1.2282	0.11753	-0.63296	-0.49629	0.10259	0.17901	0.43779	1.2282	0.10639	-0.10639	1.1905	-0.49192	-0.17901	0.0042593	-0.5242	-0.27307	0.27307	-0.16271	-0.19446	-0.11753	0.49629	0.49192	-0.31337	0.16271	-0.0042593	0.075319	-0.56327	-0.77897	0.50744	-1.1905	-2.1018	-0.10259	0.56327	0.31337	-0.31704	2.1018	0.77897	-0.078043	0.19446	0.5242	-0.50744	0.31704
"464"	0.5242	-0.63296	-0.56327	-1.1905	-1.2282	1.1905	-0.49192	0.31337	-0.43779	-0.0042593	-0.11753	0.19446	0.50744	-0.27307	0.0042593	2.1018	-0.19446	-0.5242	-0.10259	-0.10639	-0.010894	-0.31704	1.2282	-0.13529	0.17901	0.56327	0.010894	0.63296	-0.075319	-0.50744	0.16271	0.10259	-0.078043	0.10639	0.31704	0.13529	0.77897	-0.31337	0.11753	0.43779	0.49629	-0.49629	-2.1018	0.075319	-0.16271	0.27307	-0.17901	0.49192	-0.77897	0.078043
"465"	0.27307	-0.31704	0.17901	-0.5242	0.11753	-0.49192	0.075319	-1.2282	-2.1018	-0.0042593	-1.1905	-0.27307	0.49629	0.31704	0.010894	-0.19446	-0.31337	0.43779	0.078043	-0.17901	-0.49629	-0.10259	-0.075319	0.16271	0.31337	0.0042593	-0.13529	1.1905	0.13529	0.10639	-0.63296	0.5242	0.56327	0.19446	2.1018	-0.010894	0.63296	-0.50744	0.50744	-0.77897	-0.078043	-0.56327	0.77897	0.49192	-0.10639	0.10259	-0.43779	-0.16271	1.2282	-0.11753
"466"	-0.56327	0.50744	0.49629	0.0042593	0.77897	-0.5242	1.1905	2.1018	-0.63296	-0.49629	0.11753	-1.1905	0.31337	-0.10639	0.31704	-0.010894	-0.17901	-0.13529	0.19446	-0.0042593	0.13529	-0.11753	0.075319	-0.43779	-0.10259	-0.31704	0.010894	-1.2282	0.49192	-0.16271	0.63296	-0.078043	0.10639	1.2282	0.5242	0.16271	-2.1018	0.17901	0.078043	0.43779	0.56327	-0.49192	0.27307	-0.31337	-0.50744	-0.77897	-0.27307	-0.075319	0.10259	-0.19446
"467"	0.11753	-0.56327	-0.77897	1.2282	-0.13529	0.56327	1.1905	0.10259	0.43779	0.31337	-0.10639	-0.11753	-0.50744	0.5242	0.27307	-0.27307	-0.43779	-1.1905	0.77897	0.31704	0.010894	-0.5242	0.50744	-0.17901	-0.49192	-1.2282	0.49192	0.63296	-0.19446	-0.63296	-0.49629	0.0042593	-0.31704	-0.31337	-0.0042593	0.16271	0.078043	0.19446	-0.075319	-0.10259	-0.16271	-2.1018	0.10639	0.075319	0.13529	0.17901	-0.078043	-0.010894	0.49629	2.1018
"468"	0.31704	-0.10639	0.49629	0.77897	-0.27307	-0.078043	0.17901	0.19446	0.43779	-0.11753	-0.075319	-0.31704	0.13529	-0.16271	2.1018	-0.19446	0.075319	1.2282	0.27307	0.11753	0.56327	-0.63296	-0.0042593	0.16271	0.10259	-0.77897	0.31337	0.10639	-0.5242	0.49192	-0.10259	-0.31337	-0.56327	-0.010894	-1.2282	0.078043	0.0042593	0.010894	0.5242	-0.13529	-0.17901	-1.1905	-0.49629	-0.43779	0.63296	0.50744	-0.49192	-0.50744	-2.1018	1.1905
"469"	-2.1018	-0.075319	-0.56327	-0.77897	-0.0042593	-0.50744	0.77897	-0.43779	0.27307	0.17901	-0.078043	-0.11753	0.31704	-0.27307	0.075319	-0.63296	0.43779	-0.010894	0.50744	0.31337	-0.17901	0.010894	0.13529	0.078043	0.10259	0.49629	0.0042593	-1.2282	0.10639	-0.5242	-0.49192	-0.10639	-0.13529	1.1905	0.5242	0.56327	-0.31704	1.2282	2.1018	0.11753	-0.49629	-0.16271	0.49192	-0.31337	0.19446	-0.10259	0.63296	-0.19446	0.16271	-1.1905
"470"	0.0042593	-0.43779	-0.27307	0.010894	-0.0042593	0.13529	0.075319	-1.1905	0.27307	2.1018	-0.63296	0.77897	-1.2282	-0.19446	0.19446	0.10259	0.5242	-0.49629	0.16271	0.43779	0.31704	0.63296	-0.5242	-0.078043	-0.10639	-0.31337	0.50744	-0.31704	-0.77897	-0.13529	-0.17901	-0.49192	-0.10259	0.11753	-0.010894	1.2282	0.10639	0.31337	0.56327	-0.11753	0.49629	-0.56327	0.49192	0.078043	-2.1018	-0.16271	0.17901	-0.075319	-0.50744	1.1905
"471"	-0.16271	0.10639	-0.31337	0.10259	0.13529	-0.27307	-2.1018	-0.50744	0.31704	-0.49629	-0.19446	-0.17901	0.49629	0.56327	-0.49192	0.010894	0.49192	2.1018	-0.0042593	-0.43779	0.27307	-0.078043	0.43779	0.17901	-0.13529	0.11753	-0.10639	-0.63296	-0.56327	0.078043	0.77897	0.63296	0.075319	0.16271	-0.010894	-0.11753	-0.075319	1.2282	-0.10259	-1.1905	-0.77897	0.5242	0.0042593	-0.5242	0.19446	0.31337	-0.31704	-1.2282	0.50744	1.1905
"472"	0.078043	-0.31337	0.27307	1.2282	0.16271	-0.10259	0.13529	0.50744	1.1905	0.010894	0.075319	-0.49629	-0.77897	-0.17901	0.11753	-0.13529	-0.43779	0.0042593	2.1018	-1.2282	-0.10639	0.31337	-2.1018	-0.11753	-0.0042593	0.19446	-0.078043	0.10259	-0.075319	0.49629	-0.16271	-0.5242	0.31704	0.63296	0.5242	-0.50744	-1.1905	-0.19446	0.17901	0.43779	0.77897	-0.49192	0.49192	0.10639	0.56327	-0.010894	-0.31704	-0.27307	-0.63296	-0.56327
"473"	0.16271	-0.31704	0.078043	-0.13529	-0.5242	-0.27307	0.49629	0.31704	0.17901	0.56327	0.31337	-0.0042593	1.1905	0.63296	-0.19446	-0.31337	-0.078043	0.49192	-0.010894	-1.1905	-0.56327	0.10639	-0.49192	-0.63296	0.10259	-1.2282	0.11753	-0.17901	0.010894	-0.16271	0.0042593	-0.10639	1.2282	0.77897	-0.43779	-0.49629	-2.1018	-0.11753	-0.50744	2.1018	0.13529	0.43779	0.50744	-0.77897	-0.075319	0.19446	0.075319	-0.10259	0.27307	0.5242
"474"	0.10639	-0.49192	-0.10259	0.19446	0.17901	0.27307	0.0042593	0.43779	-0.075319	2.1018	-0.5242	-0.27307	-0.49629	-0.50744	0.10259	-0.31337	-2.1018	0.078043	-0.43779	0.49192	-0.16271	-1.2282	-0.11753	-1.1905	-0.63296	-0.17901	0.13529	-0.19446	0.11753	0.010894	0.31704	-0.10639	-0.56327	0.49629	1.2282	0.50744	0.77897	-0.77897	-0.31704	-0.010894	-0.13529	0.16271	0.31337	0.075319	-0.078043	1.1905	0.5242	0.56327	0.63296	-0.0042593
"475"	-0.19446	0.19446	-0.075319	-0.27307	-0.31704	0.078043	-0.49192	0.10259	2.1018	0.11753	0.49629	0.56327	0.43779	-0.50744	0.49192	1.1905	0.0042593	0.10639	-0.11753	-1.1905	-0.0042593	0.31337	0.17901	-0.5242	-0.078043	-0.49629	0.31704	1.2282	0.13529	-1.2282	0.075319	-0.10259	-0.31337	-0.010894	0.27307	-0.13529	0.010894	-0.10639	-0.43779	-0.16271	-2.1018	-0.63296	0.16271	-0.56327	0.50744	-0.77897	-0.17901	0.5242	0.77897	0.63296
"476"	-0.43779	0.56327	-1.2282	0.63296	-0.27307	-0.0042593	0.43779	-0.078043	0.10259	-0.16271	-0.31337	-0.49629	0.5242	0.010894	-1.1905	1.2282	-0.10259	-0.31704	0.13529	-0.10639	-0.11753	-2.1018	0.078043	0.075319	0.31704	-0.50744	0.77897	-0.63296	0.19446	0.11753	0.16271	0.0042593	-0.010894	-0.17901	-0.13529	-0.19446	0.10639	0.27307	0.17901	1.1905	0.31337	0.49629	-0.075319	-0.77897	-0.5242	-0.56327	0.49192	2.1018	0.50744	-0.49192
"477"	2.1018	0.11753	-0.17901	1.1905	0.10259	-0.10259	-0.27307	-0.078043	0.078043	-0.43779	-2.1018	0.10639	-1.2282	-0.11753	0.27307	-0.63296	-1.1905	-0.010894	0.16271	0.63296	-0.16271	0.17901	0.31337	-0.56327	-0.10639	0.77897	-0.5242	-0.31337	0.010894	0.49192	0.31704	0.56327	-0.0042593	1.2282	0.5242	-0.49629	0.50744	-0.13529	0.43779	-0.77897	0.075319	-0.31704	-0.49192	0.0042593	-0.50744	0.19446	0.49629	-0.075319	0.13529	-0.19446
"478"	1.2282	-0.16271	-0.10639	-1.1905	0.49192	-0.43779	-0.5242	0.5242	-0.19446	-0.078043	0.16271	0.63296	-0.77897	-0.50744	-0.27307	-0.11753	-0.010894	-0.31337	0.50744	0.19446	-0.49629	0.078043	-0.63296	0.13529	0.0042593	0.56327	0.49629	0.43779	2.1018	-0.0042593	-0.10259	-0.075319	0.075319	0.010894	-1.2282	0.11753	0.31337	0.31704	-0.17901	-0.13529	0.10639	-0.56327	1.1905	-0.31704	-0.49192	-2.1018	0.27307	0.10259	0.17901	0.77897
"479"	0.10639	-0.49629	0.63296	-0.56327	2.1018	0.49192	-0.50744	-0.16271	0.27307	0.0042593	0.010894	0.11753	-0.078043	0.77897	-0.27307	-0.13529	0.10259	-0.43779	0.31337	0.31704	-0.19446	0.49629	-0.17901	0.5242	-0.010894	-0.075319	-0.10259	1.1905	-0.31337	0.43779	-0.31704	-0.63296	-0.49192	-1.1905	-0.5242	1.2282	-1.2282	0.16271	0.17901	0.13529	-2.1018	0.078043	0.56327	0.19446	-0.0042593	0.50744	0.075319	-0.77897	-0.11753	-0.10639
"480"	-0.49629	0.10639	-0.0042593	-0.31704	0.56327	0.63296	-1.1905	0.16271	1.2282	-0.010894	-0.5242	-0.19446	1.1905	-0.63296	0.11753	-0.43779	-1.2282	0.010894	-0.77897	-0.31337	-0.078043	-0.56327	0.19446	0.078043	0.0042593	0.5242	-0.50744	-0.27307	-0.49192	-2.1018	-0.13529	-0.16271	0.10259	0.31337	0.075319	0.77897	2.1018	-0.10259	0.49192	0.13529	-0.17901	-0.075319	-0.11753	0.43779	0.31704	0.27307	-0.10639	0.49629	0.50744	0.17901
"481"	1.2282	0.49629	-0.5242	0.0042593	0.63296	-0.27307	-0.50744	-0.11753	-2.1018	-0.078043	-0.43779	0.56327	0.010894	-0.13529	2.1018	0.49192	-0.77897	-0.17901	0.27307	-1.1905	0.43779	0.31337	-0.010894	0.19446	0.16271	-0.49629	-0.10259	-0.31704	-0.075319	0.17901	1.1905	0.50744	0.5242	-0.56327	-0.31337	-0.16271	-0.63296	-0.19446	0.77897	-0.49192	-0.0042593	0.11753	0.078043	0.10639	-0.10639	0.13529	0.31704	0.10259	-1.2282	0.075319
"482"	0.49629	-0.49192	-0.17901	-0.5242	0.50744	0.77897	-0.31704	-0.11753	-0.49629	0.10259	0.19446	-2.1018	0.17901	0.43779	-0.13529	0.10639	-0.075319	1.2282	0.31337	-0.27307	-1.1905	0.5242	-0.078043	0.078043	2.1018	-0.10639	-0.31337	-0.50744	0.16271	-0.010894	0.31704	-0.10259	-0.63296	0.11753	-0.43779	-0.19446	0.56327	-0.0042593	-0.16271	-1.2282	-0.56327	0.13529	-0.77897	0.010894	0.075319	0.0042593	0.27307	0.63296	0.49192	1.1905
"483"	-0.13529	-0.63296	1.1905	0.31337	-0.43779	-1.2282	-0.16271	0.49192	-0.49629	-0.27307	0.13529	-0.11753	-1.1905	0.10259	0.63296	-0.10639	-0.31337	0.50744	0.56327	0.11753	0.5242	0.31704	-2.1018	-0.10259	0.43779	0.010894	0.17901	2.1018	0.075319	0.19446	0.078043	0.10639	0.77897	-0.31704	-0.56327	-0.075319	-0.0042593	0.0042593	-0.010894	-0.078043	0.27307	-0.19446	-0.50744	-0.77897	1.2282	-0.49192	0.49629	0.16271	-0.17901	-0.5242
"484"	-0.078043	-0.31704	-0.10259	-0.11753	-0.50744	0.13529	1.2282	0.0042593	0.49629	-0.16271	-0.19446	2.1018	-0.13529	-2.1018	0.49192	-0.49192	0.5242	-0.5242	-0.77897	1.1905	0.10259	-0.63296	0.31337	0.77897	-0.0042593	-0.49629	-1.1905	-0.075319	0.10639	0.16271	0.43779	-0.010894	0.27307	0.50744	0.19446	-0.17901	0.078043	-0.56327	0.11753	-0.31337	0.010894	0.075319	-0.43779	0.56327	-0.27307	0.63296	-0.10639	0.31704	-1.2282	0.17901
"485"	-0.43779	0.5242	-0.5242	0.075319	-0.075319	0.63296	0.0042593	0.49192	0.11753	0.31337	0.10639	-1.1905	0.078043	-1.2282	-0.10639	0.31704	0.19446	-0.17901	1.2282	-0.27307	-0.56327	-0.0042593	-0.16271	0.43779	-0.49192	1.1905	0.49629	-2.1018	0.27307	-0.10259	-0.11753	-0.31337	0.13529	0.77897	-0.13529	0.16271	-0.31704	-0.010894	-0.19446	-0.63296	0.010894	0.56327	-0.49629	-0.77897	-0.078043	0.17901	0.10259	-0.50744	0.50744	2.1018
"486"	-2.1018	-0.56327	-0.075319	0.50744	2.1018	1.2282	0.31337	0.11753	-0.0042593	0.19446	0.31704	0.17901	-0.31704	-0.10639	0.075319	0.63296	0.49629	-1.2282	-0.10259	-0.11753	-1.1905	-0.49629	0.0042593	-0.27307	-0.010894	-0.50744	-0.43779	-0.078043	-0.5242	0.10259	-0.19446	0.43779	0.10639	-0.16271	1.1905	-0.13529	0.77897	-0.63296	-0.17901	-0.49192	0.13529	0.27307	0.49192	0.078043	0.16271	0.56327	-0.31337	0.010894	-0.77897	0.5242
"487"	-0.31337	0.5242	0.50744	0.27307	-0.27307	0.43779	0.16271	0.11753	0.17901	0.31337	-0.10639	-0.31704	0.49192	-2.1018	2.1018	0.10639	-0.49192	-0.16271	1.1905	0.77897	-0.010894	-0.078043	-0.17901	-1.1905	-0.5242	0.13529	-0.63296	-0.10259	0.63296	-0.075319	-0.50744	-0.19446	-0.11753	0.078043	-1.2282	0.19446	-0.13529	0.56327	0.075319	-0.56327	-0.77897	0.010894	-0.43779	1.2282	0.31704	0.0042593	-0.49629	0.10259	0.49629	-0.0042593
"488"	-0.19446	0.0042593	1.1905	0.31337	-1.1905	0.17901	-0.31337	0.19446	0.5242	-0.11753	0.078043	2.1018	0.27307	0.11753	0.43779	-0.49192	-0.49629	-0.77897	0.49629	-0.10639	1.2282	-0.43779	0.10259	0.31704	-0.0042593	0.075319	-0.17901	-0.27307	-0.13529	0.77897	-0.56327	-0.31704	-0.010894	-0.63296	0.10639	0.63296	0.49192	-0.5242	-0.50744	-0.10259	0.13529	0.16271	0.56327	-2.1018	-1.2282	-0.16271	-0.075319	0.50744	-0.078043	0.010894
"489"	0.11753	0.49629	0.63296	-0.31337	0.50744	0.49192	-0.13529	0.56327	-0.010894	1.2282	-0.0042593	-0.17901	0.075319	-0.19446	1.1905	-1.2282	-0.50744	-0.11753	2.1018	0.19446	-0.27307	-0.10259	-0.49192	0.13529	0.77897	0.0042593	0.17901	-0.5242	0.010894	-0.075319	-0.77897	-0.49629	0.31704	-0.10639	0.43779	-0.56327	-0.16271	0.10639	-0.43779	0.31337	0.27307	0.078043	-0.078043	-2.1018	-0.31704	-1.1905	0.16271	-0.63296	0.5242	0.10259
"490"	-1.2282	2.1018	0.77897	0.11753	-0.13529	0.17901	-2.1018	0.31704	-0.63296	-0.49192	1.2282	0.43779	-0.010894	-0.49629	-0.43779	0.10259	0.19446	1.1905	-0.0042593	0.10639	-0.5242	-0.16271	-0.27307	0.49629	-0.19446	-0.10639	0.078043	-0.17901	-0.77897	0.63296	0.56327	-0.31337	-0.075319	0.010894	-0.10259	0.31337	0.50744	0.49192	-0.50744	-0.078043	-0.56327	0.075319	0.0042593	0.16271	0.5242	0.13529	0.27307	-0.31704	-0.11753	-1.1905
"491"	0.31337	-0.10259	0.010894	-2.1018	0.50744	0.63296	1.1905	-0.19446	0.77897	-0.43779	2.1018	1.2282	0.31704	-0.0042593	-1.2282	-1.1905	0.56327	0.19446	-0.31337	-0.56327	-0.17901	-0.10639	-0.27307	0.49629	0.13529	0.5242	-0.50744	0.16271	-0.078043	-0.49192	-0.13529	0.075319	-0.31704	-0.63296	0.078043	-0.49629	-0.5242	-0.16271	0.11753	0.49192	0.0042593	0.27307	0.43779	-0.11753	-0.77897	0.10639	0.10259	-0.010894	-0.075319	0.17901
"492"	-0.56327	-2.1018	-0.63296	0.19446	-0.19446	0.10259	-0.13529	0.31337	-0.49629	-0.10639	-0.075319	-0.31337	-0.10259	-0.27307	0.0042593	2.1018	0.27307	0.075319	-0.010894	-0.0042593	-0.16271	0.56327	-0.43779	0.49192	-0.31704	1.2282	0.13529	1.1905	0.63296	0.50744	0.10639	0.16271	-0.11753	-0.50744	0.17901	-1.2282	-0.49192	-0.5242	-0.77897	0.43779	-1.1905	0.77897	0.31704	-0.078043	0.010894	0.5242	0.49629	0.078043	0.11753	-0.17901
"493"	0.0042593	-0.49192	0.77897	-0.43779	-0.13529	-0.27307	-0.50744	-0.17901	-0.63296	-0.49629	0.56327	0.17901	0.31704	-0.078043	0.10259	-0.10259	0.16271	1.2282	0.13529	-0.10639	0.5242	0.010894	-1.2282	-0.31337	-0.5242	2.1018	0.27307	0.49192	0.19446	1.1905	0.31337	-0.77897	-0.11753	-0.19446	0.075319	-0.0042593	0.078043	0.63296	-0.010894	-0.075319	-0.16271	0.10639	0.43779	-2.1018	0.49629	-1.1905	-0.31704	0.11753	-0.56327	0.50744
"494"	0.49192	0.078043	1.1905	0.77897	0.11753	-0.56327	-0.010894	0.27307	0.13529	-0.11753	0.16271	-0.43779	-0.31704	-0.13529	0.010894	-0.0042593	0.0042593	0.19446	-0.5242	-0.10259	0.43779	0.10639	2.1018	-0.075319	0.56327	-0.49192	0.31704	0.63296	-1.1905	0.10259	1.2282	0.49629	-0.50744	-0.16271	0.17901	-0.19446	-0.10639	-0.63296	0.5242	-0.27307	-0.31337	-1.2282	-2.1018	0.50744	-0.078043	0.075319	-0.17901	0.31337	-0.49629	-0.77897
"495"	0.078043	-1.1905	-0.010894	0.13529	1.1905	0.10639	-0.77897	-2.1018	0.43779	0.0042593	1.2282	-0.49629	-0.5242	0.19446	0.56327	0.31704	-0.078043	2.1018	-0.43779	0.075319	0.010894	-0.10639	0.49192	-0.19446	0.77897	0.11753	-0.63296	-0.56327	0.49629	-0.075319	-0.17901	-0.31337	-0.0042593	-0.27307	-0.50744	0.16271	-0.49192	0.17901	-1.2282	-0.13529	-0.31704	0.10259	0.50744	-0.10259	0.27307	0.5242	0.31337	0.63296	-0.11753	-0.16271
"496"	0.49629	-0.19446	0.16271	0.17901	-0.16271	0.19446	2.1018	-0.10639	1.2282	-2.1018	-0.31337	-0.11753	0.10259	0.63296	-0.10259	-0.17901	-0.31704	0.77897	0.10639	0.31704	-0.010894	1.1905	0.31337	0.075319	-0.5242	0.078043	-0.56327	-0.0042593	0.50744	-0.50744	-0.49192	-0.075319	-0.49629	-0.43779	0.010894	0.11753	-0.77897	0.5242	-0.63296	0.56327	-0.13529	0.27307	0.49192	0.13529	-0.078043	-1.2282	-0.27307	0.0042593	0.43779	-1.1905
"497"	2.1018	0.31337	-0.27307	0.5242	-0.49192	0.010894	-0.10639	-0.10259	-0.56327	-0.63296	0.17901	0.10639	-0.50744	0.31704	0.16271	-1.2282	-0.16271	-1.1905	0.10259	0.56327	0.50744	0.49192	-2.1018	-0.31704	1.2282	-0.11753	0.0042593	-0.49629	0.11753	0.77897	-0.078043	0.63296	0.49629	-0.5242	-0.77897	0.27307	0.13529	-0.31337	-0.13529	-0.43779	-0.010894	1.1905	-0.075319	0.19446	0.075319	-0.0042593	0.078043	-0.19446	0.43779	-0.17901
"498"	-0.010894	-0.10259	-0.19446	0.075319	-0.078043	0.17901	0.43779	0.19446	0.31337	-1.1905	0.16271	-0.77897	0.31704	0.13529	-0.16271	-0.31337	0.078043	0.50744	-0.49629	-0.075319	1.1905	-0.13529	-0.43779	-0.5242	0.10639	0.11753	-0.0042593	1.2282	-0.31704	-1.2282	0.49192	0.010894	-2.1018	0.49629	-0.50744	0.0042593	0.63296	-0.63296	0.56327	0.77897	2.1018	-0.17901	-0.49192	-0.27307	-0.10639	0.10259	-0.11753	0.27307	0.5242	-0.56327
"499"	1.2282	-0.49629	-0.10639	0.010894	2.1018	0.31704	-0.77897	0.43779	0.16271	-0.11753	-0.31337	1.1905	-1.2282	-1.1905	0.49629	-0.010894	0.17901	0.075319	-0.50744	-0.5242	0.10639	0.49192	-0.17901	-0.56327	0.77897	0.5242	0.27307	0.63296	0.13529	-0.19446	0.078043	-0.0042593	-0.16271	0.19446	0.50744	0.10259	-0.078043	-0.13529	-0.075319	0.56327	-0.49192	-0.10259	0.0042593	-0.27307	-2.1018	-0.43779	0.11753	-0.31704	-0.63296	0.31337
"500"	0.43779	-0.31704	0.27307	0.16271	0.49629	0.078043	0.50744	0.11753	0.10259	-0.49629	0.56327	0.13529	-0.16271	-0.0042593	-0.77897	-1.2282	0.63296	-0.31337	-0.17901	-0.19446	2.1018	-0.010894	-0.56327	-2.1018	-0.27307	0.5242	-0.11753	1.2282	-0.10259	-1.1905	-0.078043	-0.49192	1.1905	0.0042593	0.10639	-0.13529	0.77897	-0.5242	-0.63296	0.31337	-0.10639	0.010894	0.17901	0.31704	0.075319	-0.50744	-0.43779	0.49192	-0.075319	0.19446
"501"	1.2282	0.11753	0.078043	2.1018	-0.56327	-0.075319	0.10639	-0.31337	0.43779	0.17901	1.1905	0.77897	-0.49629	-0.43779	-2.1018	0.27307	0.010894	0.5242	-0.50744	-0.13529	0.16271	-0.31704	-0.27307	0.13529	-0.078043	0.19446	-0.10639	0.075319	-1.2282	-0.0042593	0.63296	0.31704	-0.10259	-0.19446	-0.010894	-0.49192	0.56327	-1.1905	0.49629	-0.77897	0.49192	0.0042593	-0.11753	0.31337	-0.17901	-0.5242	-0.63296	-0.16271	0.50744	0.10259
"502"	0.5242	-0.11753	-0.075319	0.49629	-0.10259	0.49192	0.10259	-0.5242	0.63296	-0.49192	-0.31337	-0.43779	0.13529	2.1018	0.43779	-1.1905	-0.63296	-0.49629	0.078043	-0.17901	-2.1018	-1.2282	-0.77897	-0.31704	0.11753	0.010894	0.17901	-0.56327	0.16271	0.56327	0.31704	-0.13529	-0.10639	-0.16271	0.0042593	0.50744	-0.010894	-0.078043	-0.27307	0.10639	-0.0042593	1.2282	-0.50744	1.1905	0.31337	-0.19446	0.27307	0.075319	0.19446	0.77897
"503"	0.10639	0.27307	-0.10259	-0.17901	-0.075319	0.16271	0.49192	-0.13529	-0.10639	-0.078043	1.2282	0.31704	-0.63296	-1.1905	0.43779	0.50744	0.10259	0.19446	0.075319	0.17901	-0.31337	-0.5242	-0.19446	0.11753	0.77897	-0.77897	0.0042593	0.49629	-0.010894	1.1905	-0.49629	-1.2282	-0.43779	0.5242	0.31337	0.56327	0.078043	-0.56327	2.1018	-2.1018	0.63296	-0.49192	-0.27307	0.010894	-0.16271	-0.31704	-0.11753	0.13529	-0.0042593	-0.50744
"504"	-0.31704	-0.17901	0.43779	0.13529	0.10259	0.77897	0.075319	-0.63296	0.16271	-0.31337	-0.10639	-0.77897	-0.43779	-2.1018	0.17901	-0.075319	-0.56327	-0.11753	0.63296	0.10639	0.56327	0.11753	0.31337	0.19446	-0.19446	1.1905	0.50744	-0.10259	-0.50744	-0.16271	-0.13529	0.010894	-0.49629	-1.1905	0.0042593	-0.49192	-0.010894	0.078043	-0.0042593	-1.2282	1.2282	-0.078043	0.31704	-0.27307	0.27307	2.1018	0.49192	0.5242	-0.5242	0.49629
"505"	-0.63296	2.1018	0.010894	-0.17901	0.77897	-0.10639	-0.56327	-0.078043	-0.13529	-0.31704	1.1905	-0.11753	0.16271	0.075319	0.17901	-2.1018	0.13529	-0.010894	-0.27307	-0.43779	-0.5242	0.11753	0.56327	0.31704	-1.2282	0.5242	0.10639	0.49629	-0.16271	0.27307	-1.1905	0.49192	0.63296	-0.77897	-0.49192	1.2282	-0.0042593	0.19446	0.0042593	-0.19446	-0.49629	0.43779	0.078043	-0.50744	-0.10259	0.10259	0.31337	-0.075319	0.50744	-0.31337
"506"	2.1018	-0.17901	0.10259	0.43779	-0.27307	-0.56327	-0.63296	-0.0042593	0.17901	-0.13529	-0.77897	0.31337	0.77897	-0.078043	-0.43779	1.2282	0.31704	0.56327	0.27307	1.1905	-0.31704	0.13529	-0.31337	-0.49192	0.5242	-1.1905	0.49629	0.49192	0.075319	-0.19446	-2.1018	-0.50744	0.10639	0.010894	-0.16271	0.16271	0.19446	0.078043	-0.49629	-0.075319	-0.11753	0.50744	-1.2282	0.0042593	-0.010894	-0.10259	-0.10639	-0.5242	0.63296	0.11753
"507"	-0.19446	0.0042593	0.56327	0.27307	-1.2282	0.10259	-0.27307	1.2282	0.10639	-0.31704	0.49192	-2.1018	-0.17901	0.16271	-1.1905	-0.31337	-0.010894	0.11753	0.50744	0.5242	0.19446	-0.49192	0.63296	0.77897	-0.77897	-0.11753	0.13529	1.1905	0.49629	-0.56327	0.010894	-0.10259	-0.078043	-0.49629	-0.13529	0.31337	0.075319	0.17901	-0.10639	-0.16271	-0.075319	-0.5242	0.43779	0.078043	-0.50744	-0.0042593	2.1018	0.31704	-0.43779	-0.63296
"508"	0.078043	-0.43779	-0.13529	0.10639	-0.19446	0.43779	-0.10639	2.1018	0.010894	-0.31337	-1.1905	-0.49629	0.31337	-0.56327	-0.0042593	-0.5242	-0.10259	-0.11753	-2.1018	-0.49192	-1.2282	1.1905	0.19446	0.17901	0.49192	-0.17901	-0.16271	0.13529	1.2282	-0.50744	0.63296	0.16271	0.77897	0.075319	0.49629	0.27307	0.10259	-0.31704	-0.63296	-0.77897	0.0042593	0.5242	0.50744	0.31704	0.11753	-0.27307	-0.075319	-0.078043	0.56327	-0.010894
"509"	0.10639	-0.13529	0.11753	-0.0042593	-0.17901	0.49629	-1.1905	-0.078043	-0.50744	-0.31337	-0.49629	0.10259	0.078043	0.19446	0.50744	-0.43779	0.16271	-0.31704	-0.19446	0.63296	0.31337	-0.11753	-0.10639	0.27307	-0.010894	-0.63296	0.5242	0.43779	-0.27307	0.49192	-2.1018	-0.075319	0.13529	0.31704	-0.10259	-0.77897	1.1905	-1.2282	-0.16271	2.1018	0.17901	0.56327	0.075319	-0.56327	0.0042593	-0.5242	0.77897	0.010894	-0.49192	1.2282
"510"	0.27307	-0.31704	0.0042593	-0.31337	-0.10259	1.2282	-0.19446	-0.56327	-0.50744	-0.11753	-0.77897	0.078043	-0.075319	0.16271	0.10259	-0.63296	-0.13529	-2.1018	0.77897	-0.10639	-0.49192	-0.5242	1.1905	0.13529	-0.010894	-0.078043	-0.43779	0.19446	0.10639	0.49192	-0.17901	2.1018	-0.0042593	0.50744	-1.2282	-0.49629	0.010894	0.5242	0.17901	0.075319	0.63296	0.49629	-1.1905	0.11753	0.43779	0.56327	-0.16271	0.31704	-0.27307	0.31337
"511"	-0.075319	0.17901	-0.49629	-2.1018	-0.63296	0.10639	-0.56327	0.16271	0.31337	-0.16271	-0.5242	-0.43779	-0.31337	0.010894	1.2282	0.078043	-1.2282	0.56327	0.11753	-0.17901	-0.10639	0.49629	0.49192	-0.11753	0.13529	-0.50744	-0.078043	1.1905	-0.010894	0.63296	-0.19446	0.0042593	-0.13529	0.27307	0.50744	0.31704	-0.10259	0.10259	0.19446	0.77897	-0.31704	-0.49192	-1.1905	-0.77897	-0.27307	0.43779	0.5242	-0.0042593	0.075319	2.1018
"512"	-1.1905	0.13529	-0.19446	-0.16271	-0.49192	0.17901	0.19446	1.1905	0.27307	-0.10639	0.56327	0.5242	0.49192	-0.50744	-0.11753	-0.56327	0.10259	0.50744	-0.5242	-0.77897	2.1018	-0.13529	-2.1018	0.010894	0.16271	0.0042593	0.11753	0.49629	-0.49629	0.77897	0.078043	0.63296	1.2282	-0.31704	0.31704	-0.10259	-0.63296	-0.31337	-1.2282	-0.0042593	0.10639	-0.17901	-0.43779	-0.078043	0.31337	-0.27307	-0.010894	-0.075319	0.43779	0.075319
"513"	0.17901	-2.1018	-0.19446	0.13529	0.010894	-0.16271	-0.0042593	-0.10639	1.1905	0.10639	-0.078043	-0.27307	0.49192	0.078043	-0.43779	-1.2282	-0.50744	0.11753	-0.17901	-0.56327	-0.63296	0.63296	-0.11753	0.0042593	0.31704	-0.49629	2.1018	0.31337	-0.77897	1.2282	0.27307	-0.31704	-1.1905	-0.010894	-0.49192	0.16271	-0.13529	0.50744	0.56327	-0.5242	0.77897	-0.31337	0.19446	0.10259	-0.075319	0.075319	-0.10259	0.49629	0.5242	0.43779
"514"	-0.31704	-0.010894	1.1905	-0.13529	1.2282	0.075319	0.19446	0.50744	0.17901	-0.77897	0.5242	0.11753	0.10639	-0.63296	0.77897	0.0042593	0.43779	0.49192	0.010894	0.16271	0.31704	-0.19446	-0.49629	0.31337	0.27307	0.10259	-0.49192	-0.0042593	-0.31337	0.13529	0.56327	-0.10259	2.1018	0.49629	-0.27307	-0.075319	-0.43779	-2.1018	0.63296	-0.17901	-0.50744	-1.2282	-0.11753	-1.1905	-0.5242	-0.10639	-0.56327	0.078043	-0.16271	-0.078043
"515"	-0.075319	-0.49629	-0.078043	0.10259	-0.010894	1.1905	-0.49192	0.0042593	-1.1905	-0.56327	-2.1018	-0.77897	-0.5242	0.5242	0.010894	-1.2282	-0.27307	0.77897	-0.10259	0.43779	0.50744	0.49192	-0.13529	1.2282	-0.50744	-0.19446	-0.0042593	-0.10639	2.1018	0.49629	0.19446	-0.43779	0.31337	-0.63296	-0.16271	0.078043	0.10639	0.27307	0.56327	0.17901	0.16271	0.31704	0.11753	0.13529	0.075319	0.63296	-0.31337	-0.17901	-0.31704	-0.11753
"516"	0.56327	0.63296	0.43779	-0.11753	0.11753	0.31337	0.31704	-0.27307	0.77897	-0.16271	-0.13529	-0.10639	-0.77897	1.2282	0.27307	-0.31704	-0.078043	0.19446	0.13529	0.16271	-0.49629	0.17901	0.5242	0.50744	-1.1905	-0.17901	-0.19446	-0.50744	1.1905	2.1018	0.078043	-0.010894	-0.075319	-0.5242	-0.56327	-0.0042593	-0.63296	-1.2282	0.10259	0.010894	-0.31337	-0.43779	0.10639	0.075319	0.49629	-0.49192	0.49192	0.0042593	-0.10259	-2.1018
"517"	-0.13529	-0.5242	-0.31704	0.13529	-1.2282	2.1018	-0.078043	-0.11753	-0.49629	0.50744	0.27307	0.56327	0.010894	-0.77897	0.43779	0.078043	-0.63296	0.19446	-0.10639	-0.49192	0.0042593	0.77897	0.075319	0.16271	-0.010894	0.5242	1.2282	-0.50744	0.10639	0.10259	0.17901	-0.19446	-0.31337	-1.1905	0.63296	0.49629	0.11753	-0.27307	0.31704	0.49192	-0.075319	-0.56327	-0.43779	-0.16271	1.1905	-0.0042593	-2.1018	-0.17901	0.31337	-0.10259
"518"	0.77897	0.010894	-0.010894	-1.1905	-0.49629	-0.5242	-0.11753	0.0042593	0.49629	-0.77897	-0.49192	0.10639	-0.19446	1.2282	-0.0042593	-1.2282	-0.078043	0.31337	0.49192	0.075319	0.31704	0.17901	0.13529	-0.13529	0.56327	-0.43779	0.27307	1.1905	-0.50744	-0.10639	0.19446	-2.1018	0.50744	0.078043	-0.56327	0.43779	-0.63296	-0.10259	-0.31337	2.1018	0.16271	-0.31704	0.11753	-0.27307	-0.16271	-0.075319	0.5242	-0.17901	0.10259	0.63296
"519"	-0.16271	-0.10259	-0.078043	-0.13529	-0.50744	0.77897	-0.17901	-0.43779	-0.63296	0.50744	0.010894	0.075319	-1.1905	-0.49629	0.13529	0.31704	-0.075319	-0.0042593	0.11753	0.49629	1.2282	0.078043	-1.2282	0.10259	0.17901	0.43779	-0.56327	0.19446	-0.27307	-0.010894	0.27307	0.31337	0.0042593	-0.77897	0.49192	-0.5242	0.56327	-0.11753	2.1018	0.5242	-0.10639	-2.1018	0.10639	-0.31704	-0.31337	0.63296	-0.49192	0.16271	-0.19446	1.1905
"520"	-0.10639	1.1905	-0.10259	-0.56327	-0.31337	-0.0042593	0.50744	0.63296	0.31704	0.43779	1.2282	-0.63296	-0.19446	0.010894	-0.50744	0.078043	-0.77897	0.17901	0.56327	0.13529	0.31337	0.49629	-0.16271	0.10259	-2.1018	0.10639	-0.078043	-0.5242	0.19446	-0.31704	-0.010894	-0.13529	-0.27307	2.1018	-0.49629	0.16271	0.11753	-1.1905	-0.49192	0.77897	0.075319	0.27307	-0.43779	0.0042593	-0.075319	-0.11753	-0.17901	-1.2282	0.5242	0.49192
"521"	0.16271	-2.1018	1.1905	-0.075319	0.49629	0.63296	-0.49629	-1.1905	0.19446	-0.19446	-0.16271	0.5242	0.43779	0.10259	-0.17901	-0.10259	0.31337	0.49192	-0.0042593	-0.27307	0.10639	-0.56327	-0.10639	-0.31337	0.078043	-0.13529	0.77897	1.2282	0.010894	0.17901	0.27307	0.0042593	-1.2282	0.31704	0.075319	0.50744	-0.49192	-0.078043	-0.31704	-0.5242	-0.77897	2.1018	-0.43779	0.56327	-0.11753	-0.010894	0.11753	0.13529	-0.63296	-0.50744
"522"	-0.77897	-0.0042593	-0.078043	0.31337	0.56327	0.17901	0.0042593	0.77897	-0.075319	0.49192	0.31704	0.50744	-0.19446	-0.10639	-0.56327	0.075319	-0.31704	0.13529	0.10639	-1.1905	-0.49629	0.5242	0.16271	0.43779	-0.17901	-0.49192	2.1018	1.2282	0.11753	0.078043	-0.010894	0.19446	-0.43779	-0.13529	-0.31337	-0.16271	0.10259	1.1905	-0.27307	0.49629	-0.11753	-1.2282	-0.63296	0.63296	0.27307	-0.5242	-2.1018	-0.50744	-0.10259	0.010894
"523"	-0.31704	0.16271	-2.1018	0.010894	-0.31337	-0.43779	0.31704	-0.49192	-0.13529	1.1905	-0.078043	-0.56327	0.10639	-1.2282	0.43779	0.49629	-0.49629	2.1018	0.11753	0.19446	1.2282	0.77897	-0.010894	0.56327	0.13529	0.27307	-0.19446	-0.50744	-0.17901	-0.77897	-0.16271	0.10259	-0.0042593	-0.10639	0.078043	-0.11753	-0.27307	0.17901	0.50744	0.31337	0.49192	-0.075319	0.075319	-0.63296	0.0042593	-0.5242	0.63296	-1.1905	-0.10259	0.5242
"524"	-0.10259	0.56327	-0.31337	0.11753	0.17901	0.63296	0.13529	-1.1905	0.075319	-0.10639	0.10639	-2.1018	0.49629	0.43779	0.31337	0.10259	1.1905	0.31704	-0.27307	-0.63296	-0.11753	0.19446	0.50744	-0.0042593	-0.77897	-0.50744	0.77897	0.078043	0.0042593	-0.5242	-0.31704	-0.078043	-0.49629	-1.2282	-0.17901	0.16271	-0.010894	-0.19446	-0.49192	1.2282	0.010894	-0.56327	-0.075319	-0.43779	0.27307	2.1018	-0.13529	0.5242	-0.16271	0.49192
"525"	0.27307	-0.43779	-0.0042593	0.078043	-0.49629	-2.1018	0.16271	0.31337	0.11753	0.63296	-1.1905	0.17901	1.1905	2.1018	-0.49192	-0.17901	-0.56327	-0.19446	0.13529	1.2282	0.49629	0.77897	-0.010894	-1.2282	-0.50744	-0.63296	-0.27307	0.10259	0.43779	-0.16271	-0.075319	0.56327	-0.11753	-0.77897	0.010894	0.49192	0.19446	-0.13529	0.5242	0.10639	0.31704	-0.5242	-0.31704	0.075319	-0.10259	0.50744	-0.10639	0.0042593	-0.31337	-0.078043
"526"	1.2282	0.43779	0.63296	-0.0042593	0.0042593	-1.1905	-0.49192	0.19446	-0.075319	0.13529	0.10639	-0.10259	0.11753	0.27307	-0.13529	0.010894	-0.49629	0.075319	-0.31704	1.1905	0.17901	-0.19446	0.49192	-0.56327	-0.50744	0.31704	-0.77897	0.56327	-0.27307	-0.10639	-0.31337	0.77897	-0.43779	0.31337	0.50744	2.1018	-2.1018	-0.078043	0.078043	0.5242	-0.5242	0.10259	-0.11753	-0.63296	-1.2282	-0.010894	0.16271	-0.17901	0.49629	-0.16271
"527"	0.49629	0.63296	-0.11753	-0.49629	0.50744	1.1905	-1.1905	0.010894	-1.2282	0.11753	-0.13529	-0.63296	1.2282	-0.31337	0.5242	0.13529	-0.10639	-0.77897	0.078043	0.0042593	-0.010894	-0.078043	0.075319	-0.17901	0.49192	-0.31704	-0.19446	0.16271	0.10639	0.27307	-0.27307	-0.50744	0.56327	-0.5242	0.31704	2.1018	0.31337	-2.1018	-0.43779	0.19446	0.43779	-0.56327	0.17901	-0.16271	-0.10259	0.10259	-0.49192	-0.075319	0.77897	-0.0042593
"528"	-0.0042593	0.50744	-0.13529	1.1905	-0.17901	-0.10259	0.17901	1.2282	2.1018	0.49629	-0.49192	-0.50744	-0.11753	0.010894	0.078043	-1.2282	0.49192	-0.078043	-0.43779	-0.010894	0.31337	0.63296	-0.77897	0.19446	0.11753	-0.27307	0.77897	-0.075319	0.27307	0.13529	-0.49629	0.10259	0.16271	0.43779	-0.5242	-2.1018	-0.19446	-0.56327	0.10639	0.0042593	-1.1905	-0.31337	-0.63296	-0.16271	0.31704	0.075319	0.5242	0.56327	-0.31704	-0.10639
"529"	-0.31337	0.50744	0.49629	0.49192	-0.49192	-1.2282	0.43779	0.10639	0.078043	0.31704	-0.5242	-0.31704	-0.075319	-1.1905	0.5242	-0.43779	0.17901	-0.10259	0.075319	-0.17901	0.56327	-0.0042593	0.13529	-0.50744	-0.010894	0.31337	-0.10639	-0.49629	-0.078043	-2.1018	-0.27307	0.19446	0.16271	-0.13529	0.11753	-0.56327	0.0042593	-0.16271	0.27307	0.77897	-0.63296	-0.77897	0.010894	2.1018	-0.19446	0.10259	1.1905	0.63296	1.2282	-0.11753
"530"	-0.10259	-0.43779	0.56327	2.1018	-0.50744	-0.49629	-0.010894	1.1905	-0.77897	0.11753	0.19446	0.77897	0.075319	-0.5242	-0.31337	0.0042593	-0.10639	0.078043	1.2282	-0.078043	0.50744	-0.0042593	0.49629	-0.63296	0.17901	0.010894	-0.19446	-0.17901	-0.13529	0.31337	0.31704	-2.1018	-0.49192	-0.31704	0.16271	0.10259	-0.27307	-1.2282	0.5242	-0.11753	0.10639	0.27307	0.49192	0.13529	-0.16271	0.43779	-1.1905	-0.56327	-0.075319	0.63296
"531"	0.49629	-0.19446	-0.27307	-0.10639	0.50744	2.1018	0.010894	0.0042593	-0.13529	0.11753	-0.31337	0.075319	-0.63296	0.10259	0.078043	-0.43779	-0.49192	-0.49629	-0.31704	0.56327	0.31704	-0.50744	-0.56327	1.1905	-0.5242	-0.77897	0.10639	0.43779	-0.0042593	1.2282	0.16271	-1.2282	-0.16271	0.77897	-0.17901	0.31337	0.5242	-0.078043	0.63296	0.27307	0.19446	-0.075319	0.49192	0.17901	-0.010894	0.13529	-2.1018	-1.1905	-0.10259	-0.11753
"532"	0.31704	-0.17901	-0.27307	1.1905	0.19446	-0.10639	0.10259	0.075319	2.1018	-0.43779	0.13529	-0.5242	-1.1905	0.50744	0.5242	0.43779	0.63296	-0.0042593	-0.075319	0.17901	-0.63296	0.10639	-0.13529	-0.56327	-0.11753	0.56327	0.078043	0.0042593	0.49192	1.2282	-0.078043	0.16271	0.010894	0.49629	-2.1018	0.77897	-0.49629	-0.10259	-0.49192	0.31337	0.11753	-1.2282	-0.010894	-0.77897	-0.31704	-0.31337	-0.50744	-0.16271	-0.19446	0.27307
"533"	0.078043	-0.16271	0.10259	-0.010894	1.1905	-0.10639	0.0042593	-1.2282	-0.77897	-0.49629	0.11753	0.075319	0.43779	2.1018	-0.31704	-0.075319	-0.5242	-0.13529	0.16271	-0.19446	0.27307	-0.11753	-0.50744	-0.27307	-0.0042593	0.17901	-1.1905	0.31704	0.19446	-0.31337	-0.63296	0.10639	-0.43779	-0.17901	0.63296	-2.1018	0.5242	-0.10259	-0.49192	0.31337	0.49192	1.2282	0.49629	0.77897	0.50744	-0.078043	0.13529	-0.56327	0.56327	0.010894
"534"	-0.17901	-0.56327	-0.10259	-0.13529	0.63296	-0.19446	0.49192	-0.63296	0.11753	0.010894	1.2282	-0.10639	0.078043	0.77897	-0.77897	0.31704	-0.31337	-1.2282	0.31337	0.5242	-0.0042593	-0.010894	-0.5242	2.1018	-1.1905	0.19446	-0.11753	0.10639	0.075319	0.43779	1.1905	0.27307	-0.078043	-0.49192	-0.49629	0.13529	-0.16271	0.17901	0.56327	0.10259	-2.1018	0.49629	0.50744	-0.50744	-0.075319	-0.27307	0.16271	-0.43779	-0.31704	0.0042593
"535"	0.0042593	-1.2282	-0.11753	-0.50744	-0.49192	-0.078043	0.10259	0.5242	-0.31337	0.16271	0.078043	0.50744	0.49192	-2.1018	1.1905	-0.17901	-0.5242	2.1018	-0.10259	-0.43779	0.075319	-0.56327	1.2282	0.63296	0.010894	0.56327	0.13529	-0.49629	0.31704	0.27307	0.49629	0.31337	0.43779	0.19446	-0.075319	-0.31704	-1.1905	-0.0042593	-0.77897	0.17901	0.10639	-0.19446	-0.010894	0.11753	-0.13529	-0.16271	-0.63296	-0.27307	-0.10639	0.77897
"536"	-0.56327	-0.5242	-0.10259	-0.010894	-0.31704	-0.13529	0.63296	-0.078043	-1.2282	0.31337	-0.43779	1.2282	0.5242	-0.63296	2.1018	0.10259	-0.19446	0.078043	0.49192	-0.0042593	0.49629	-0.27307	0.010894	0.27307	-0.49629	0.56327	0.11753	-0.77897	-2.1018	-0.49192	0.075319	0.16271	-0.17901	-0.10639	0.77897	0.19446	1.1905	0.17901	0.43779	-0.31337	-0.11753	-0.075319	-0.50744	-1.1905	0.13529	-0.16271	0.50744	0.0042593	0.31704	0.10639
"537"	0.49192	1.2282	-0.11753	0.078043	-0.13529	-0.49192	-0.56327	0.13529	0.16271	-0.17901	0.31337	0.075319	-0.19446	0.77897	0.10259	0.10639	0.17901	1.1905	0.43779	0.31704	-0.77897	-0.0042593	-0.10639	-0.010894	-0.078043	0.5242	0.0042593	0.49629	-0.27307	0.010894	-0.31704	-0.5242	-0.50744	-0.10259	-1.2282	0.27307	-0.63296	-0.16271	0.11753	-1.1905	-0.49629	2.1018	-2.1018	-0.075319	0.63296	-0.43779	-0.31337	0.50744	0.19446	0.56327
"538"	0.77897	-0.075319	0.56327	-0.63296	-0.10639	1.2282	-0.49192	0.10639	-0.56327	0.010894	0.27307	0.43779	-0.16271	0.49192	0.075319	-0.13529	0.10259	0.50744	0.11753	1.1905	-0.31704	0.078043	-0.49629	0.63296	-1.1905	-0.27307	-0.010894	-0.5242	0.0042593	-0.10259	-2.1018	-0.50744	-0.11753	-0.19446	2.1018	-0.0042593	0.16271	0.49629	-0.77897	0.31337	-0.43779	-0.17901	0.5242	0.31704	0.13529	-0.078043	0.17901	-1.2282	-0.31337	0.19446
"539"	-0.075319	0.31337	0.010894	1.2282	0.43779	-1.2282	-0.43779	-0.31704	0.56327	-0.13529	-0.010894	0.078043	-2.1018	-0.5242	-0.50744	-0.56327	-0.10259	0.63296	-0.0042593	0.13529	0.10259	-0.078043	0.77897	-1.1905	0.11753	0.0042593	-0.19446	1.1905	0.16271	0.17901	-0.63296	0.19446	-0.11753	2.1018	0.10639	-0.49192	-0.31337	-0.77897	-0.49629	0.5242	0.49192	-0.27307	-0.16271	0.31704	0.49629	-0.10639	-0.17901	0.27307	0.50744	0.075319
"540"	-0.17901	0.10259	0.31704	0.11753	-2.1018	-0.31337	0.075319	-0.0042593	-0.11753	0.010894	-1.1905	0.16271	0.5242	0.56327	1.1905	0.63296	0.49629	-0.77897	0.77897	-0.50744	0.0042593	2.1018	0.078043	-0.16271	0.10639	-0.43779	-0.56327	1.2282	-1.2282	-0.63296	-0.078043	0.17901	-0.010894	0.43779	0.31337	0.49192	-0.19446	0.19446	-0.075319	-0.10639	-0.27307	-0.5242	0.50744	-0.49192	-0.10259	0.27307	-0.49629	-0.13529	-0.31704	0.13529
"541"	-0.50744	-0.49192	0.27307	-0.17901	0.5242	0.078043	0.13529	0.31337	-0.075319	0.17901	-0.27307	-0.13529	-0.43779	-0.77897	-0.31704	0.49192	0.49629	0.50744	-0.010894	0.11753	-0.078043	2.1018	-0.56327	-2.1018	0.19446	-0.10259	-0.31337	0.16271	-0.63296	-1.1905	0.63296	-0.16271	0.10259	0.010894	0.075319	0.43779	-0.10639	0.77897	-0.0042593	-0.11753	1.2282	-0.49629	0.0042593	0.56327	0.10639	-0.5242	1.1905	-1.2282	0.31704	-0.19446
"542"	-0.10259	0.10639	0.49629	-0.49192	-2.1018	0.0042593	1.1905	0.31337	0.50744	-0.10639	-0.16271	0.075319	-0.27307	-0.31337	-0.010894	-0.50744	0.16271	0.43779	0.11753	0.078043	0.56327	0.10259	0.19446	-0.13529	0.31704	0.010894	-1.1905	-0.63296	0.63296	-0.11753	-0.5242	-0.17901	-0.56327	-1.2282	0.13529	-0.49629	-0.0042593	-0.77897	0.5242	1.2282	0.17901	-0.31704	-0.078043	-0.075319	0.27307	-0.43779	0.77897	-0.19446	0.49192	2.1018
"543"	-0.010894	-0.19446	0.078043	0.50744	2.1018	0.56327	-0.49629	0.77897	-0.63296	-0.31337	-0.11753	-0.31704	-0.50744	0.10259	0.49629	0.19446	0.13529	0.11753	-1.1905	-0.5242	0.10639	-0.27307	-0.43779	0.0042593	-1.2282	-0.49192	-0.77897	0.27307	-0.16271	0.075319	-0.0042593	0.5242	-0.17901	0.31704	1.2282	0.31337	-0.10259	-0.56327	0.010894	0.17901	0.49192	0.63296	-0.13529	0.43779	-0.10639	1.1905	0.16271	-0.078043	-2.1018	-0.075319
"544"	-0.43779	-0.50744	0.63296	-1.1905	0.11753	0.075319	-0.10639	-0.078043	0.10259	0.0042593	0.5242	0.10639	-0.31337	-0.11753	1.2282	-0.49629	-0.27307	0.43779	-0.31704	-0.49192	0.078043	0.010894	-0.010894	-1.2282	0.19446	0.16271	0.31337	-0.56327	-0.16271	-0.075319	0.31704	-0.5242	-2.1018	0.27307	0.49629	-0.19446	0.50744	-0.0042593	0.13529	-0.17901	1.1905	-0.63296	-0.77897	2.1018	0.17901	0.77897	-0.10259	0.56327	-0.13529	0.49192
"545"	0.010894	0.31337	0.63296	-0.16271	2.1018	-0.13529	-0.43779	-0.50744	-0.11753	0.11753	-0.17901	-0.0042593	0.17901	0.078043	0.49192	-0.078043	0.77897	0.10259	-1.1905	0.43779	-0.5242	0.31704	0.16271	-0.10259	-0.77897	-0.56327	-0.075319	-0.31704	0.5242	0.27307	0.50744	0.0042593	0.56327	-0.27307	-0.31337	-0.10639	-0.19446	0.19446	1.1905	-2.1018	-0.49629	1.2282	-0.63296	-1.2282	0.10639	-0.49192	0.13529	0.49629	0.075319	-0.010894
"546"	0.43779	-0.13529	0.49629	0.10259	0.5242	-0.010894	-0.11753	-0.43779	-0.078043	0.11753	0.77897	0.078043	-0.10259	0.50744	-1.1905	-0.19446	-0.31337	-1.2282	0.31337	1.1905	-0.16271	0.56327	2.1018	-0.10639	0.010894	-0.17901	1.2282	0.0042593	-0.27307	0.16271	0.49192	-2.1018	0.075319	0.27307	-0.50744	0.31704	-0.63296	-0.77897	-0.49192	0.19446	-0.31704	0.10639	0.63296	0.13529	0.17901	-0.0042593	-0.075319	-0.56327	-0.49629	-0.5242
"547"	0.11753	1.2282	-0.10259	-0.77897	0.075319	0.10639	-0.63296	0.19446	0.77897	-0.078043	0.27307	-0.5242	-0.27307	-0.31337	1.1905	-1.1905	-0.56327	-0.13529	-0.31704	-0.49629	0.31337	-0.10639	-0.010894	-0.50744	0.49629	-0.0042593	-0.11753	0.0042593	0.10259	-0.19446	-0.49192	0.31704	0.16271	-1.2282	0.17901	0.50744	0.49192	0.5242	0.13529	-0.43779	2.1018	0.56327	0.078043	-0.075319	0.43779	-2.1018	-0.16271	0.63296	0.010894	-0.17901
"548"	0.17901	0.27307	-0.075319	-0.13529	0.16271	0.49629	0.5242	0.10639	0.50744	-0.43779	0.31704	-1.1905	0.0042593	-0.27307	-0.49629	1.2282	0.49192	-0.078043	-0.31337	-2.1018	0.56327	-0.31704	0.31337	-1.2282	-0.19446	0.63296	-0.16271	-0.10259	0.43779	-0.49192	1.1905	-0.77897	-0.11753	-0.17901	-0.0042593	0.078043	2.1018	-0.56327	-0.50744	0.010894	0.11753	0.19446	-0.10639	-0.010894	0.10259	0.77897	-0.63296	0.13529	0.075319	-0.5242
"549"	0.10259	0.5242	0.43779	0.63296	0.50744	0.49629	0.49192	-1.1905	-0.11753	0.0042593	-2.1018	-0.13529	1.2282	-0.31337	-0.49629	0.77897	-0.43779	-0.10259	2.1018	0.10639	-0.63296	-0.19446	0.27307	-0.075319	-0.50744	0.16271	0.19446	0.11753	-0.49192	-0.31704	-0.16271	-0.5242	-0.010894	0.31704	-0.27307	-0.0042593	1.1905	-0.10639	-0.56327	0.13529	0.17901	0.31337	0.078043	0.075319	-0.77897	-0.17901	0.56327	0.010894	-1.2282	-0.078043
"550"	1.2282	0.27307	0.11753	-1.1905	-0.63296	-0.19446	0.13529	-0.010894	-0.77897	-0.16271	0.77897	0.43779	0.19446	-1.2282	-0.11753	-0.49192	0.0042593	0.16271	0.49629	1.1905	-0.31704	0.10259	-0.43779	-0.56327	-0.13529	0.49192	0.078043	0.17901	0.010894	-0.49629	-0.17901	-0.0042593	0.50744	-0.27307	-0.10259	-2.1018	2.1018	-0.5242	-0.10639	0.63296	-0.078043	0.075319	-0.31337	-0.50744	0.10639	-0.075319	0.5242	0.31704	0.56327	0.31337
"551"	0.56327	0.49629	-0.17901	-0.11753	-0.31704	-0.13529	-0.16271	-0.10639	0.43779	0.17901	-0.10259	0.5242	-0.43779	-0.77897	2.1018	0.19446	0.77897	-2.1018	0.11753	0.010894	0.075319	0.63296	-0.075319	0.10259	-0.56327	-0.078043	-0.19446	-0.0042593	0.50744	-0.5242	0.49192	0.27307	-0.31337	1.2282	0.16271	-1.1905	-0.63296	1.1905	-0.50744	0.10639	0.13529	-0.49629	-1.2282	-0.27307	-0.49192	-0.010894	0.31704	0.31337	0.078043	0.0042593
"552"	1.1905	0.10259	0.075319	-0.27307	-0.10259	0.078043	0.49629	-0.078043	0.27307	0.0042593	0.5242	0.16271	0.10639	1.2282	0.11753	-0.10639	-0.49192	-1.1905	0.50744	-1.2282	-2.1018	0.31337	-0.49629	0.56327	2.1018	-0.77897	0.17901	0.77897	-0.16271	0.31704	0.49192	-0.0042593	-0.11753	-0.50744	-0.17901	0.19446	-0.63296	-0.31337	-0.5242	0.43779	-0.075319	0.13529	-0.010894	-0.56327	0.010894	-0.43779	-0.31704	0.63296	-0.19446	-0.13529
"553"	-2.1018	2.1018	0.10639	0.31337	0.77897	-0.77897	-0.27307	0.10259	0.49192	-0.10639	-0.31337	-0.0042593	0.078043	0.31704	0.13529	0.5242	-0.16271	-0.56327	0.16271	0.49629	0.43779	-0.17901	0.17901	0.56327	-0.10259	0.010894	-0.49629	0.27307	0.19446	0.075319	-0.19446	-0.078043	1.2282	-1.1905	-0.43779	0.0042593	-0.50744	0.50744	-0.31704	-0.010894	-0.13529	-0.63296	1.1905	-1.2282	-0.075319	0.63296	-0.5242	0.11753	-0.11753	-0.49192
"554"	-0.27307	0.43779	-0.0042593	2.1018	-0.16271	-0.63296	-2.1018	-0.77897	-0.50744	1.2282	0.16271	0.27307	0.5242	0.49192	0.31337	-0.49192	1.1905	0.63296	0.13529	-0.17901	0.56327	-0.10639	-0.075319	-1.2282	0.19446	0.50744	0.11753	0.10259	-0.11753	-0.31704	-0.010894	-0.43779	0.10639	-0.13529	0.31704	-0.10259	-0.49629	-0.31337	-0.56327	0.075319	-0.19446	-1.1905	0.17901	-0.078043	0.49629	0.77897	-0.5242	0.010894	0.0042593	0.078043
"555"	-0.27307	0.16271	-0.010894	0.31337	-0.075319	0.078043	0.77897	0.11753	-0.63296	1.2282	-0.19446	-0.16271	0.010894	-0.77897	-0.43779	-0.49192	0.0042593	-0.31704	0.63296	0.49192	0.27307	-2.1018	-0.56327	-0.078043	0.49629	0.075319	-0.13529	1.1905	-0.31337	0.31704	-0.0042593	-0.5242	-0.50744	-0.17901	2.1018	0.10259	0.10639	0.19446	0.17901	0.5242	-0.10259	0.56327	-1.2282	0.43779	0.13529	-1.1905	0.50744	-0.49629	-0.11753	-0.10639
"556"	0.19446	-0.075319	-0.31704	0.49192	0.27307	-0.13529	0.075319	0.13529	0.5242	-0.19446	2.1018	-0.0042593	0.078043	-0.11753	0.31337	-0.078043	-1.1905	0.0042593	-0.17901	-0.10639	-0.43779	0.11753	0.010894	-0.77897	-0.56327	0.16271	-0.50744	-0.49629	1.1905	-0.31337	-0.16271	0.63296	-1.2282	0.50744	0.43779	-0.49192	-0.27307	-2.1018	-0.5242	0.49629	-0.63296	0.77897	0.10639	1.2282	0.17901	0.10259	-0.010894	0.56327	0.31704	-0.10259
"557"	-0.50744	-0.49629	0.49629	-0.77897	-0.43779	-0.10639	-0.5242	0.27307	-0.49192	0.31704	0.010894	-1.2282	-0.075319	0.49192	0.17901	-0.31337	-0.0042593	-0.13529	-0.31704	-0.10259	0.77897	1.2282	1.1905	0.10639	0.10259	-0.16271	-0.11753	0.43779	0.50744	0.56327	0.078043	0.63296	-0.010894	0.19446	-0.56327	0.0042593	0.075319	-2.1018	2.1018	0.13529	-0.27307	-1.1905	0.31337	-0.63296	-0.078043	0.5242	-0.17901	0.11753	-0.19446	0.16271
"558"	2.1018	0.010894	1.2282	0.31704	-0.5242	-0.43779	0.31337	-0.13529	-0.50744	0.27307	0.17901	-0.27307	0.5242	0.13529	-0.010894	-0.77897	-0.10259	0.0042593	-0.075319	-0.63296	0.50744	0.49192	0.56327	0.10639	-0.31704	-0.19446	0.078043	-0.49629	-0.17901	-0.0042593	-0.49192	0.77897	0.075319	0.11753	0.16271	-0.31337	-0.56327	-0.16271	0.49629	-0.11753	0.43779	-0.078043	-2.1018	-0.10639	-1.2282	0.10259	0.19446	1.1905	0.63296	-1.1905
"559"	0.075319	-0.075319	0.078043	0.010894	-0.0042593	0.77897	2.1018	1.1905	0.5242	0.16271	-0.49192	-0.17901	0.56327	0.50744	-0.27307	1.2282	-0.5242	-1.1905	0.19446	-0.010894	-0.16271	-0.10259	-0.31704	0.63296	-0.77897	0.43779	0.27307	0.13529	0.31704	0.49192	0.31337	0.17901	-0.19446	-0.10639	0.49629	-0.078043	-0.31337	0.10259	-0.49629	0.0042593	-0.56327	-2.1018	-1.2282	-0.50744	-0.43779	0.11753	-0.63296	-0.13529	-0.11753	0.10639
"560"	0.0042593	0.49192	-0.010894	0.11753	0.49629	-0.13529	0.31337	-0.10259	0.010894	0.16271	0.5242	-0.19446	-0.17901	0.27307	0.13529	-0.075319	-0.078043	-0.16271	-0.77897	-0.0042593	0.19446	0.43779	0.31704	0.078043	-0.49192	-0.5242	0.17901	-0.49629	-0.10639	1.2282	2.1018	-0.11753	-0.50744	-0.31704	1.1905	0.10639	-1.1905	0.56327	-0.56327	0.075319	-0.27307	0.63296	-1.2282	-0.63296	0.77897	0.10259	-2.1018	-0.43779	-0.31337	0.50744
"561"	-0.0042593	-0.43779	0.49629	0.10639	-0.078043	0.50744	-0.63296	0.77897	-1.1905	0.078043	-0.5242	-0.77897	2.1018	-0.19446	0.49192	0.27307	0.31337	-0.27307	0.5242	-0.16271	-0.50744	0.13529	-1.2282	0.16271	0.11753	-0.56327	-0.17901	0.075319	-0.10259	0.19446	0.10259	0.0042593	-0.13529	-0.31337	0.56327	-0.010894	-0.075319	0.17901	1.1905	0.010894	0.31704	-0.10639	-0.49192	-0.31704	0.43779	1.2282	0.63296	-0.49629	-2.1018	-0.11753
"562"	0.19446	0.49629	-0.010894	-0.50744	0.10639	-0.075319	-2.1018	-0.63296	1.2282	-0.078043	0.5242	0.77897	-0.11753	-0.10259	0.10259	-0.17901	0.11753	-0.31337	-0.43779	-0.0042593	0.078043	0.075319	0.17901	0.13529	-0.49629	1.1905	-1.2282	0.31704	-0.5242	0.56327	-0.31704	0.43779	0.63296	-0.19446	0.50744	0.16271	0.27307	-0.16271	0.0042593	-1.1905	0.49192	-0.10639	-0.56327	-0.77897	-0.27307	2.1018	0.31337	-0.49192	-0.13529	0.010894
"563"	-0.0042593	-0.075319	0.078043	0.19446	0.5242	-0.10259	-1.2282	-0.078043	0.27307	0.49192	-0.27307	0.11753	-0.50744	-0.49629	0.16271	-0.43779	-0.10639	-0.77897	-2.1018	2.1018	-0.31704	0.56327	-0.13529	-0.19446	-1.1905	-0.31337	-0.010894	-0.16271	0.10259	0.10639	0.13529	1.1905	0.77897	-0.49192	0.43779	0.31337	0.63296	0.0042593	0.075319	1.2282	0.50744	-0.63296	0.17901	-0.5242	0.31704	-0.11753	0.010894	-0.56327	-0.17901	0.49629
"564"	-0.50744	0.50744	0.10259	0.17901	0.075319	0.56327	-0.010894	-0.5242	1.2282	-0.0042593	-1.2282	-2.1018	-0.31704	-0.19446	-0.11753	-0.075319	-0.10639	-0.10259	0.16271	-0.49629	0.19446	-0.31337	0.43779	0.63296	0.77897	0.11753	0.5242	0.10639	-0.43779	-0.63296	1.1905	-0.16271	-0.27307	-0.77897	0.49629	-0.49192	0.078043	0.31704	0.49192	-0.13529	-0.17901	-0.56327	0.13529	0.31337	-0.078043	0.27307	-1.1905	0.0042593	2.1018	0.010894
"565"	-0.27307	-0.49192	-0.50744	1.1905	-0.078043	0.19446	0.50744	0.27307	-0.10259	0.10639	-1.1905	0.10259	-0.31337	-0.63296	0.13529	-0.0042593	0.49629	-0.19446	0.49192	0.11753	-0.17901	0.43779	-0.16271	-0.010894	0.56327	0.17901	0.77897	-0.075319	-0.77897	2.1018	0.31337	0.010894	-0.11753	0.63296	1.2282	0.16271	0.0042593	0.075319	-0.31704	-0.43779	0.5242	-0.13529	-0.56327	-0.10639	-0.49629	0.078043	0.31704	-0.5242	-1.2282	-2.1018
"566"	-0.43779	-0.50744	-0.13529	-0.63296	-0.49192	-0.5242	0.19446	-0.19446	0.11753	-0.075319	-0.31337	0.0042593	-0.0042593	1.2282	0.43779	0.31337	-0.11753	-0.31704	0.56327	-1.1905	-0.77897	0.16271	0.010894	0.078043	-0.17901	-0.078043	-0.16271	-2.1018	0.5242	-0.10639	2.1018	0.63296	0.50744	0.31704	0.27307	0.075319	-0.56327	0.49192	-1.2282	0.17901	0.10259	0.77897	-0.49629	1.1905	-0.27307	0.49629	0.10639	0.13529	-0.10259	-0.010894
"567"	0.50744	-0.49192	0.13529	-0.43779	-0.075319	0.49629	0.075319	-0.17901	-0.10259	-0.078043	0.43779	0.010894	0.078043	-0.010894	0.31337	0.27307	2.1018	-0.19446	-0.77897	0.63296	0.31704	0.11753	1.2282	0.5242	-0.5242	-0.0042593	-1.2282	-2.1018	0.10639	-0.49629	0.19446	-0.16271	0.16271	-0.50744	0.0042593	-0.31704	-0.11753	0.49192	1.1905	-0.63296	-0.27307	0.56327	-1.1905	-0.31337	0.17901	-0.10639	0.77897	-0.56327	-0.13529	0.10259
"568"	-0.10259	-0.31704	0.27307	0.11753	0.075319	-0.49192	0.078043	1.2282	-1.1905	0.56327	-0.43779	-0.56327	-0.63296	0.10639	0.49629	-0.10639	0.10259	-0.19446	-1.2282	0.5242	0.49192	0.63296	0.31337	0.43779	0.19446	0.0042593	0.13529	-0.13529	-0.16271	-0.078043	-0.11753	-0.075319	-0.50744	0.17901	2.1018	-0.5242	0.31704	0.010894	0.77897	-0.31337	-2.1018	-0.49629	0.16271	-0.0042593	-0.27307	-0.77897	1.1905	0.50744	-0.17901	-0.010894
"569"	0.63296	0.075319	-0.56327	-0.77897	-0.13529	-0.17901	0.11753	-0.19446	-0.31337	-0.5242	2.1018	0.5242	-0.27307	-0.075319	-0.0042593	0.27307	-0.16271	-0.010894	0.10639	1.2282	-0.63296	0.0042593	-0.10259	0.13529	0.50744	-0.11753	0.078043	-0.43779	0.31337	0.010894	-0.50744	-2.1018	0.16271	-1.1905	0.49629	-0.10639	0.49192	-0.078043	-0.49192	0.56327	0.17901	0.19446	1.1905	0.31704	-0.31704	0.77897	-1.2282	0.10259	0.43779	-0.49629
"570"	-0.5242	-1.2282	0.56327	-0.49629	0.010894	-0.078043	1.1905	-0.27307	0.50744	-0.17901	2.1018	-1.1905	-0.0042593	-0.63296	-0.10639	0.5242	0.27307	-0.11753	-0.075319	0.16271	0.10639	0.11753	0.10259	-0.19446	-0.56327	0.31337	0.31704	0.43779	-0.16271	-0.10259	-0.010894	0.19446	-2.1018	1.2282	0.77897	0.17901	-0.77897	-0.31704	-0.49192	0.0042593	-0.31337	-0.50744	0.63296	0.075319	-0.43779	0.49192	0.13529	0.49629	0.078043	-0.13529
"571"	-0.50744	-0.63296	-0.10639	0.31704	-0.11753	-0.31337	0.13529	-1.2282	-0.49629	-1.1905	-0.17901	-0.16271	-0.078043	-0.77897	0.19446	-0.010894	1.1905	-0.31704	-0.10259	-0.0042593	0.63296	0.77897	0.17901	-0.5242	0.31337	0.0042593	-0.43779	-0.13529	0.11753	0.43779	0.16271	-2.1018	0.078043	0.49192	0.010894	1.2282	-0.075319	0.10639	0.27307	0.5242	0.50744	0.075319	0.10259	-0.27307	-0.56327	0.56327	0.49629	2.1018	-0.49192	-0.19446
"572"	0.0042593	0.31704	0.49629	0.078043	0.43779	-0.43779	0.31337	-0.010894	-0.49192	1.1905	0.56327	-2.1018	-0.10639	0.63296	0.16271	0.77897	-0.13529	-0.078043	-0.56327	1.2282	-0.31337	0.50744	-0.10259	-0.075319	-0.63296	0.075319	-0.19446	-0.17901	0.19446	-0.16271	-0.0042593	-1.1905	-0.50744	0.10639	-0.27307	0.49192	0.10259	0.010894	-0.11753	0.17901	0.11753	-0.77897	-0.49629	-0.31704	0.5242	2.1018	0.13529	0.27307	-1.2282	-0.5242
"573"	0.16271	-0.27307	0.49192	0.10639	-0.5242	0.27307	-0.010894	-0.19446	0.5242	0.63296	-0.10639	-0.77897	-1.2282	-2.1018	0.19446	-0.43779	0.11753	2.1018	-0.13529	0.31704	1.2282	-0.49629	-0.075319	1.1905	0.17901	0.49629	-0.56327	0.77897	0.010894	-0.31704	-0.10259	-0.31337	0.10259	0.50744	-0.50744	0.075319	-1.1905	0.13529	0.56327	0.31337	-0.49192	0.078043	-0.078043	0.43779	0.0042593	-0.16271	-0.0042593	-0.63296	-0.17901	-0.11753
"574"	-0.5242	0.49192	0.11753	0.10259	2.1018	-0.10639	-0.63296	0.0042593	0.16271	0.075319	0.49629	-0.078043	0.10639	-0.31704	-0.49629	-0.49192	-0.10259	0.31337	0.17901	-0.0042593	0.078043	0.5242	0.56327	-0.17901	0.010894	0.13529	0.43779	1.2282	0.27307	-0.010894	-0.16271	-2.1018	-1.1905	-0.27307	0.63296	-0.13529	-0.50744	-0.075319	-0.43779	-0.56327	0.19446	-0.77897	0.77897	-1.2282	0.50744	1.1905	0.31704	-0.31337	-0.19446	-0.11753
"575"	-0.13529	-0.075319	2.1018	-0.77897	0.63296	0.075319	0.10639	-0.10259	-0.078043	-0.49629	-0.50744	0.5242	-1.1905	0.43779	-0.0042593	0.27307	0.19446	0.17901	0.078043	0.16271	0.49192	-0.17901	-0.10639	1.2282	-0.11753	0.31704	-0.27307	-0.63296	-0.43779	-0.31704	-0.31337	0.13529	-0.5242	-1.2282	0.49629	-0.19446	-0.16271	0.010894	0.0042593	-2.1018	0.10259	0.11753	-0.56327	0.50744	-0.49192	-0.010894	0.56327	1.1905	0.77897	0.31337
"576"	-0.075319	0.50744	0.77897	0.31337	0.010894	0.63296	-0.49629	0.17901	-0.31337	-0.43779	0.31704	0.13529	-0.5242	-0.010894	-1.1905	0.5242	-1.2282	-0.31704	0.11753	0.0042593	-0.56327	-0.078043	-2.1018	0.43779	-0.50744	0.078043	0.56327	-0.10259	-0.63296	-0.77897	-0.19446	-0.0042593	0.10639	0.19446	2.1018	-0.49192	-0.10639	0.27307	0.10259	-0.27307	0.16271	1.2282	0.49629	-0.13529	-0.16271	0.49192	0.075319	1.1905	-0.11753	-0.17901
"577"	-0.63296	-0.31704	0.43779	-0.010894	0.17901	0.16271	0.56327	0.27307	-0.17901	0.77897	0.31704	-0.50744	0.10639	-0.43779	-0.078043	0.5242	1.2282	-1.1905	2.1018	1.1905	-0.0042593	0.49629	-0.16271	-0.19446	-0.10259	0.13529	-0.10639	0.075319	-0.075319	0.50744	-0.5242	0.11753	-0.49629	0.63296	-0.56327	0.19446	-0.27307	-0.11753	0.010894	-0.49192	0.078043	0.10259	-0.13529	-1.2282	0.31337	-0.31337	-0.77897	-2.1018	0.0042593	0.49192
"578"	-0.19446	-2.1018	0.31337	-1.1905	-1.2282	-0.31704	-0.49629	-0.49192	-0.5242	-0.56327	-0.078043	0.075319	1.2282	-0.075319	0.49629	-0.77897	0.0042593	0.50744	2.1018	0.13529	-0.50744	-0.10259	0.19446	1.1905	-0.17901	-0.13529	0.5242	0.10639	0.49192	-0.11753	-0.0042593	0.16271	-0.16271	0.11753	0.56327	-0.31337	0.43779	0.31704	-0.27307	0.27307	-0.43779	-0.63296	0.63296	0.078043	0.17901	-0.010894	-0.10639	0.010894	0.77897	0.10259
"579"	-0.31337	-0.17901	-0.49629	0.77897	0.010894	-0.50744	0.11753	1.1905	0.49629	-0.63296	-0.56327	0.31337	0.13529	0.10639	-1.2282	0.17901	0.27307	-0.10259	-0.49192	0.0042593	-0.27307	0.63296	0.19446	-0.13529	-0.010894	0.10259	-0.43779	-0.5242	-0.078043	-0.16271	0.56327	-2.1018	0.49192	0.5242	0.31704	0.16271	0.43779	-0.0042593	1.2282	-0.77897	-0.10639	-0.11753	2.1018	0.078043	0.50744	-0.31704	-0.075319	0.075319	-1.1905	-0.19446
"580"	-0.19446	-0.11753	0.10639	0.16271	0.63296	0.19446	1.2282	0.075319	-0.078043	0.17901	-0.31704	0.10259	0.49629	-1.1905	-0.56327	0.27307	-0.31337	-0.17901	0.56327	-0.5242	-0.16271	-0.50744	-0.77897	0.50744	0.49192	2.1018	0.31704	-0.49192	0.43779	-0.10639	-2.1018	0.11753	0.31337	-0.0042593	-0.43779	0.77897	-1.2282	-0.13529	0.13529	-0.075319	-0.63296	-0.010894	0.078043	-0.10259	0.0042593	0.5242	0.010894	-0.27307	-0.49629	1.1905
"581"	-0.10259	0.17901	-1.2282	0.010894	-0.0042593	-0.10639	-0.77897	0.31704	-0.56327	-0.19446	0.19446	0.63296	-0.31704	-0.43779	-0.27307	-2.1018	-0.078043	1.2282	0.77897	0.49629	2.1018	0.13529	-0.63296	0.43779	-0.50744	0.50744	0.10639	0.27307	-0.49629	0.11753	0.078043	-1.1905	0.56327	0.16271	0.075319	1.1905	0.5242	-0.5242	0.31337	-0.17901	-0.11753	-0.13529	-0.010894	-0.075319	-0.31337	-0.16271	0.0042593	0.10259	0.49192	-0.49192
"582"	-0.27307	-0.13529	-0.56327	0.19446	0.010894	-0.31704	-0.50744	-2.1018	-0.19446	0.50744	-0.11753	-0.31337	0.43779	-1.1905	0.49629	-0.16271	0.27307	0.31337	-1.2282	1.2282	-0.078043	-0.49192	0.11753	0.078043	-0.17901	0.49192	-0.075319	-0.77897	-0.5242	0.56327	0.10259	0.63296	0.5242	0.13529	1.1905	0.10639	2.1018	0.075319	-0.63296	-0.10259	-0.0042593	-0.010894	0.0042593	0.77897	0.16271	0.17901	-0.43779	0.31704	-0.49629	-0.10639
"583"	-0.13529	-0.50744	-0.49629	0.56327	0.50744	0.49192	0.075319	-1.1905	-0.0042593	0.17901	-0.11753	0.11753	0.078043	-0.27307	1.1905	-0.31337	-0.010894	-0.19446	2.1018	0.0042593	-0.5242	-0.078043	-0.77897	-1.2282	-0.10639	0.31337	-0.075319	0.16271	-0.43779	0.31704	0.010894	-0.49192	-2.1018	0.43779	0.77897	-0.10259	-0.63296	0.10259	-0.16271	-0.31704	0.10639	0.19446	0.13529	-0.17901	0.5242	0.63296	-0.56327	0.49629	1.2282	0.27307
"584"	-0.56327	-0.11753	-0.49192	-0.10639	0.13529	0.10259	1.1905	0.49629	0.075319	0.49192	0.5242	0.19446	0.27307	1.2282	-0.010894	-0.5242	0.56327	-2.1018	0.0042593	0.43779	-0.13529	0.16271	0.10639	0.77897	-0.49629	-0.50744	-0.0042593	0.010894	-0.078043	2.1018	-0.10259	-0.77897	0.078043	0.17901	-0.43779	0.31704	0.50744	0.63296	0.11753	-1.1905	-0.19446	-0.31337	-0.075319	-0.16271	-1.2282	0.31337	-0.63296	-0.17901	-0.31704	-0.27307
"585"	0.49629	0.31704	-2.1018	0.10639	0.63296	0.0042593	-0.63296	0.56327	-0.10639	-0.075319	-0.10259	0.31337	1.1905	0.075319	0.11753	-0.49629	-0.010894	1.2282	-0.49192	2.1018	0.10259	0.5242	0.19446	-0.43779	0.078043	-0.16271	0.43779	-0.13529	0.77897	-0.31337	-0.50744	-1.1905	0.27307	-0.0042593	-0.77897	-0.27307	-0.56327	-0.17901	-0.5242	-0.11753	-1.2282	0.49192	-0.078043	0.50744	-0.19446	0.010894	0.16271	-0.31704	0.13529	0.17901
"586"	-0.77897	-0.078043	-0.010894	0.010894	0.10259	0.5242	0.49192	0.49629	-0.31337	-0.43779	0.075319	-0.63296	-0.13529	-0.0042593	-1.1905	0.31337	-0.50744	0.63296	0.43779	0.56327	-0.075319	0.19446	-0.10639	1.1905	0.16271	0.0042593	0.50744	-1.2282	0.078043	0.27307	0.31704	2.1018	0.11753	-0.56327	-0.49192	0.10639	0.17901	-0.17901	-2.1018	-0.27307	-0.16271	-0.49629	-0.31704	-0.5242	0.13529	-0.19446	1.2282	-0.11753	0.77897	-0.10259
"587"	0.56327	-0.63296	-0.10259	0.078043	-0.075319	0.16271	0.10259	0.43779	0.0042593	-0.5242	1.2282	0.31337	0.49629	0.5242	-0.16271	0.31704	-0.078043	0.19446	0.49192	-0.31704	-0.56327	0.77897	0.27307	-0.11753	0.63296	-0.19446	0.075319	-0.31337	-0.27307	0.010894	-0.50744	-0.77897	0.17901	-0.49192	-0.49629	-1.2282	2.1018	0.10639	1.1905	-0.10639	-2.1018	0.13529	0.50744	0.11753	-0.0042593	-0.13529	-0.43779	-0.010894	-0.17901	-1.1905
"588"	0.63296	-0.63296	0.16271	-0.075319	-0.56327	1.1905	0.77897	0.31704	-0.5242	0.19446	0.075319	-0.31337	1.2282	0.078043	-0.31704	0.56327	0.5242	-0.11753	0.49629	2.1018	-0.13529	0.0042593	0.13529	0.10259	-0.10639	-0.16271	-1.2282	-0.49192	0.49192	-0.49629	-0.50744	-0.010894	-0.43779	0.17901	-0.0042593	-0.27307	0.27307	0.10639	-2.1018	0.11753	-0.17901	0.010894	-0.77897	-0.078043	-0.19446	0.43779	0.31337	-1.1905	0.50744	-0.10259
"589"	-0.17901	2.1018	-0.13529	1.2282	-0.16271	-0.43779	0.075319	-2.1018	0.0042593	0.11753	0.078043	-0.075319	0.19446	1.1905	-0.5242	-0.31704	0.10259	-0.19446	0.31337	0.16271	0.56327	-0.0042593	0.13529	0.10639	-0.11753	0.43779	-1.1905	-1.2282	-0.50744	-0.27307	-0.31337	-0.56327	0.31704	0.50744	0.17901	0.010894	0.49192	0.49629	-0.63296	-0.078043	0.63296	-0.010894	0.77897	0.27307	-0.77897	-0.10259	-0.49192	-0.10639	0.5242	-0.49629
"590"	-0.19446	0.19446	0.0042593	0.010894	-0.17901	-0.31704	-0.31337	1.2282	0.17901	-0.49629	0.27307	-0.16271	-0.63296	-0.5242	0.075319	-0.075319	-0.078043	0.16271	-0.49192	0.078043	-1.1905	0.5242	-0.010894	0.63296	0.11753	0.56327	0.10259	0.31337	-0.27307	-0.10639	0.10639	-0.0042593	2.1018	0.50744	-0.10259	-0.56327	0.49192	-0.11753	-0.13529	-1.2282	0.13529	1.1905	-2.1018	-0.77897	0.49629	-0.50744	0.77897	0.43779	-0.43779	0.31704
"591"	-1.2282	-0.078043	0.43779	-0.075319	0.13529	0.0042593	-0.43779	-0.27307	-0.13529	0.17901	-0.16271	-2.1018	0.77897	-0.49629	0.078043	-0.56327	1.2282	0.19446	-0.10259	-0.10639	-1.1905	-0.31704	0.10259	0.49192	0.27307	1.1905	0.50744	0.5242	-0.11753	0.16271	0.56327	-0.17901	0.075319	0.49629	-0.010894	0.31337	0.63296	2.1018	-0.31337	0.010894	-0.0042593	-0.50744	0.10639	-0.5242	0.31704	-0.63296	-0.77897	-0.19446	0.11753	-0.49192
"592"	1.2282	0.078043	0.17901	-0.50744	-0.11753	0.075319	-1.1905	-0.13529	0.10639	0.19446	0.27307	-0.075319	-0.31337	-0.17901	0.49192	0.16271	0.49629	0.31337	-2.1018	0.11753	-0.31704	-1.2282	0.5242	0.63296	-0.0042593	-0.5242	-0.010894	0.56327	1.1905	-0.77897	-0.078043	-0.56327	-0.49192	-0.10259	-0.10639	0.31704	0.43779	0.0042593	-0.63296	0.50744	-0.16271	-0.27307	0.10259	2.1018	-0.43779	0.77897	0.010894	0.13529	-0.49629	-0.19446
"593"	0.13529	0.77897	-0.63296	0.010894	0.43779	-0.010894	0.49629	-0.078043	-0.5242	-0.43779	0.49192	0.11753	-0.075319	0.075319	-0.16271	-0.49629	0.10259	0.0042593	-0.0042593	-0.19446	-1.2282	-0.10639	0.10639	0.31704	-0.56327	-2.1018	0.56327	-1.1905	1.1905	0.50744	0.16271	-0.11753	0.078043	-0.10259	0.63296	-0.49192	-0.17901	-0.31337	-0.77897	1.2282	0.19446	-0.50744	-0.31704	-0.27307	0.31337	-0.13529	0.27307	0.17901	0.5242	2.1018
"594"	0.31337	-0.49629	-0.17901	2.1018	-0.11753	0.43779	-0.56327	0.19446	-0.075319	0.010894	0.11753	-0.77897	-0.078043	-0.13529	-0.010894	0.27307	-0.10259	-1.2282	-0.31704	0.5242	-0.49192	1.2282	-0.19446	0.075319	-0.27307	-0.10639	0.49192	0.56327	0.16271	0.63296	-0.63296	-2.1018	-1.1905	0.77897	-0.16271	1.1905	0.078043	-0.50744	0.10259	-0.31337	0.31704	-0.0042593	0.13529	-0.5242	0.0042593	0.10639	-0.43779	0.50744	0.17901	0.49629
"595"	-0.075319	-2.1018	0.010894	0.11753	-0.5242	0.49629	-0.13529	0.49192	-0.0042593	2.1018	-0.27307	-0.50744	0.19446	-0.63296	-0.17901	0.16271	-0.43779	-0.31337	0.5242	0.10639	0.50744	0.17901	-0.31704	-1.1905	1.1905	-0.56327	0.63296	-0.49629	0.0042593	-0.11753	0.31337	0.56327	0.43779	-0.010894	-1.2282	-0.16271	0.078043	-0.49192	0.27307	0.075319	0.10259	0.13529	-0.10259	-0.19446	0.31704	0.77897	-0.77897	1.2282	-0.10639	-0.078043
"596"	-1.1905	0.16271	2.1018	0.50744	0.31337	-0.11753	0.49629	-0.49629	1.2282	-0.31337	-0.50744	0.0042593	-0.13529	-0.010894	-0.27307	-0.43779	0.075319	-0.77897	0.11753	-1.2282	0.63296	-0.63296	-0.0042593	1.1905	-0.31704	0.5242	0.010894	-0.19446	-0.56327	-0.16271	0.10639	0.10259	0.56327	-0.078043	0.49192	0.17901	-2.1018	0.078043	-0.17901	0.19446	-0.5242	-0.10639	-0.10259	0.27307	0.43779	-0.075319	-0.49192	0.77897	0.13529	0.31704
"597"	0.16271	-0.31337	1.1905	-1.2282	-0.0042593	0.19446	0.27307	0.17901	0.50744	0.56327	-0.17901	0.078043	0.77897	-0.10639	-0.27307	-2.1018	0.49192	-0.63296	0.63296	-0.11753	-0.50744	-0.075319	0.5242	-0.43779	-0.49629	0.010894	-0.13529	1.2282	-0.31704	0.075319	-0.078043	-0.56327	-0.16271	0.31337	-1.1905	-0.010894	0.43779	0.11753	-0.10259	0.10259	-0.5242	0.13529	2.1018	0.10639	-0.49192	0.31704	0.0042593	-0.19446	0.49629	-0.77897
"598"	-0.56327	-0.31337	-0.10259	0.075319	0.10639	-2.1018	-0.77897	-0.13529	0.49192	-0.27307	-0.63296	0.77897	0.56327	0.078043	0.19446	0.31337	-1.2282	0.17901	0.43779	-0.19446	0.10259	0.16271	-0.43779	-0.16271	-0.078043	0.13529	-0.50744	2.1018	-0.49192	-0.17901	0.0042593	-0.075319	0.50744	-0.010894	-0.31704	0.27307	-0.5242	-0.49629	1.2282	-0.0042593	1.1905	0.31704	0.5242	0.010894	0.49629	0.11753	-0.11753	-0.10639	-1.1905	0.63296
"599"	0.63296	0.010894	2.1018	0.56327	-0.50744	0.27307	0.10639	0.17901	-0.19446	0.19446	0.11753	0.31337	0.0042593	-0.49192	-0.31704	-0.10639	-0.0042593	-0.010894	-0.5242	0.31704	-0.16271	-0.075319	-0.27307	0.078043	-0.56327	0.10259	0.5242	-0.11753	0.43779	-1.2282	0.77897	-0.31337	0.075319	0.16271	-0.13529	-1.1905	-2.1018	0.13529	1.2282	-0.43779	0.50744	-0.63296	-0.078043	0.49629	1.1905	-0.17901	-0.77897	-0.10259	0.49192	-0.49629
"600"	0.10259	0.31337	-0.17901	-0.075319	0.11753	0.19446	0.49629	1.1905	-0.43779	-0.0042593	-0.63296	-0.11753	-0.31337	0.0042593	-0.56327	-2.1018	-0.10639	0.10639	-0.50744	0.010894	0.50744	-1.2282	-0.27307	-0.49629	-0.77897	-0.010894	0.16271	2.1018	0.27307	-0.31704	0.63296	0.77897	0.49192	-0.10259	-0.078043	0.5242	-0.19446	0.17901	-0.5242	-0.49192	0.078043	0.31704	0.075319	-0.13529	-0.16271	1.2282	-1.1905	0.56327	0.13529	0.43779
"601"	0.10259	-0.56327	0.31704	0.11753	-0.13529	0.5242	0.56327	0.010894	-0.16271	0.49629	-0.31337	0.19446	-1.1905	-0.27307	0.63296	-0.43779	0.31337	1.2282	-0.19446	-0.0042593	0.77897	0.075319	-0.50744	-0.11753	0.0042593	0.50744	0.43779	2.1018	-0.10259	-0.17901	-0.075319	0.10639	-2.1018	-0.5242	1.1905	0.16271	-1.2282	-0.10639	0.17901	-0.49629	0.49192	-0.63296	-0.77897	0.13529	-0.078043	0.27307	-0.31704	0.078043	-0.010894	-0.49192
"602"	-0.11753	0.10639	0.078043	-0.31337	0.5242	1.2282	-0.56327	-0.075319	-0.27307	0.49629	0.77897	-0.10639	-1.2282	0.075319	-0.63296	-0.10259	0.31337	0.0042593	0.63296	-0.50744	1.1905	-0.77897	0.17901	2.1018	-0.16271	-0.31704	0.31704	-0.078043	-0.010894	0.19446	-2.1018	-0.49629	0.010894	0.13529	0.43779	-0.5242	0.10259	0.50744	0.49192	-0.43779	-0.0042593	-0.49192	-0.19446	0.56327	-0.13529	-1.1905	0.27307	-0.17901	0.16271	0.11753
"603"	-0.19446	-0.010894	-0.5242	-0.49192	-0.16271	0.16271	-0.31337	0.13529	-0.078043	-0.43779	0.49192	-0.17901	2.1018	0.19446	0.31704	0.075319	0.10639	-0.11753	0.010894	0.56327	-0.0042593	0.17901	0.31337	-0.50744	1.1905	0.078043	-0.77897	0.10259	0.0042593	0.27307	-0.10639	-0.13529	-0.27307	0.77897	-1.2282	-0.075319	-2.1018	1.2282	0.43779	0.5242	0.11753	0.63296	-0.56327	0.50744	-0.49629	-1.1905	0.49629	-0.63296	-0.10259	-0.31704
"604"	-0.43779	-0.010894	-0.10259	-0.19446	0.43779	1.1905	-2.1018	-0.10639	-0.11753	0.27307	-0.5242	-0.56327	-0.49629	0.77897	0.49192	-0.075319	2.1018	1.2282	-0.31337	0.13529	0.0042593	-0.50744	-1.1905	0.078043	-1.2282	-0.16271	-0.27307	-0.17901	0.31337	0.56327	-0.63296	0.10259	-0.31704	0.31704	-0.77897	0.19446	0.5242	0.16271	0.50744	-0.0042593	-0.078043	0.49629	0.17901	0.10639	0.63296	-0.13529	0.075319	0.010894	-0.49192	0.11753
"605"	0.27307	-1.1905	-0.078043	0.0042593	0.50744	-0.11753	-0.77897	1.2282	-0.56327	0.19446	0.49629	0.11753	-0.10259	-0.13529	0.078043	0.10259	-0.31704	-0.43779	0.17901	-0.31337	0.010894	-0.0042593	0.43779	-0.17901	1.1905	0.13529	0.31704	-0.075319	-0.5242	-0.19446	0.49192	-0.10639	0.56327	0.5242	0.16271	-0.010894	0.075319	-2.1018	-0.49192	0.63296	-1.2282	-0.49629	0.77897	-0.27307	-0.63296	0.10639	2.1018	0.31337	-0.50744	-0.16271
"606"	0.43779	0.50744	0.0042593	-1.1905	0.17901	-0.075319	-0.31337	0.31704	0.77897	0.49192	-0.11753	-0.56327	0.11753	-0.10639	0.010894	-0.010894	-0.27307	0.13529	-0.19446	0.5242	0.075319	0.10259	-0.49192	0.63296	-0.50744	0.49629	0.27307	-0.63296	-0.13529	0.16271	-0.31704	1.1905	0.19446	2.1018	1.2282	-1.2282	-2.1018	-0.17901	0.10639	-0.77897	-0.16271	-0.078043	0.31337	-0.5242	0.078043	-0.10259	0.56327	-0.43779	-0.0042593	-0.49629
"607"	-0.49192	-0.56327	-0.5242	0.11753	-0.19446	0.19446	-0.0042593	-0.16271	-1.2282	-0.63296	0.10639	0.56327	-0.078043	0.13529	0.77897	-0.10259	-0.31704	2.1018	0.17901	0.010894	0.27307	0.075319	0.5242	0.49192	1.2282	-0.11753	0.078043	0.43779	-0.77897	-0.075319	-0.49629	-0.17901	-0.10639	0.0042593	0.49629	-0.27307	-2.1018	-1.1905	0.50744	0.16271	0.31704	0.63296	0.31337	-0.43779	-0.50744	1.1905	-0.010894	0.10259	-0.13529	-0.31337
"608"	0.31704	-0.49192	-0.10639	0.5242	0.77897	0.10639	-0.010894	0.16271	-0.13529	0.010894	0.10259	0.0042593	-0.31704	-0.078043	-1.2282	0.56327	-0.31337	-0.49629	-0.27307	0.17901	2.1018	-0.50744	0.27307	0.075319	-2.1018	0.11753	0.13529	-0.11753	0.49192	-0.075319	0.63296	0.50744	0.19446	-0.77897	1.2282	-0.16271	-1.1905	-0.19446	0.31337	-0.56327	-0.10259	0.49629	-0.17901	-0.0042593	0.078043	1.1905	-0.5242	0.43779	-0.43779	-0.63296
"609"	0.078043	-0.56327	-0.77897	-0.49629	-1.2282	2.1018	-0.13529	0.10259	-0.5242	-0.49192	0.5242	-2.1018	-0.075319	-0.010894	0.31704	1.1905	-0.11753	-0.0042593	0.63296	0.77897	-0.16271	0.17901	0.010894	-0.43779	-0.078043	0.50744	-0.63296	0.10639	0.16271	-0.31704	-0.31337	-0.27307	0.19446	0.27307	-0.10639	0.0042593	0.11753	-0.17901	-1.1905	0.43779	0.56327	-0.19446	0.075319	-0.50744	-0.10259	0.13529	0.49192	0.31337	1.2282	0.49629
"610"	-1.2282	-0.10259	0.10259	-0.17901	-0.50744	0.19446	0.078043	-1.1905	-2.1018	0.075319	-0.19446	-0.5242	-0.49192	-0.31337	0.10639	0.010894	-0.56327	0.49629	-0.078043	-0.16271	0.50744	0.43779	0.31337	1.1905	-0.63296	-0.43779	0.63296	0.27307	-0.010894	-0.11753	0.31704	0.13529	-0.13529	-0.49629	0.11753	0.0042593	-0.31704	0.17901	2.1018	0.16271	-0.27307	0.49192	-0.10639	-0.77897	0.77897	0.5242	1.2282	-0.0042593	0.56327	-0.075319
"611"	-0.5242	0.10639	0.63296	-0.77897	-2.1018	-0.49629	-0.49192	0.17901	0.0042593	-0.43779	-0.16271	0.010894	0.50744	-0.13529	0.11753	-0.17901	0.075319	0.078043	0.56327	-0.11753	-1.1905	0.13529	0.31704	-0.10639	-0.0042593	1.2282	0.16271	-0.10259	0.49629	-0.27307	-0.31704	1.1905	-0.31337	-0.63296	-1.2282	0.49192	0.5242	-0.50744	-0.078043	-0.010894	0.19446	-0.56327	0.10259	0.77897	0.27307	2.1018	-0.075319	0.43779	0.31337	-0.19446
"612"	0.77897	-0.31704	1.2282	-0.17901	-0.078043	-1.1905	-0.13529	-0.31337	0.10259	-0.56327	-0.11753	-0.0042593	0.50744	-0.5242	0.13529	-0.075319	0.16271	0.19446	0.49629	0.5242	-2.1018	0.56327	1.1905	0.075319	-0.77897	0.27307	-1.2282	0.63296	0.010894	0.31704	0.0042593	-0.010894	-0.19446	0.49192	0.10639	-0.49192	-0.10259	-0.43779	0.11753	2.1018	0.31337	0.078043	-0.27307	-0.10639	-0.49629	-0.50744	-0.63296	0.17901	-0.16271	0.43779
"613"	-0.13529	-0.31704	-0.49629	-1.1905	0.078043	0.49192	0.075319	-0.31337	-0.77897	-0.49192	-0.11753	0.31704	0.50744	-0.27307	0.49629	-0.0042593	0.13529	-0.10639	-0.17901	2.1018	0.10259	0.11753	-0.10259	0.56327	0.010894	-0.5242	0.31337	-1.2282	0.27307	0.5242	0.16271	0.19446	-0.16271	-0.43779	-0.078043	-0.63296	-0.010894	0.0042593	-0.19446	-0.075319	0.10639	1.2282	0.17901	0.43779	1.1905	0.63296	-2.1018	0.77897	-0.56327	-0.50744
"614"	-0.078043	-0.0042593	0.27307	-0.16271	-0.43779	0.63296	0.49192	0.77897	0.11753	0.5242	0.13529	0.19446	-0.075319	-0.56327	-0.49192	1.2282	0.31704	-0.5242	0.43779	-0.63296	0.010894	0.49629	-2.1018	0.078043	-0.49629	-0.27307	0.10639	0.31337	1.1905	-0.50744	-0.31704	0.0042593	-0.19446	-0.31337	-0.10639	-1.2282	0.10259	-0.10259	-0.11753	-0.010894	-0.77897	0.50744	-0.13529	-1.1905	0.56327	-0.17901	0.16271	2.1018	0.17901	0.075319
"615"	-0.17901	-0.31337	-0.43779	-0.31704	-0.50744	-0.27307	-0.10639	0.27307	0.17901	0.10259	0.13529	0.5242	-0.10259	0.49629	2.1018	0.075319	-0.16271	-0.078043	-0.77897	1.1905	0.010894	-0.19446	-0.63296	-0.56327	0.50744	-1.2282	0.31337	-1.1905	-0.11753	0.77897	-0.13529	0.31704	-0.49629	0.16271	-0.075319	0.078043	0.49192	0.0042593	-2.1018	0.63296	0.10639	0.43779	0.19446	-0.5242	-0.0042593	-0.49192	0.56327	0.11753	-0.010894	1.2282
"616"	-0.075319	0.13529	0.0042593	0.17901	0.50744	2.1018	0.43779	-0.078043	-0.27307	-0.0042593	0.16271	-0.16271	-0.5242	-0.56327	-1.2282	0.10259	-0.10259	-0.010894	-0.49629	0.010894	0.77897	1.2282	0.49192	-0.49192	-0.31704	-0.10639	0.49629	0.27307	0.078043	-0.17901	-0.63296	0.31337	0.31704	1.1905	-2.1018	-0.50744	0.11753	0.19446	-0.31337	-1.1905	0.5242	0.10639	0.63296	-0.11753	-0.43779	-0.19446	0.56327	0.075319	-0.77897	-0.13529
"617"	-0.77897	0.31337	-0.0042593	-0.31704	-0.63296	0.49629	-2.1018	-0.56327	-1.2282	-0.10639	0.10639	-0.49629	-0.075319	0.5242	-0.16271	-0.50744	0.0042593	-0.43779	0.16271	0.010894	-0.078043	0.49192	0.27307	-0.17901	0.078043	-0.11753	1.1905	0.075319	-0.27307	-0.010894	-0.49192	-0.31337	-0.13529	0.77897	0.19446	0.56327	1.2282	0.10259	0.43779	0.50744	0.11753	0.13529	-0.10259	0.31704	0.17901	-0.5242	-1.1905	0.63296	-0.19446	2.1018
"618"	-0.31337	0.075319	-2.1018	2.1018	-0.27307	-0.43779	0.31337	-0.11753	0.19446	0.16271	1.1905	-0.5242	-1.2282	-0.63296	0.10259	0.17901	0.31704	-0.0042593	-0.010894	-0.16271	0.078043	0.63296	0.43779	-0.56327	-0.13529	-0.31704	0.50744	0.010894	-0.49192	0.13529	-0.078043	-1.1905	-0.075319	0.5242	-0.49629	0.0042593	0.49192	-0.17901	0.11753	0.10639	-0.10259	0.77897	0.27307	-0.77897	0.49629	1.2282	-0.10639	-0.50744	0.56327	-0.19446
"619"	0.078043	1.2282	-0.77897	0.10639	-0.0042593	0.0042593	0.63296	-0.078043	0.49629	-0.43779	-0.31337	0.19446	0.16271	0.50744	-0.10259	-0.50744	1.1905	0.11753	-2.1018	-0.19446	-0.27307	-0.075319	-0.010894	2.1018	0.77897	0.49192	-0.11753	-0.16271	0.43779	0.13529	-0.63296	-0.17901	-1.1905	0.5242	-0.49629	-0.13529	-0.31704	-1.2282	0.56327	0.31337	0.010894	0.31704	0.075319	-0.5242	0.17901	0.27307	0.10259	-0.10639	-0.49192	-0.56327
"620"	0.63296	-0.10259	-0.16271	0.56327	-0.27307	0.17901	-0.77897	-2.1018	1.2282	0.075319	-0.11753	0.77897	0.10639	0.078043	0.5242	0.0042593	-0.17901	0.10259	0.19446	-1.1905	2.1018	-0.075319	1.1905	0.16271	0.010894	-0.63296	-0.19446	-0.5242	-0.56327	-0.49629	0.27307	0.11753	-0.10639	-1.2282	0.13529	0.49192	-0.43779	0.31704	0.31337	-0.13529	0.50744	0.49629	-0.078043	-0.31704	-0.010894	-0.0042593	0.43779	-0.50744	-0.49192	-0.31337
"621"	0.50744	0.11753	-0.27307	-2.1018	0.56327	0.27307	-1.2282	0.10639	-0.0042593	0.13529	-0.50744	0.0042593	-0.11753	0.075319	-0.13529	-0.10259	0.19446	0.77897	1.1905	0.63296	-0.77897	-0.49629	-1.1905	0.49192	-0.19446	-0.075319	0.10259	0.16271	2.1018	-0.17901	-0.5242	0.31337	-0.10639	0.17901	-0.16271	0.49629	0.010894	-0.010894	-0.49192	-0.43779	0.31704	0.078043	-0.31704	0.43779	1.2282	-0.56327	0.5242	-0.078043	-0.63296	-0.31337
"622"	-0.13529	0.010894	0.43779	-0.49629	0.10259	-1.2282	0.16271	-0.43779	-0.10639	0.075319	2.1018	-0.0042593	0.19446	-0.078043	0.13529	-0.19446	-0.11753	0.27307	0.31337	0.49192	-0.10259	1.2282	0.77897	-0.31337	-0.63296	-0.27307	-0.56327	0.31704	-1.1905	0.63296	0.49629	1.1905	-0.075319	0.17901	0.078043	0.56327	-0.31704	-0.77897	-0.17901	-0.50744	0.0042593	-0.5242	-0.010894	0.11753	0.5242	0.50744	-0.16271	-0.49192	0.10639	-2.1018
"623"	-0.10259	0.49629	0.10639	0.10259	-0.075319	-0.078043	0.63296	-0.49629	0.010894	-0.77897	-0.010894	0.11753	0.5242	-0.56327	0.13529	-0.17901	0.078043	-0.49192	0.56327	0.19446	-1.2282	0.31704	0.17901	-0.31337	0.50744	0.16271	0.075319	-0.19446	1.1905	-0.31704	-0.0042593	0.43779	-0.43779	-0.63296	0.27307	-0.10639	-0.50744	-1.1905	-0.16271	0.49192	1.2282	-0.27307	0.31337	-0.11753	-2.1018	0.77897	-0.13529	-0.5242	2.1018	0.0042593
"624"	0.43779	-0.10259	0.17901	-0.56327	-1.1905	-2.1018	0.27307	0.56327	-0.16271	-0.31337	0.63296	1.1905	-0.43779	-0.50744	-0.19446	-0.31704	0.31704	-0.5242	-0.075319	0.77897	0.10639	0.11753	0.5242	0.50744	0.078043	-0.63296	0.0042593	-0.77897	-0.0042593	0.075319	-0.13529	0.49192	-0.27307	-0.10639	0.49629	-0.11753	1.2282	0.13529	2.1018	-0.17901	-0.49192	0.010894	-0.49629	0.10259	0.31337	0.16271	-0.078043	-0.010894	0.19446	-1.2282
"625"	0.078043	-0.11753	-0.010894	-0.56327	0.50744	-0.10639	-0.50744	-0.5242	0.5242	0.49192	-0.77897	0.16271	0.17901	-0.49192	-0.31337	-0.49629	-2.1018	-0.63296	-0.43779	2.1018	0.63296	0.43779	0.77897	0.0042593	0.27307	-0.27307	0.10259	0.56327	1.1905	0.10639	-0.17901	-0.10259	0.075319	-1.2282	0.11753	-0.075319	-1.1905	-0.078043	-0.16271	0.19446	-0.19446	-0.13529	1.2282	0.49629	-0.0042593	0.31704	0.010894	0.13529	-0.31704	0.31337
"626"	0.27307	-0.56327	1.1905	-0.49629	-0.075319	0.5242	-2.1018	-1.2282	0.56327	-0.50744	0.078043	-0.77897	-0.31704	0.43779	-1.1905	0.13529	-0.27307	0.63296	-0.49192	-0.43779	-0.010894	0.31704	0.50744	-0.19446	-0.078043	-0.10639	-0.11753	0.17901	0.0042593	-0.5242	0.77897	0.19446	-0.16271	0.49192	0.31337	0.10259	-0.0042593	2.1018	0.16271	-0.17901	-0.31337	-0.10259	0.10639	0.49629	0.075319	-0.13529	0.11753	0.010894	-0.63296	1.2282
"627"	0.49192	-2.1018	0.31337	-0.010894	-0.63296	-1.1905	-0.075319	0.27307	0.10639	0.43779	-1.2282	-0.56327	0.078043	-0.43779	0.13529	-0.078043	-0.77897	-0.50744	0.11753	0.49629	0.50744	0.19446	0.075319	0.010894	0.10259	-0.13529	-0.10639	1.2282	0.56327	1.1905	-0.31337	0.0042593	-0.19446	0.16271	0.31704	0.17901	0.63296	-0.27307	-0.10259	0.5242	-0.11753	2.1018	0.77897	-0.17901	-0.16271	-0.5242	-0.0042593	-0.49629	-0.49192	-0.31704
"628"	-0.11753	0.31337	0.13529	-0.010894	0.31704	0.19446	-0.10259	-0.31337	0.50744	-0.0042593	0.49629	-0.63296	0.63296	0.075319	-0.13529	-0.075319	0.11753	-1.1905	-0.17901	2.1018	0.27307	0.10259	-0.078043	0.17901	0.010894	0.43779	0.16271	-0.16271	-0.49192	1.1905	0.56327	-0.77897	1.2282	-0.5242	-1.2282	-0.10639	-2.1018	-0.56327	0.0042593	-0.31704	-0.27307	-0.43779	0.10639	0.77897	-0.50744	0.5242	0.078043	0.49192	-0.49629	-0.19446
"629"	0.5242	-0.77897	-0.27307	0.31704	-0.078043	-0.16271	-0.31337	-0.010894	-0.0042593	-0.10259	0.0042593	-0.19446	-0.13529	-0.31704	0.50744	-1.2282	-0.56327	1.1905	-0.50744	0.10259	0.078043	0.77897	2.1018	0.49192	-0.075319	0.010894	-1.1905	0.27307	0.19446	0.17901	0.56327	-2.1018	0.31337	-0.49629	-0.43779	0.13529	0.16271	-0.10639	-0.63296	0.11753	0.43779	-0.5242	0.49629	1.2282	-0.17901	0.63296	0.10639	-0.11753	-0.49192	0.075319
"630"	-0.31337	1.2282	0.11753	-0.10639	0.16271	-0.63296	0.10639	-0.31704	0.56327	0.63296	2.1018	0.50744	-0.010894	-0.10259	-1.1905	-0.078043	-1.2282	0.19446	0.49192	-0.19446	0.27307	0.31337	-0.11753	0.43779	1.1905	-0.43779	-0.27307	0.77897	-0.075319	-0.49192	0.5242	0.10259	-0.77897	-0.49629	-0.0042593	-0.16271	-0.50744	-2.1018	0.075319	0.13529	-0.5242	0.31704	-0.56327	0.17901	0.49629	0.078043	-0.13529	0.010894	0.0042593	-0.17901
"631"	-0.31337	-0.63296	-0.078043	0.27307	-0.77897	-0.50744	0.19446	0.50744	0.075319	0.11753	0.56327	-1.1905	-0.19446	-0.16271	1.1905	0.77897	-0.49629	-0.31704	0.10639	0.10259	-0.5242	0.16271	0.43779	-2.1018	-0.49192	-0.27307	-0.0042593	-0.56327	1.2282	0.17901	2.1018	0.63296	-0.10259	0.31704	0.49629	0.13529	0.31337	-1.2282	0.49192	-0.075319	-0.43779	0.078043	-0.11753	-0.10639	-0.17901	0.010894	-0.010894	-0.13529	0.0042593	0.5242
"632"	-0.0042593	1.2282	-0.5242	0.31337	0.31704	0.50744	-0.49629	0.078043	-1.1905	0.49629	-0.078043	0.43779	0.075319	0.49192	-2.1018	0.5242	-0.19446	-0.77897	-0.31337	-0.10639	-0.43779	0.10639	-0.17901	-0.50744	0.19446	-0.075319	0.010894	0.56327	0.13529	-1.2282	-0.10259	-0.11753	-0.13529	0.10259	-0.49192	0.11753	0.77897	2.1018	-0.31704	0.63296	-0.27307	-0.16271	0.27307	-0.63296	0.17901	-0.56327	0.16271	0.0042593	1.1905	-0.010894
"633"	0.075319	1.1905	-0.31337	0.43779	-0.078043	0.010894	0.5242	-0.43779	0.17901	0.0042593	0.10639	-0.27307	-0.010894	0.19446	0.16271	0.56327	0.31704	0.49629	-0.31704	-0.13529	-0.63296	0.11753	0.078043	-0.16271	-0.5242	-0.17901	-2.1018	-0.77897	0.10259	0.13529	-1.2282	-0.50744	0.31337	-1.1905	-0.10639	-0.075319	-0.49629	0.63296	2.1018	-0.0042593	0.50744	-0.49192	1.2282	-0.10259	-0.11753	0.49192	0.77897	-0.56327	0.27307	-0.19446
"634"	-0.77897	1.2282	0.19446	-0.078043	-0.19446	-0.010894	0.31337	-0.31337	-0.49192	-0.49629	-0.17901	0.010894	-0.5242	0.078043	0.0042593	-0.13529	0.43779	-1.1905	0.075319	0.56327	0.11753	0.27307	0.77897	0.17901	0.10639	-0.56327	0.49629	-0.31704	1.1905	-0.63296	-0.10259	0.16271	2.1018	-0.11753	-0.075319	-0.27307	-0.10639	-0.0042593	-2.1018	-1.2282	0.10259	0.50744	-0.43779	0.13529	-0.50744	0.63296	-0.16271	0.5242	0.49192	0.31704
"635"	0.31337	0.49629	-0.16271	0.17901	-0.56327	-0.078043	-0.77897	1.1905	-0.10639	-0.27307	0.13529	0.56327	-0.43779	0.77897	-0.11753	-0.50744	2.1018	-0.5242	-0.075319	-0.63296	-1.2282	0.0042593	-1.1905	-0.13529	-0.49629	0.10639	-0.0042593	-0.19446	0.43779	0.27307	-0.31704	-0.49192	0.63296	0.49192	0.10259	0.31704	0.010894	-2.1018	0.075319	0.5242	1.2282	0.16271	-0.31337	0.078043	0.50744	-0.10259	0.19446	0.11753	-0.010894	-0.17901
"636"	0.31337	-0.17901	-0.075319	-0.16271	1.2282	-0.31704	2.1018	0.0042593	0.19446	-0.010894	-0.56327	-0.49192	-0.31337	0.56327	-0.77897	0.50744	-1.2282	-0.50744	-0.10639	0.27307	0.078043	-2.1018	0.43779	0.17901	-0.5242	-0.11753	-0.13529	0.13529	0.10259	0.10639	-0.10259	0.63296	0.5242	0.49192	-0.0042593	0.075319	0.11753	-0.27307	-0.078043	-0.43779	-0.49629	1.1905	-0.63296	0.77897	0.31704	0.49629	0.010894	-0.19446	-1.1905	0.16271
"637"	0.77897	-0.16271	1.2282	0.43779	0.13529	0.010894	-0.0042593	0.50744	-0.075319	0.10639	-0.77897	0.11753	-0.27307	2.1018	-1.2282	-0.31337	0.075319	-0.31704	0.49629	0.17901	0.31704	-2.1018	-0.13529	1.1905	-0.10639	0.27307	0.56327	-0.010894	-0.49629	0.5242	-0.43779	-0.5242	0.31337	0.49192	0.10259	0.078043	-0.50744	-0.56327	-0.19446	0.63296	-1.1905	-0.63296	0.16271	-0.11753	-0.078043	0.0042593	-0.10259	0.19446	-0.17901	-0.49192
"638"	0.77897	-0.0042593	0.010894	-0.56327	0.16271	0.075319	-0.075319	0.17901	-0.49192	-0.49629	1.2282	-0.10639	0.0042593	-1.1905	-0.43779	-0.5242	-0.27307	0.13529	-0.13529	0.10639	-0.77897	0.49629	-0.31704	-0.19446	0.43779	-0.10259	0.50744	1.1905	2.1018	-2.1018	-0.50744	-0.63296	0.5242	-0.16271	0.63296	0.31704	0.27307	0.49192	0.56327	0.19446	0.11753	0.078043	-1.2282	-0.31337	-0.078043	0.31337	0.10259	-0.17901	-0.11753	-0.010894
"639"	-0.31337	-0.16271	-0.078043	0.16271	-0.77897	-0.31704	0.56327	0.075319	-0.0042593	0.010894	-0.010894	0.31704	-0.19446	0.10259	0.13529	-2.1018	0.11753	-0.56327	-0.10639	0.10639	1.1905	-0.075319	-0.5242	-0.27307	-1.1905	-0.17901	-0.50744	2.1018	-0.49192	-0.43779	-1.2282	0.77897	0.27307	0.078043	0.17901	0.5242	-0.10259	0.50744	0.49192	-0.63296	0.43779	-0.11753	0.19446	0.63296	-0.13529	0.0042593	-0.49629	0.31337	1.2282	0.49629
"640"	0.49192	0.50744	-0.17901	0.0042593	-0.11753	-0.63296	-0.10259	-1.2282	-0.078043	0.10639	-0.43779	-0.010894	-0.56327	-0.31704	0.77897	0.078043	1.1905	-0.13529	0.17901	-0.19446	-1.1905	0.63296	-0.31337	0.11753	1.2282	0.19446	0.49629	0.27307	0.13529	-0.49192	0.075319	-0.50744	-0.49629	0.56327	0.010894	-0.27307	-0.10639	-2.1018	0.31337	0.10259	0.43779	0.16271	-0.0042593	-0.77897	2.1018	0.31704	-0.16271	-0.5242	0.5242	-0.075319
"641"	-1.1905	0.49192	-2.1018	0.10259	-0.10259	0.0042593	-0.075319	-0.77897	0.63296	-0.11753	0.075319	-0.50744	-0.078043	0.50744	2.1018	0.13529	0.49629	-0.19446	-0.49629	0.31337	-0.0042593	-0.10639	-0.56327	-0.5242	-0.43779	0.5242	0.17901	-0.16271	-0.27307	0.56327	-0.31704	0.77897	0.078043	1.2282	0.27307	-0.49192	0.11753	0.16271	-0.63296	0.010894	-0.31337	-0.010894	-0.17901	1.1905	0.19446	-0.13529	-1.2282	0.43779	0.10639	0.31704
"642"	0.10639	0.11753	1.2282	-0.43779	-0.50744	0.56327	0.078043	0.075319	-0.31704	-0.49629	-0.77897	0.77897	-0.075319	1.1905	0.50744	-0.31337	0.010894	-0.56327	0.31704	-0.5242	0.10259	-0.16271	0.0042593	0.43779	0.13529	-0.10639	2.1018	-0.078043	-0.19446	-0.63296	-1.2282	0.31337	-0.0042593	0.17901	-0.13529	0.19446	-0.010894	-0.10259	-0.17901	0.5242	0.49629	-0.11753	-0.27307	0.49192	-0.49192	0.27307	0.63296	-1.1905	-2.1018	0.16271
"643"	0.31337	0.078043	0.63296	0.27307	-0.13529	0.56327	-0.27307	-0.075319	0.31704	2.1018	0.010894	-0.77897	0.17901	0.10639	-1.1905	1.1905	0.43779	0.49629	-0.31704	-1.2282	1.2282	-0.17901	-0.49629	-0.19446	-2.1018	0.16271	-0.50744	-0.10259	-0.5242	0.075319	0.11753	-0.0042593	0.10259	-0.43779	0.13529	-0.16271	0.77897	-0.31337	-0.10639	-0.56327	0.0042593	0.5242	-0.078043	-0.63296	-0.010894	0.50744	-0.11753	0.19446	0.49192	-0.49192
"644"	0.10259	-1.2282	0.0042593	-0.49192	-0.50744	0.010894	-0.075319	0.13529	-0.49629	0.17901	-0.010894	0.50744	0.19446	-0.63296	0.31337	-1.1905	2.1018	-0.0042593	0.49629	-0.17901	-0.31704	-0.078043	1.2282	0.43779	0.27307	-0.31337	-0.10639	0.16271	0.49192	0.77897	0.31704	-0.13529	-0.19446	0.56327	0.10639	0.11753	1.1905	0.078043	0.5242	-0.77897	0.075319	-0.43779	-0.56327	0.63296	-0.5242	-0.16271	-0.10259	-2.1018	-0.11753	-0.27307
"645"	0.10259	0.31704	0.0042593	0.10639	0.16271	0.5242	0.11753	0.010894	0.075319	-0.50744	-0.31337	-0.10639	-0.075319	-0.27307	0.43779	0.19446	-0.49192	0.49192	0.77897	0.31337	-0.17901	0.13529	1.1905	-0.19446	-0.078043	0.49629	0.078043	0.50744	-0.77897	0.27307	-0.10259	-0.31704	-0.13529	-0.63296	-0.16271	2.1018	-1.1905	-0.5242	0.63296	-0.0042593	0.56327	0.17901	-0.43779	-0.56327	-2.1018	-0.010894	-1.2282	1.2282	-0.49629	-0.11753
"646"	1.1905	0.16271	-2.1018	0.49629	-0.31337	-0.078043	-0.50744	0.10639	0.11753	0.50744	-0.17901	0.43779	0.17901	0.13529	0.010894	0.10259	2.1018	-0.49192	0.49192	-0.010894	0.31704	-0.11753	-0.63296	0.19446	-0.56327	-1.1905	-0.31704	0.56327	1.2282	-0.13529	0.078043	-0.0042593	-0.77897	-0.19446	-0.27307	0.27307	0.0042593	0.5242	0.31337	-0.075319	-0.5242	0.77897	-0.43779	-0.16271	-0.10639	-0.10259	0.63296	-1.2282	-0.49629	0.075319
"647"	0.63296	-1.2282	-0.56327	0.0042593	0.27307	-1.1905	-0.13529	0.16271	-2.1018	0.11753	0.13529	0.10639	0.49192	0.078043	0.77897	0.49629	-0.075319	-0.19446	0.10259	-0.49192	-0.5242	-0.77897	-0.27307	-0.16271	0.56327	-0.11753	-0.49629	-0.10259	-0.0042593	0.50744	-0.50744	0.31704	1.2282	-0.010894	-0.63296	0.31337	-0.17901	0.19446	0.010894	0.5242	0.17901	1.1905	0.43779	0.075319	-0.078043	-0.43779	-0.10639	-0.31337	2.1018	-0.31704
"648"	0.10639	0.31337	-0.075319	-0.10259	-0.010894	-0.0042593	-1.1905	-0.17901	1.1905	-0.43779	-0.11753	-0.56327	-0.77897	-0.5242	0.0042593	0.13529	-1.2282	-0.16271	0.010894	-0.27307	-0.10639	-0.50744	0.49629	-0.078043	0.10259	0.43779	-0.31704	0.5242	-0.19446	0.11753	-2.1018	0.19446	-0.31337	0.17901	0.16271	0.77897	-0.49629	0.075319	-0.63296	-0.49192	-0.13529	1.2282	0.50744	0.078043	0.49192	0.63296	2.1018	0.31704	0.27307	0.56327
"649"	0.010894	-0.27307	0.10259	0.56327	-0.17901	-0.10259	0.10639	-1.2282	-0.11753	0.43779	-0.13529	-0.16271	0.19446	0.31704	0.075319	0.49629	0.16271	-0.49192	-0.5242	-0.19446	-1.1905	1.1905	0.63296	-0.010894	0.27307	0.50744	-0.50744	2.1018	0.13529	0.0042593	0.49192	-0.43779	0.77897	-0.10639	-0.075319	0.078043	-0.49629	-0.56327	0.5242	0.17901	1.2282	0.31337	-0.078043	-0.0042593	-0.31704	0.11753	-0.77897	-0.63296	-0.31337	-2.1018
"650"	0.078043	0.5242	0.27307	1.1905	0.50744	-0.63296	0.010894	-0.56327	-0.075319	-0.31337	0.0042593	-0.27307	-0.17901	-0.16271	0.31337	0.17901	0.13529	0.075319	-0.49629	-0.010894	0.49629	-0.10259	-0.11753	-0.5242	0.49192	0.31704	-0.31704	-0.49192	0.10259	-0.19446	2.1018	-1.2282	-0.77897	0.10639	-1.1905	0.19446	-0.10639	-0.0042593	0.11753	-0.078043	0.56327	1.2282	-0.43779	-0.13529	-2.1018	0.77897	0.16271	0.43779	-0.50744	0.63296
"651"	-0.77897	0.63296	0.10259	-0.49192	0.19446	-0.010894	0.27307	-0.16271	0.31704	-0.10639	-0.13529	0.5242	0.078043	0.0042593	-0.50744	1.1905	-0.43779	0.43779	-0.31337	-1.2282	-0.63296	0.11753	-0.31704	0.31337	-1.1905	-0.49629	0.075319	-0.078043	1.2282	0.56327	2.1018	-0.10259	0.50744	0.49192	0.17901	-0.075319	-0.5242	-2.1018	-0.56327	0.49629	-0.17901	-0.19446	0.77897	-0.27307	0.10639	0.010894	0.13529	0.16271	-0.0042593	-0.11753
"652"	-0.27307	-0.17901	0.63296	-0.010894	0.075319	-0.078043	0.31704	0.13529	1.2282	0.16271	-0.10639	0.49192	-0.5242	0.10259	0.078043	-2.1018	-0.075319	0.50744	-0.31337	-0.31704	0.11753	2.1018	0.5242	0.0042593	0.010894	-0.10259	-1.2282	-0.13529	0.56327	-0.0042593	0.49629	-0.11753	-0.56327	-0.49629	0.17901	0.77897	0.43779	0.27307	1.1905	-0.50744	-0.49192	-0.77897	-0.63296	-0.43779	-1.1905	0.19446	0.10639	-0.16271	0.31337	-0.19446
"653"	0.19446	0.16271	-0.50744	-0.19446	-0.16271	-0.77897	0.010894	-2.1018	0.10639	0.27307	0.078043	-0.078043	0.49629	-0.56327	-0.49629	0.5242	1.2282	-0.075319	0.11753	-0.010894	-0.5242	0.31337	0.17901	0.56327	-1.1905	0.0042593	-0.10639	-0.27307	0.13529	-0.11753	0.63296	0.43779	2.1018	1.1905	0.49192	-0.31337	0.77897	0.075319	-0.31704	-0.13529	-0.43779	0.10259	-0.49192	0.31704	-0.0042593	-0.17901	-0.63296	-0.10259	-1.2282	0.50744
"654"	0.31704	-0.63296	-2.1018	0.5242	-0.56327	-1.1905	-0.010894	-0.078043	-0.17901	1.1905	-0.13529	0.31337	2.1018	-0.0042593	0.49192	0.075319	0.010894	-0.11753	0.16271	-0.075319	-0.31337	0.078043	-0.77897	0.27307	0.56327	-0.10259	0.17901	0.19446	-1.2282	0.11753	0.50744	0.49629	-0.16271	-0.31704	-0.10639	-0.19446	1.2282	-0.5242	0.43779	-0.49192	0.0042593	0.63296	-0.50744	-0.27307	0.13529	0.10259	0.10639	-0.49629	0.77897	-0.43779
"655"	-0.49192	-0.19446	0.075319	-0.13529	0.0042593	-0.5242	1.1905	-1.2282	-0.43779	-0.49629	0.31337	0.77897	0.49192	-0.50744	0.49629	0.11753	0.16271	0.56327	2.1018	0.31704	-2.1018	0.078043	0.10259	0.19446	-1.1905	0.50744	-0.10259	0.27307	0.5242	0.13529	-0.11753	-0.16271	-0.63296	-0.078043	-0.0042593	0.17901	-0.010894	0.10639	0.43779	-0.31337	0.010894	-0.31704	-0.075319	-0.77897	-0.56327	0.63296	-0.17901	1.2282	-0.27307	-0.10639
"656"	-0.13529	0.10639	1.1905	-0.17901	0.43779	-0.5242	-0.56327	-0.31704	0.31704	0.075319	-0.10259	-1.2282	-0.11753	0.56327	0.13529	0.16271	0.27307	0.19446	-0.49192	-0.0042593	-0.10639	0.17901	2.1018	-0.075319	0.49192	0.5242	-0.27307	-0.010894	1.2282	0.77897	0.0042593	-1.1905	-0.078043	-0.63296	-2.1018	-0.50744	0.31337	-0.77897	0.010894	-0.49629	-0.43779	0.63296	0.50744	-0.19446	0.11753	-0.16271	0.078043	-0.31337	0.49629	0.10259
"657"	0.49192	-0.13529	-0.49192	-0.11753	0.11753	0.63296	0.078043	0.31704	-2.1018	-0.010894	-0.56327	-0.27307	-0.10639	0.10259	-1.1905	2.1018	0.31337	-0.17901	0.43779	0.16271	-0.16271	0.17901	0.50744	0.010894	-0.31704	-0.5242	0.13529	0.5242	-0.63296	0.27307	1.2282	-0.31337	0.56327	-0.078043	0.10639	0.075319	0.19446	-0.075319	-0.43779	-0.0042593	-0.49629	-0.10259	-0.50744	0.77897	-1.2282	1.1905	-0.77897	0.49629	0.0042593	-0.19446
"658"	0.49192	0.63296	-0.16271	0.10259	0.075319	-0.31337	0.078043	-0.078043	0.77897	-0.19446	-0.10259	-0.43779	1.2282	-0.27307	0.11753	-0.63296	0.31704	-0.0042593	2.1018	-2.1018	-0.11753	-0.17901	-0.56327	0.56327	-0.49192	0.0042593	-0.13529	-1.2282	-0.50744	0.27307	0.16271	0.49629	-0.77897	-0.49629	0.5242	0.19446	-0.10639	0.13529	-0.31704	0.43779	-0.010894	0.17901	-0.075319	0.10639	-1.1905	0.50744	1.1905	0.010894	0.31337	-0.5242
"659"	0.19446	-0.77897	0.10639	-0.17901	-0.63296	0.63296	0.31337	0.16271	1.1905	-0.19446	-0.078043	0.77897	-0.56327	0.49629	-1.1905	-0.10259	-0.13529	0.078043	-0.10639	-0.010894	-0.5242	0.0042593	-0.49629	-0.31337	-0.31704	2.1018	0.17901	0.31704	-0.27307	0.5242	0.49192	0.27307	-0.11753	-0.50744	0.50744	0.56327	0.010894	-2.1018	0.11753	0.43779	-0.16271	1.2282	-0.49192	-0.075319	0.10259	-0.43779	0.13529	-1.2282	-0.0042593	0.075319
"660"	-0.43779	-0.16271	0.10639	0.19446	-0.19446	-0.010894	1.2282	-0.078043	0.43779	-0.11753	-2.1018	2.1018	0.010894	-0.49629	0.10259	0.17901	0.31704	-0.10639	-0.50744	0.31337	-0.27307	-0.17901	-1.2282	-1.1905	-0.56327	0.13529	-0.075319	-0.31704	0.50744	0.075319	0.5242	0.77897	0.0042593	-0.63296	-0.77897	0.56327	0.49629	-0.49192	0.16271	0.63296	0.49192	-0.13529	1.1905	-0.5242	-0.0042593	0.27307	-0.31337	0.11753	0.078043	-0.10259
"661"	0.5242	-0.50744	-0.49192	-0.13529	-0.31704	-0.19446	0.10259	0.078043	-2.1018	1.2282	-0.075319	0.56327	0.19446	-0.0042593	-1.2282	0.63296	-0.10639	-0.010894	-0.27307	0.0042593	0.27307	-0.5242	0.49629	0.77897	-1.1905	0.31337	-0.31337	0.31704	0.11753	0.10639	0.010894	-0.16271	0.17901	0.50744	-0.77897	-0.11753	0.075319	0.43779	0.49192	-0.56327	0.16271	2.1018	-0.10259	-0.078043	-0.17901	-0.43779	-0.49629	1.1905	-0.63296	0.13529
"662"	0.075319	0.31337	-0.77897	-0.075319	-0.49629	-0.31704	0.078043	0.13529	0.5242	0.16271	-0.5242	1.2282	0.10259	-1.1905	-0.31337	-0.17901	-0.27307	-0.56327	-0.13529	0.43779	-0.49192	0.49192	-0.078043	0.0042593	0.010894	-1.2282	0.10639	-0.10259	-0.43779	0.11753	0.17901	0.31704	-0.010894	0.27307	0.19446	1.1905	-0.0042593	0.49629	-0.11753	-0.10639	-0.19446	0.77897	-0.16271	-2.1018	0.50744	0.63296	2.1018	-0.50744	-0.63296	0.56327
"663"	0.43779	-0.078043	0.49192	0.77897	-0.075319	-0.63296	0.50744	-0.31337	-0.43779	-0.5242	0.010894	1.1905	-0.13529	-1.1905	0.17901	-0.49629	0.10259	-0.56327	1.2282	0.19446	2.1018	-0.77897	-0.010894	-0.27307	0.63296	0.16271	0.078043	-0.17901	-0.10639	0.27307	-0.50744	-0.0042593	-2.1018	0.49629	0.13529	-0.16271	-0.49192	0.0042593	-0.11753	0.31704	0.56327	0.5242	0.10639	0.31337	-0.19446	0.075319	-1.2282	-0.31704	0.11753	-0.10259
"664"	0.10259	0.078043	0.43779	0.31704	-0.10259	0.63296	0.17901	0.77897	-1.1905	0.16271	-0.078043	0.075319	-0.49629	-0.77897	0.27307	0.0042593	0.31337	-0.010894	2.1018	-0.50744	-0.11753	1.2282	-0.49192	-0.31704	1.1905	-1.2282	0.50744	-0.56327	-0.19446	-0.17901	-0.16271	0.13529	-0.13529	-0.43779	-0.10639	0.19446	0.49192	-0.075319	-0.31337	0.10639	0.11753	-0.63296	0.49629	-0.0042593	0.5242	0.010894	0.56327	-0.27307	-2.1018	-0.5242
"665"	0.31337	-0.27307	-0.10259	0.17901	0.5242	-0.5242	-0.17901	0.10259	-0.77897	-0.31337	-0.0042593	2.1018	0.49192	1.2282	0.50744	0.49629	0.27307	-0.63296	0.31704	-0.56327	-0.49192	-0.50744	0.11753	-0.075319	0.63296	-0.10639	0.0042593	-0.078043	-0.010894	-1.2282	-0.13529	0.16271	0.13529	-0.19446	-0.16271	-0.43779	0.43779	0.56327	0.77897	0.19446	0.078043	-1.1905	-0.11753	0.10639	0.075319	1.1905	0.010894	-0.31704	-0.49629	-2.1018
"666"	0.17901	-0.078043	0.56327	0.16271	-0.10639	-0.0042593	-0.31337	0.63296	-0.43779	0.49629	0.50744	1.1905	-1.1905	-0.50744	0.27307	0.10259	-0.49629	0.77897	-0.5242	0.31337	0.10639	-0.77897	-0.075319	-0.31704	-0.17901	-0.13529	0.49192	-0.10259	0.43779	-0.010894	-0.56327	0.075319	-0.27307	-2.1018	-0.16271	-0.63296	0.5242	-1.2282	0.31704	2.1018	0.19446	0.078043	1.2282	0.11753	0.0042593	0.010894	-0.19446	-0.11753	-0.49192	0.13529
"667"	0.078043	-0.43779	0.16271	-0.16271	-0.11753	-0.0042593	0.10639	0.43779	0.49629	0.5242	0.010894	-0.49192	-0.078043	-0.50744	0.31337	1.1905	-0.31337	-0.010894	0.11753	0.27307	-0.17901	-0.63296	-0.13529	-0.31704	0.31704	-1.1905	-2.1018	0.10259	0.63296	0.19446	-0.10259	-0.56327	-0.10639	-0.5242	0.49192	-1.2282	-0.27307	0.13529	-0.075319	-0.77897	0.17901	-0.49629	0.0042593	-0.19446	1.2282	0.075319	0.56327	0.77897	0.50744	2.1018
"668"	1.2282	-0.19446	-1.2282	-0.77897	0.77897	-1.1905	0.10639	0.31337	-0.11753	-0.43779	1.1905	-0.16271	-0.5242	-0.17901	0.13529	0.31704	-2.1018	0.43779	-0.56327	0.078043	-0.31704	-0.27307	0.49192	0.49629	0.010894	0.63296	-0.49629	0.11753	-0.010894	-0.10259	-0.31337	0.19446	0.075319	-0.50744	0.27307	0.0042593	-0.078043	0.16271	2.1018	0.10259	-0.10639	-0.63296	-0.0042593	-0.075319	-0.13529	0.50744	0.56327	-0.49192	0.5242	0.17901
"669"	0.078043	0.63296	-0.078043	-0.56327	0.11753	0.19446	-0.0042593	-0.010894	0.56327	0.16271	-0.63296	-0.19446	-0.43779	-0.10259	2.1018	-0.49629	0.17901	-0.10639	0.010894	0.50744	0.31337	-0.77897	-1.1905	0.0042593	1.2282	-0.11753	1.1905	0.31704	0.10259	-1.2282	-0.16271	0.43779	0.77897	-2.1018	-0.075319	-0.49192	0.5242	0.10639	0.075319	-0.5242	-0.17901	-0.31337	0.49192	0.13529	-0.50744	-0.31704	-0.27307	0.49629	0.27307	-0.13529
"670"	0.17901	-0.010894	-0.56327	0.31704	0.10259	-0.0042593	-0.49629	0.77897	-0.11753	-0.50744	2.1018	-0.13529	-0.10639	-0.43779	0.49192	0.5242	-0.16271	-0.77897	-0.5242	0.010894	1.1905	0.13529	0.11753	-0.31704	0.078043	0.0042593	-1.1905	-0.27307	-0.10259	1.2282	-0.17901	0.19446	0.27307	-0.63296	-1.2282	0.50744	0.63296	-0.078043	0.16271	0.56327	-2.1018	-0.19446	-0.31337	0.075319	0.31337	-0.075319	0.43779	0.49629	-0.49192	0.10639
"671"	0.49192	-0.16271	-0.43779	-0.19446	-0.0042593	-0.078043	0.50744	-0.63296	-0.56327	1.1905	-0.010894	-2.1018	0.49629	-0.77897	-0.10639	0.63296	-0.49629	-1.1905	0.5242	-0.5242	0.075319	2.1018	0.10639	0.10259	0.43779	-0.17901	0.13529	-0.49192	1.2282	0.31704	-0.075319	0.77897	0.27307	0.17901	-0.13529	0.16271	-0.31337	0.11753	0.0042593	-0.27307	-0.10259	0.19446	0.010894	-1.2282	0.31337	-0.11753	-0.31704	0.078043	0.56327	-0.50744
"672"	0.77897	-0.49192	-0.49629	-0.31704	0.13529	0.56327	0.17901	0.16271	-0.16271	-0.078043	-0.17901	0.10639	0.50744	0.63296	0.43779	0.10259	-0.075319	0.078043	0.0042593	-0.50744	0.27307	-0.63296	1.1905	-0.19446	-0.13529	-0.31337	-1.1905	0.5242	1.2282	0.31704	0.11753	-0.0042593	-0.10639	0.010894	-0.010894	0.31337	-0.5242	0.49192	0.19446	-0.10259	0.49629	-0.56327	-0.11753	-0.43779	0.075319	-0.27307	-0.77897	2.1018	-2.1018	-1.2282
"673"	-0.50744	0.43779	-0.16271	-0.10639	-0.13529	0.5242	-1.2282	-0.43779	0.31704	0.49192	-0.31704	-0.010894	-0.17901	0.16271	0.13529	0.56327	-0.5242	-0.075319	-0.31337	2.1018	-0.49629	-0.56327	0.17901	1.1905	-0.27307	0.27307	1.2282	0.50744	-0.11753	-0.10259	0.010894	-0.77897	0.075319	0.49629	-2.1018	0.31337	-0.19446	0.11753	0.078043	-0.078043	-0.49192	-0.0042593	0.10639	-1.1905	0.63296	0.19446	0.77897	0.0042593	-0.63296	0.10259
"674"	0.56327	-0.10259	-0.31704	0.010894	-0.19446	0.43779	-0.10639	-0.50744	-0.56327	-0.5242	0.10259	-0.11753	0.0042593	-1.2282	0.075319	0.49192	-0.13529	-0.27307	0.27307	-1.1905	0.17901	-0.078043	-0.010894	1.2282	-0.77897	0.63296	0.10639	0.50744	-0.075319	0.49629	0.16271	0.19446	-0.0042593	0.13529	-0.63296	-0.49629	-0.17901	0.31337	-0.16271	-0.31337	0.11753	0.078043	-2.1018	-0.43779	-0.49192	0.5242	2.1018	0.31704	0.77897	1.1905
"675"	-0.10259	-0.50744	-0.56327	0.77897	0.31704	-0.63296	-0.10639	-2.1018	0.5242	-0.010894	0.16271	0.27307	0.63296	0.56327	-0.27307	0.13529	-0.31337	0.10639	-0.5242	0.50744	-0.078043	-0.31704	-0.13529	-0.49629	-0.075319	0.49629	0.078043	0.43779	0.17901	0.49192	1.2282	0.0042593	-1.1905	-0.17901	-0.19446	0.19446	2.1018	0.10259	-1.2282	-0.16271	-0.77897	-0.11753	-0.43779	0.075319	-0.49192	-0.0042593	0.31337	0.010894	1.1905	0.11753
"676"	-0.075319	-0.17901	-0.77897	2.1018	0.17901	-0.43779	0.5242	0.10639	-0.49192	-2.1018	0.49192	0.77897	-0.13529	-1.1905	1.2282	0.31704	0.27307	0.010894	0.43779	0.0042593	-0.31704	-0.50744	-1.2282	0.31337	-0.0042593	0.63296	0.16271	-0.11753	-0.63296	-0.56327	0.13529	-0.49629	0.11753	-0.5242	0.49629	-0.27307	0.19446	1.1905	0.50744	0.078043	-0.31337	0.10259	-0.010894	-0.16271	-0.10639	-0.078043	-0.10259	0.075319	-0.19446	0.56327
"677"	-0.19446	-2.1018	0.16271	0.31704	0.19446	0.075319	-0.31704	0.17901	-1.2282	-0.27307	0.5242	-0.63296	0.078043	0.10259	-0.010894	-0.13529	-0.77897	1.1905	0.43779	0.10639	-0.31337	1.2282	0.27307	-0.078043	-0.43779	0.11753	-0.17901	-0.10259	-0.49629	0.49629	-0.16271	0.77897	-0.0042593	2.1018	0.49192	0.010894	0.31337	-0.075319	0.50744	-0.56327	0.63296	-0.50744	-0.49192	0.13529	0.0042593	-1.1905	-0.5242	-0.11753	0.56327	-0.10639
"678"	-0.49192	0.31704	-0.10639	0.19446	-0.0042593	-0.13529	-1.2282	-0.43779	-0.010894	0.56327	0.0042593	1.1905	0.31337	-0.10259	-0.49629	-0.31704	-1.1905	0.5242	0.17901	0.16271	-0.27307	0.63296	0.49192	-0.63296	0.50744	0.10639	-0.17901	-0.77897	-0.50744	0.078043	0.11753	0.77897	0.010894	-0.31337	2.1018	-0.56327	-0.078043	-2.1018	0.43779	1.2282	-0.5242	0.27307	-0.16271	-0.19446	-0.075319	0.075319	0.49629	0.13529	-0.11753	0.10259
"679"	0.43779	0.10639	2.1018	-0.31704	-0.43779	0.50744	0.078043	0.10259	-1.1905	0.56327	0.31704	-0.56327	-0.63296	0.31337	-0.49629	-0.17901	-0.19446	-0.11753	0.010894	0.27307	-0.16271	-0.5242	1.2282	-0.010894	-0.31337	-0.77897	0.19446	-0.10639	-0.10259	0.13529	1.1905	0.0042593	-0.27307	0.49192	0.5242	-2.1018	0.075319	0.77897	-1.2282	-0.0042593	-0.50744	0.17901	-0.13529	-0.078043	-0.49192	0.63296	0.49629	0.16271	0.11753	-0.075319
"680"	0.77897	0.27307	0.16271	0.10639	-0.010894	0.17901	-0.77897	0.50744	-0.5242	-0.19446	0.5242	-0.49192	-0.63296	0.010894	0.075319	0.078043	1.1905	0.63296	2.1018	-1.1905	-0.31704	-0.27307	-0.10639	0.10259	0.0042593	-0.075319	-2.1018	-0.43779	-0.56327	0.49192	-0.11753	-0.078043	0.31704	-0.0042593	-0.16271	-0.49629	0.49629	0.19446	0.56327	-0.13529	0.11753	-0.31337	-1.2282	-0.17901	-0.50744	0.31337	1.2282	-0.10259	0.43779	0.13529
"681"	-0.56327	0.63296	0.0042593	-1.1905	0.31337	-0.13529	-0.77897	0.10259	1.2282	-2.1018	-0.10639	2.1018	-0.27307	0.075319	-0.0042593	-0.16271	0.77897	-0.49192	-0.31704	0.50744	-0.17901	-0.19446	-0.31337	0.11753	-0.43779	-0.078043	-0.010894	0.56327	-0.10259	0.27307	-0.49629	0.5242	0.010894	-0.075319	0.31704	0.43779	0.13529	-0.50744	-0.63296	0.49629	0.19446	0.49192	1.1905	0.16271	0.17901	-0.5242	0.078043	0.10639	-1.2282	-0.11753
"682"	-1.1905	0.16271	0.10639	0.31704	1.2282	0.10259	-0.078043	-0.50744	0.5242	-0.49192	-0.075319	0.31337	-0.56327	-0.010894	0.19446	0.63296	0.43779	-0.10639	-0.5242	-0.17901	0.50744	-0.49629	0.11753	-0.31337	-0.0042593	0.56327	-0.16271	-0.19446	-0.27307	-0.77897	0.49629	-0.13529	0.17901	-0.63296	-0.10259	0.075319	0.27307	0.13529	-0.31704	2.1018	1.1905	-0.43779	0.078043	-2.1018	0.49192	0.010894	-0.11753	0.0042593	0.77897	-1.2282
"683"	0.075319	-0.31704	0.10259	0.16271	-0.11753	-0.77897	2.1018	-0.50744	0.49192	-0.078043	-0.5242	-0.49629	-0.27307	0.010894	0.31337	-0.13529	1.2282	0.13529	0.56327	0.078043	0.17901	0.43779	-0.0042593	-0.56327	-0.63296	0.27307	0.31704	0.49629	-0.43779	1.1905	-0.16271	0.5242	-0.10639	-0.010894	0.63296	0.0042593	-1.1905	-2.1018	-0.19446	-0.17901	0.77897	0.10639	-0.075319	0.19446	-0.31337	0.11753	-0.10259	0.50744	-1.2282	-0.49192
"684"	1.1905	-0.078043	0.17901	-0.50744	-0.17901	0.63296	0.19446	-0.77897	-0.5242	-0.10639	0.11753	-0.56327	0.13529	0.16271	0.49629	-0.31337	0.31704	0.77897	-0.49629	0.49192	0.5242	-0.63296	0.27307	-1.1905	-0.10259	-0.010894	0.10259	0.43779	-0.13529	-0.19446	0.10639	0.010894	-0.075319	0.50744	-0.31704	0.56327	-0.16271	-0.11753	1.2282	0.0042593	-0.0042593	2.1018	-0.49192	-1.2282	0.075319	0.31337	-2.1018	-0.43779	0.078043	-0.27307
"685"	1.2282	2.1018	0.13529	1.1905	-0.56327	0.50744	0.17901	-0.075319	-0.078043	0.10639	0.5242	0.11753	-2.1018	0.010894	-0.10639	0.078043	-0.13529	0.27307	-1.1905	0.49192	-0.10259	0.49629	-1.2282	0.16271	0.10259	-0.27307	-0.17901	-0.49629	0.31704	-0.31337	-0.50744	-0.49192	-0.77897	-0.010894	0.43779	0.0042593	-0.63296	-0.16271	-0.43779	0.075319	0.63296	-0.19446	0.77897	0.19446	-0.5242	-0.11753	-0.0042593	0.56327	-0.31704	0.31337
"686"	-0.078043	-0.31704	0.16271	-0.5242	0.31337	0.10639	-2.1018	0.27307	-0.13529	0.49192	-0.19446	-0.11753	-0.10259	0.56327	-0.17901	0.17901	1.2282	-0.010894	-0.77897	-1.1905	-0.0042593	-1.2282	0.49629	0.10259	0.63296	0.13529	-0.63296	0.5242	0.19446	-0.43779	0.11753	-0.50744	-0.56327	0.43779	0.77897	-0.075319	0.31704	1.1905	-0.49629	0.0042593	2.1018	-0.27307	-0.31337	-0.16271	-0.49192	-0.10639	0.50744	0.010894	0.078043	0.075319
"687"	-0.63296	-0.11753	0.56327	-0.10639	0.0042593	0.078043	0.31337	-0.27307	0.5242	0.50744	0.010894	-0.13529	0.10259	0.11753	-1.2282	-0.56327	1.1905	0.13529	1.2282	2.1018	-0.49629	-1.1905	0.10639	-0.49192	0.63296	-2.1018	0.49629	-0.31704	-0.31337	0.27307	-0.77897	-0.43779	-0.19446	-0.16271	-0.50744	0.77897	-0.5242	0.17901	0.43779	0.49192	-0.075319	-0.10259	0.19446	0.31704	-0.078043	0.16271	0.075319	-0.010894	-0.0042593	-0.17901
"688"	0.63296	0.56327	-0.31704	-1.2282	-0.11753	0.77897	0.5242	0.10259	1.1905	-0.63296	0.31704	-0.078043	-0.13529	-0.49192	-0.10259	-0.19446	0.10639	-0.77897	0.13529	0.17901	2.1018	-0.43779	-0.0042593	0.49192	-0.010894	0.19446	0.43779	-0.27307	-0.31337	0.010894	-1.1905	0.50744	0.075319	0.49629	0.27307	-0.075319	1.2282	0.078043	0.0042593	-2.1018	0.11753	-0.16271	-0.5242	-0.56327	0.31337	-0.50744	0.16271	-0.10639	-0.49629	-0.17901
"689"	-0.10259	-0.63296	-0.49629	-0.31337	-0.16271	0.0042593	2.1018	0.10259	0.010894	0.31704	0.11753	-0.010894	-0.0042593	0.77897	0.16271	-0.078043	-0.50744	1.1905	-0.5242	0.49192	-0.56327	0.49629	0.078043	0.19446	-0.19446	0.27307	-2.1018	-1.2282	-0.77897	0.5242	0.17901	0.50744	-0.17901	-0.11753	-0.10639	-1.1905	-0.075319	0.43779	-0.13529	0.56327	-0.49192	0.10639	0.31337	-0.31704	0.13529	0.63296	1.2282	0.075319	-0.27307	-0.43779
"690"	-0.5242	0.075319	-0.31704	-0.13529	0.078043	0.10639	0.13529	-2.1018	0.19446	0.77897	2.1018	-0.27307	0.31704	0.0042593	0.17901	-0.10639	0.50744	-0.0042593	-1.2282	-0.43779	0.56327	0.010894	0.5242	-0.49192	0.27307	0.49629	0.16271	-0.16271	-1.1905	0.31337	-0.010894	-0.17901	1.1905	-0.63296	0.11753	1.2282	-0.77897	-0.075319	-0.078043	0.43779	-0.31337	-0.50744	0.63296	0.10259	-0.11753	-0.56327	-0.49629	-0.19446	0.49192	-0.10259
"691"	0.49629	0.27307	2.1018	-0.49629	0.16271	0.63296	0.5242	-2.1018	-0.10639	-1.2282	-0.19446	0.31337	-0.27307	-0.10259	0.19446	0.17901	-0.13529	-0.075319	-0.50744	-0.11753	0.10639	-0.010894	0.43779	-0.31704	-0.078043	0.77897	1.1905	-0.16271	-0.56327	-0.0042593	-0.63296	-1.1905	1.2282	0.010894	0.0042593	0.56327	0.11753	-0.49192	0.31704	0.13529	0.10259	0.49192	-0.77897	-0.31337	-0.43779	-0.17901	0.075319	-0.5242	0.50744	0.078043
"692"	0.16271	0.10259	-0.31704	0.27307	0.0042593	0.010894	-0.50744	0.49629	-1.2282	-0.77897	-0.010894	0.77897	-0.31337	0.17901	-0.49629	0.31704	0.43779	-0.11753	0.078043	0.31337	-0.27307	-0.16271	-0.19446	-0.5242	-0.10259	2.1018	-0.075319	-2.1018	0.5242	0.075319	-0.13529	0.50744	0.11753	-0.10639	-1.1905	0.56327	1.1905	0.49192	-0.0042593	-0.63296	0.10639	1.2282	-0.49192	-0.43779	0.19446	-0.078043	-0.17901	0.13529	-0.56327	0.63296
"693"	-2.1018	-0.11753	0.56327	1.1905	0.63296	0.16271	-0.16271	-0.010894	-0.49629	0.43779	-0.13529	-0.63296	0.078043	0.17901	0.010894	-0.10639	-0.31704	0.0042593	-0.10259	-1.1905	-0.56327	0.49629	0.11753	0.13529	-0.49192	-0.43779	-0.27307	-0.17901	-0.5242	1.2282	0.075319	0.49192	-0.0042593	-0.31337	0.10639	-0.50744	2.1018	-0.19446	-1.2282	-0.075319	0.31337	0.5242	-0.078043	0.77897	0.50744	-0.77897	0.10259	0.31704	0.27307	0.19446
"694"	-2.1018	0.31337	0.77897	0.19446	-0.43779	-0.31704	-0.17901	-0.19446	0.49629	0.50744	0.075319	0.13529	0.0042593	-0.31337	-0.49629	-0.16271	0.11753	-0.11753	0.27307	-0.27307	0.49192	1.1905	0.5242	-0.13529	2.1018	-0.63296	1.2282	0.43779	0.078043	-0.5242	0.63296	-0.56327	-0.078043	0.16271	-0.77897	-1.2282	-0.010894	0.10639	0.010894	-0.49192	0.10259	-0.0042593	-0.075319	0.17901	-1.1905	-0.10639	-0.50744	-0.10259	0.31704	0.56327
"695"	-0.075319	0.11753	0.0042593	-0.16271	-1.1905	-0.49629	0.56327	-0.10259	-2.1018	1.1905	0.49629	0.16271	-1.2282	0.075319	0.31337	-0.43779	-0.56327	0.010894	-0.10639	-0.5242	0.078043	2.1018	0.77897	-0.63296	0.27307	-0.27307	0.10639	0.19446	-0.13529	1.2282	0.49192	-0.31337	-0.078043	-0.010894	-0.17901	0.43779	-0.50744	0.17901	-0.77897	-0.11753	0.10259	0.5242	-0.19446	0.50744	-0.0042593	0.63296	0.13529	-0.49192	-0.31704	0.31704
"696"	-0.31704	-0.43779	0.10259	2.1018	0.49629	0.075319	0.50744	0.078043	0.17901	-0.17901	-0.19446	-0.49192	-0.16271	0.27307	0.77897	-0.0042593	0.5242	-1.1905	0.19446	-2.1018	1.2282	-0.5242	-0.50744	-1.2282	-0.010894	-0.078043	-0.56327	0.31337	-0.49629	0.63296	0.11753	1.1905	0.56327	0.13529	0.31704	-0.075319	-0.13529	0.10639	0.010894	-0.27307	-0.31337	-0.77897	0.43779	-0.10259	0.16271	-0.63296	0.0042593	-0.10639	0.49192	-0.11753
"697"	-0.078043	-0.49192	0.31337	0.10259	-0.11753	-0.17901	0.56327	0.010894	0.49192	0.63296	0.50744	-2.1018	0.075319	-1.1905	-0.16271	-0.31704	0.27307	-0.43779	2.1018	-0.010894	0.10639	0.0042593	0.49629	-0.50744	-0.19446	0.17901	0.43779	-0.77897	-0.63296	0.078043	-0.13529	0.19446	-0.5242	0.31704	0.77897	-1.2282	-0.0042593	1.2282	-0.10639	0.5242	0.11753	0.13529	-0.49629	-0.10259	-0.56327	-0.075319	1.1905	-0.27307	-0.31337	0.16271
"698"	-0.0042593	-1.2282	1.2282	0.5242	-0.10259	-0.63296	0.075319	-0.50744	-0.49192	0.49192	0.16271	0.19446	-0.49629	-0.43779	-0.17901	-0.31337	0.0042593	-0.13529	0.43779	-0.16271	0.56327	0.10259	0.078043	0.010894	-0.075319	-0.27307	0.31337	-0.5242	0.10639	-0.19446	-0.56327	0.11753	-0.078043	0.50744	-1.1905	-0.10639	-0.11753	2.1018	0.13529	0.27307	0.17901	1.1905	-0.010894	0.63296	0.77897	-2.1018	0.31704	0.49629	-0.77897	-0.31704
"699"	-0.63296	-0.075319	0.13529	2.1018	-0.43779	0.16271	-0.17901	0.0042593	-0.50744	-0.10639	-0.0042593	-0.010894	-0.19446	-0.31704	1.1905	0.19446	-2.1018	0.075319	0.11753	-0.16271	0.10639	-0.77897	0.5242	0.56327	0.27307	-0.10259	-0.31337	0.31337	-1.1905	0.63296	1.2282	-0.11753	-0.5242	0.078043	-0.078043	0.17901	-0.49192	0.49629	-1.2282	-0.49629	0.31704	-0.13529	-0.56327	0.49192	0.10259	0.50744	0.010894	-0.27307	0.43779	0.77897
"700"	0.16271	2.1018	-0.5242	0.31704	-0.075319	0.19446	-0.31704	-0.49192	0.63296	-0.078043	-0.19446	-0.31337	0.56327	-0.27307	-0.56327	-0.10639	0.43779	0.31337	-0.16271	0.078043	-0.13529	0.10639	-0.77897	0.0042593	0.5242	1.2282	1.1905	-0.49629	0.49192	-2.1018	0.50744	-0.11753	-0.010894	0.010894	-0.43779	0.27307	0.075319	-1.1905	-0.17901	-0.63296	-0.50744	-1.2282	0.77897	0.17901	0.11753	0.10259	-0.0042593	0.49629	0.13529	-0.10259
"701"	-0.31337	-0.56327	2.1018	-0.31704	0.078043	0.075319	0.010894	0.13529	0.11753	-0.075319	0.0042593	0.31337	-0.11753	-0.77897	-0.19446	0.16271	-0.10259	-0.0042593	0.31704	1.1905	-1.1905	-2.1018	0.17901	-0.5242	0.56327	0.19446	-0.17901	-0.63296	-0.078043	-0.43779	-0.010894	-0.10639	0.49629	-0.27307	0.49192	-0.13529	0.50744	-0.49629	0.77897	0.10259	1.2282	0.43779	0.63296	-0.16271	0.27307	0.5242	-0.49192	-0.50744	0.10639	-1.2282
"702"	-0.77897	0.075319	-0.49192	0.010894	0.0042593	2.1018	-0.63296	0.49192	-0.10259	-0.010894	0.19446	0.5242	0.31337	-0.075319	-0.11753	1.1905	-0.43779	-2.1018	0.77897	-1.1905	0.10639	0.43779	0.63296	0.31704	-0.19446	0.50744	0.16271	-0.49629	-0.50744	-0.10639	-0.078043	1.2282	0.17901	-0.0042593	-0.5242	0.10259	0.078043	-0.31337	0.56327	-0.31704	-0.13529	-0.16271	0.11753	-0.27307	0.13529	0.27307	0.49629	-1.2282	-0.56327	-0.17901
"703"	-0.56327	0.10259	-0.11753	-1.1905	-1.2282	0.49629	1.1905	-0.77897	-0.49192	0.10639	-0.16271	-0.49629	0.50744	1.2282	-0.010894	-0.10259	-0.31704	-0.19446	2.1018	-0.13529	-0.17901	0.010894	0.13529	0.078043	-2.1018	-0.27307	0.11753	0.075319	0.16271	-0.0042593	0.43779	-0.63296	0.31704	-0.078043	0.17901	-0.5242	0.63296	-0.10639	0.5242	0.19446	-0.43779	0.0042593	-0.075319	0.31337	0.77897	0.56327	0.27307	-0.50744	0.49192	-0.31337
"704"	-0.13529	0.31337	-0.31337	0.31704	-1.2282	-0.27307	0.0042593	0.56327	0.49629	0.10259	0.77897	0.075319	-0.19446	0.49192	0.078043	0.13529	-0.49192	-0.10259	0.17901	0.43779	2.1018	0.19446	0.010894	-0.43779	-0.17901	0.63296	-0.56327	1.2282	-0.77897	0.27307	-2.1018	-0.31704	-0.078043	-0.50744	-0.010894	0.11753	-0.0042593	1.1905	-0.075319	0.10639	0.5242	-0.11753	-0.63296	0.50744	-1.1905	-0.5242	-0.49629	-0.16271	-0.10639	0.16271
"705"	-0.77897	1.1905	-0.56327	0.50744	-2.1018	-1.1905	-0.0042593	0.010894	0.19446	0.43779	0.31337	-0.31337	0.5242	-0.075319	-0.5242	-0.50744	-0.010894	0.77897	-1.2282	-0.63296	-0.31704	0.10639	1.2282	0.27307	-0.11753	0.10259	2.1018	0.63296	-0.13529	-0.16271	-0.10259	-0.10639	-0.49192	0.56327	-0.19446	0.31704	-0.27307	0.13529	0.17901	0.078043	0.16271	0.11753	0.075319	-0.17901	-0.078043	-0.43779	0.49629	-0.49629	0.0042593	0.49192
"706"	-1.2282	1.2282	-0.49192	-0.10259	1.1905	0.5242	0.63296	-0.0042593	0.49192	-0.63296	-0.77897	-0.16271	-1.1905	-0.17901	-0.13529	0.56327	0.43779	-0.56327	-0.11753	0.31337	-0.10639	-0.078043	-2.1018	-0.50744	-0.43779	0.078043	-0.27307	0.0042593	-0.5242	0.11753	0.10639	-0.19446	0.27307	0.50744	0.16271	0.31704	0.13529	-0.31337	0.10259	-0.010894	0.010894	2.1018	-0.49629	0.17901	0.49629	0.19446	0.075319	0.77897	-0.075319	-0.31704
"707"	0.77897	2.1018	0.27307	0.63296	-0.56327	-2.1018	-0.0042593	-0.11753	-0.49629	0.16271	0.43779	-0.17901	0.49192	0.078043	-0.27307	0.13529	-0.16271	-0.49192	0.31704	-0.5242	-0.075319	0.0042593	0.10639	0.31337	-0.078043	0.5242	0.11753	-0.31337	0.075319	0.17901	1.1905	0.56327	0.50744	1.2282	0.10259	0.010894	-0.63296	-0.10259	-0.43779	-1.2282	0.19446	-0.77897	-0.31704	-0.010894	-0.10639	-1.1905	0.49629	-0.19446	-0.50744	-0.13529
"708"	-0.31704	-0.10259	0.010894	2.1018	1.1905	-0.10639	-0.075319	0.5242	-0.77897	0.31704	0.10259	-0.27307	0.43779	0.49629	-0.49192	-2.1018	-0.43779	0.0042593	0.075319	0.13529	-0.56327	-0.078043	-1.1905	0.31337	0.50744	0.19446	1.2282	-0.13529	-0.17901	0.10639	-0.16271	0.27307	0.49192	0.63296	0.17901	-0.63296	-0.31337	-0.19446	-0.49629	0.16271	-0.0042593	0.11753	-0.5242	-1.2282	0.078043	0.56327	-0.11753	0.77897	-0.010894	-0.50744
"709"	-0.075319	-0.49192	-0.0042593	0.11753	0.19446	0.075319	-0.11753	0.078043	-0.63296	-0.16271	-0.17901	-0.19446	-0.13529	0.0042593	-0.31704	0.77897	0.49192	-0.10259	-0.5242	0.31337	0.13529	0.17901	0.16271	-1.2282	0.50744	-0.77897	-1.1905	1.1905	0.010894	-0.10639	-0.49629	-0.27307	0.56327	0.10639	0.5242	2.1018	0.10259	-0.010894	-2.1018	-0.43779	-0.078043	-0.50744	1.2282	0.49629	0.43779	-0.56327	0.63296	-0.31337	0.31704	0.27307
"710"	-0.63296	1.2282	-0.10639	-0.56327	-0.50744	0.31704	0.075319	-1.2282	0.56327	2.1018	-0.16271	0.77897	0.19446	-0.31337	-0.77897	0.13529	-0.010894	0.43779	-2.1018	0.078043	0.10639	-0.49629	-0.19446	0.10259	-0.075319	0.16271	-0.17901	0.11753	0.49629	0.27307	-0.49192	-0.078043	0.5242	-0.0042593	0.31337	-0.31704	0.49192	1.1905	0.0042593	-0.27307	-0.10259	-1.1905	0.50744	-0.13529	-0.11753	-0.43779	0.17901	0.010894	0.63296	-0.5242
"711"	-0.17901	0.50744	0.11753	0.31337	0.17901	1.2282	-0.31704	-1.1905	-0.19446	-0.11753	-0.56327	0.77897	-1.2282	0.0042593	0.27307	-0.10259	-0.50744	-2.1018	0.43779	0.10259	0.075319	0.078043	0.010894	0.49629	-0.5242	-0.31337	0.63296	-0.13529	-0.27307	-0.16271	-0.0042593	-0.49629	-0.49192	-0.43779	-0.63296	0.16271	0.10639	0.13529	0.5242	1.1905	0.56327	-0.078043	-0.77897	0.31704	0.19446	2.1018	-0.010894	-0.075319	-0.10639	0.49192
"712"	-0.10259	-0.0042593	-0.010894	2.1018	0.10259	-0.31337	-0.77897	1.1905	0.075319	-0.49192	-0.13529	0.16271	-0.10639	-1.2282	0.31337	0.0042593	0.5242	0.19446	-0.16271	-0.49629	0.50744	-0.11753	-0.075319	-0.5242	0.56327	0.49629	-0.19446	-0.078043	0.27307	0.078043	-0.17901	-0.43779	-0.63296	-0.31704	-2.1018	0.43779	0.10639	0.11753	-1.1905	0.77897	0.49192	-0.27307	0.17901	1.2282	-0.50744	0.31704	0.13529	0.010894	-0.56327	0.63296
"713"	0.17901	-0.63296	-0.075319	0.27307	0.16271	0.19446	-0.43779	0.56327	-0.078043	-1.1905	-0.13529	0.49629	-0.56327	1.2282	-0.77897	-0.49192	-1.2282	0.43779	0.0042593	0.078043	-0.31337	-0.010894	-0.17901	-0.0042593	-0.10259	0.5242	2.1018	0.10639	-0.49629	0.11753	0.31337	0.49192	0.010894	0.77897	1.1905	0.075319	-0.27307	-0.50744	-0.5242	-0.19446	0.10259	0.63296	0.50744	0.31704	-0.16271	0.13529	-2.1018	-0.10639	-0.31704	-0.11753
"714"	0.16271	0.17901	0.010894	0.43779	-0.43779	0.77897	-0.19446	0.075319	1.1905	1.2282	0.56327	-2.1018	0.10259	0.49629	-0.10259	0.49192	-0.5242	-0.56327	0.5242	-0.13529	2.1018	-0.078043	0.31704	-0.49629	-0.075319	0.10639	-0.31704	-0.16271	-0.010894	0.078043	-0.49192	0.13529	-0.63296	-1.2282	0.50744	-0.50744	0.31337	0.63296	-0.10639	-0.0042593	-0.77897	-0.31337	0.27307	-1.1905	-0.11753	0.11753	-0.17901	0.0042593	-0.27307	0.19446
"715"	0.10639	2.1018	-0.56327	-0.27307	-0.10639	0.17901	1.2282	-0.49629	-0.31337	-0.10259	-0.50744	-0.17901	0.31704	1.1905	0.56327	-2.1018	-0.0042593	0.11753	0.0042593	0.43779	0.10259	-0.63296	-0.010894	0.078043	-0.075319	0.075319	0.31337	-0.5242	-0.13529	-0.19446	-0.77897	-0.078043	0.5242	0.010894	0.16271	0.63296	-0.11753	-0.16271	-0.49192	-0.43779	-1.1905	0.27307	0.77897	0.19446	-1.2282	-0.31704	0.50744	0.49629	0.49192	0.13529
"716"	-0.63296	-0.31337	0.075319	-0.16271	0.49192	-0.56327	1.1905	0.16271	-0.43779	-0.0042593	0.31704	-0.50744	-0.078043	-0.31704	0.56327	0.31337	-0.27307	0.63296	0.5242	0.17901	-0.11753	-1.2282	-0.075319	-0.10639	0.010894	-0.10259	-0.19446	-0.010894	-0.77897	-0.49192	2.1018	-0.5242	0.49629	-0.49629	0.43779	0.13529	0.11753	0.50744	0.10259	-1.1905	0.27307	-2.1018	0.19446	-0.17901	0.0042593	-0.13529	0.10639	1.2282	0.77897	0.078043
"717"	-1.2282	0.50744	0.31704	-0.31704	0.078043	-0.43779	0.16271	-0.49192	0.49629	-0.31337	-0.27307	0.075319	0.19446	-0.075319	-0.078043	-0.63296	-0.13529	1.1905	0.10639	0.010894	0.17901	-0.010894	0.11753	-0.19446	-0.56327	1.2282	0.43779	-0.77897	0.5242	0.63296	-0.17901	2.1018	-0.5242	0.31337	0.77897	0.49192	-0.50744	-0.10639	0.27307	-0.16271	-0.10259	-2.1018	-0.11753	0.13529	-0.49629	0.0042593	-1.1905	0.10259	0.56327	-0.0042593
"718"	-0.0042593	0.31704	-0.31337	0.10259	0.43779	0.27307	0.11753	0.19446	0.56327	0.77897	-0.10639	-0.43779	0.075319	0.17901	-0.11753	0.010894	0.49192	-2.1018	-0.49192	-0.010894	1.1905	-0.49629	-0.16271	-1.2282	0.31337	0.078043	-0.27307	-0.10259	-0.19446	-0.075319	-0.5242	0.0042593	0.50744	-0.50744	0.16271	0.13529	1.2282	2.1018	-0.31704	0.49629	-0.078043	-0.17901	-0.63296	0.10639	-0.77897	0.63296	0.5242	-1.1905	-0.56327	-0.13529
"719"	0.10259	-0.075319	0.5242	0.078043	-1.2282	-0.56327	0.10639	0.50744	0.19446	-0.49629	0.63296	-0.43779	0.16271	-0.16271	0.31337	0.77897	-0.31704	0.49629	-0.31337	-0.11753	0.075319	1.2282	-0.50744	1.1905	-0.13529	-0.27307	0.49192	0.010894	-0.10639	-2.1018	2.1018	-0.078043	-0.49192	0.0042593	0.17901	-1.1905	0.11753	-0.19446	-0.77897	0.13529	-0.17901	-0.0042593	-0.5242	0.31704	-0.63296	0.56327	0.27307	-0.010894	0.43779	-0.10259
"720"	0.77897	-0.31337	0.56327	0.27307	-0.49192	0.13529	-0.56327	-0.31704	-0.10259	0.49629	0.078043	0.50744	0.0042593	-1.1905	-0.010894	-0.50744	-0.43779	0.5242	-0.0042593	1.2282	0.11753	-0.63296	2.1018	-0.075319	0.31337	0.19446	-0.19446	0.075319	-0.11753	-0.5242	0.43779	1.1905	-0.16271	-0.77897	0.31704	0.10639	0.63296	0.17901	0.16271	0.49192	0.10259	-0.27307	-0.078043	-1.2282	-0.17901	-2.1018	-0.10639	-0.49629	0.010894	-0.13529
"721"	0.49192	1.1905	1.2282	-0.075319	-0.16271	0.17901	-0.50744	-0.31704	0.49629	-0.77897	-0.63296	-0.27307	0.31704	-0.31337	-1.2282	0.13529	0.31337	0.5242	-0.078043	-1.1905	-0.11753	-0.10259	0.43779	0.16271	0.010894	0.0042593	0.50744	-0.49192	0.19446	0.77897	0.078043	-2.1018	0.11753	-0.43779	0.10639	0.56327	-0.49629	-0.56327	0.63296	0.27307	0.075319	-0.17901	-0.10639	2.1018	-0.5242	-0.0042593	-0.010894	-0.19446	-0.13529	0.10259
"722"	-0.43779	0.19446	0.5242	0.17901	0.49629	-0.16271	0.49192	-0.63296	-0.49192	-0.27307	0.77897	0.10639	0.31337	0.078043	0.075319	-2.1018	0.50744	-0.11753	-0.075319	0.11753	2.1018	-0.13529	-0.56327	-0.10259	-0.50744	0.10259	-0.19446	-0.77897	-0.49629	-0.5242	1.1905	0.63296	-0.17901	-1.1905	-0.0042593	-0.31337	0.27307	-1.2282	-0.010894	0.43779	0.31704	0.0042593	0.16271	-0.31704	0.13529	1.2282	-0.10639	0.010894	0.56327	-0.078043
"723"	-0.010894	0.27307	-0.49629	0.31337	-0.77897	0.50744	0.19446	-0.49192	-0.10259	2.1018	1.1905	0.010894	-0.27307	0.11753	1.2282	-1.1905	-0.13529	0.10639	0.49192	-0.11753	0.0042593	-2.1018	0.10259	-1.2282	-0.5242	-0.10639	0.49629	-0.63296	0.17901	0.5242	-0.31337	-0.078043	0.56327	0.16271	-0.56327	-0.0042593	-0.31704	0.13529	0.31704	-0.19446	0.075319	0.43779	0.078043	-0.075319	-0.17901	-0.16271	0.63296	-0.43779	0.77897	-0.50744
"724"	-0.19446	-0.31337	-0.77897	-0.49629	-0.49192	0.075319	0.11753	0.77897	-0.17901	0.49629	-0.0042593	0.43779	-0.31704	0.19446	-0.11753	0.078043	0.10639	-0.13529	0.56327	-0.27307	-1.1905	-0.10259	-1.2282	-0.075319	0.010894	-0.010894	0.0042593	-0.56327	-0.50744	-0.43779	-2.1018	1.1905	0.31337	0.49192	2.1018	-0.078043	0.13529	-0.10639	0.27307	-0.63296	0.63296	0.50744	1.2282	0.31704	-0.16271	0.10259	0.17901	0.5242	0.16271	-0.5242
"725"	1.1905	-0.11753	0.10639	0.13529	-1.2282	0.77897	0.10259	-0.19446	-0.075319	-0.10639	-0.77897	-0.5242	0.19446	-0.43779	-0.16271	2.1018	0.075319	0.56327	0.49629	0.11753	0.0042593	-0.13529	-0.49192	-0.27307	-0.0042593	0.31704	0.31337	0.5242	0.27307	0.43779	-0.17901	0.50744	-0.50744	-0.10259	0.16271	0.17901	-2.1018	-0.078043	-0.56327	1.2282	0.078043	-1.1905	0.63296	0.49192	-0.49629	-0.010894	-0.31337	-0.31704	-0.63296	0.010894
"726"	-0.075319	0.075319	-0.56327	0.19446	-0.11753	0.77897	-1.1905	-0.010894	0.49192	-0.5242	-2.1018	0.13529	-0.43779	0.31704	0.010894	-0.13529	0.43779	0.56327	-0.19446	-1.2282	0.078043	0.63296	-0.16271	0.5242	2.1018	1.2282	0.0042593	0.16271	0.27307	0.31337	0.10639	0.11753	-0.49192	0.10259	-0.078043	0.17901	-0.10259	0.50744	-0.50744	-0.49629	-0.27307	-0.31337	-0.10639	-0.77897	-0.17901	-0.31704	-0.63296	0.49629	-0.0042593	1.1905
"727"	-0.77897	0.43779	0.17901	-0.31704	0.63296	0.16271	-1.1905	-0.5242	-0.078043	0.11753	0.075319	0.5242	0.49192	0.078043	-0.49192	0.10259	-0.50744	-0.11753	-0.10639	0.50744	-0.010894	0.010894	-0.56327	-0.63296	-0.31337	0.27307	-0.075319	0.0042593	0.31704	-0.17901	1.1905	-1.2282	0.19446	0.13529	-0.10259	0.49629	-2.1018	-0.43779	-0.49629	-0.13529	-0.19446	2.1018	-0.0042593	-0.16271	0.56327	0.77897	-0.27307	1.2282	0.10639	0.31337
"728"	-0.13529	0.56327	-2.1018	-0.56327	-0.43779	1.1905	-0.16271	-0.77897	-0.010894	0.11753	0.27307	-0.0042593	-0.5242	-0.075319	-0.31337	0.31337	0.49629	-0.63296	0.10639	0.49192	0.50744	0.010894	0.075319	0.5242	-0.10259	-0.10639	-0.31704	0.0042593	-0.49192	0.17901	-0.50744	0.19446	0.77897	1.2282	0.16271	0.13529	0.078043	0.31704	0.10259	-1.2282	-0.078043	0.43779	-1.1905	-0.17901	2.1018	-0.19446	-0.49629	-0.27307	0.63296	-0.11753
"729"	0.13529	-0.31337	-0.010894	-0.17901	0.19446	-0.10639	0.27307	-0.5242	0.31337	0.10639	0.63296	-0.49629	0.010894	0.17901	-0.77897	-0.10259	0.16271	0.11753	-0.075319	-1.1905	0.078043	-0.31704	1.2282	0.50744	-0.078043	-0.0042593	0.0042593	0.49192	-0.16271	-0.63296	-0.27307	0.77897	-0.50744	0.56327	0.31704	0.49629	-0.19446	-0.49192	1.1905	-0.43779	0.43779	0.075319	0.10259	2.1018	-2.1018	-0.11753	-1.2282	-0.56327	-0.13529	0.5242
"730"	0.56327	0.010894	0.43779	-0.078043	0.10259	0.49192	-0.50744	0.16271	-0.49192	-0.11753	-2.1018	1.2282	0.31337	-0.075319	-0.17901	-0.19446	-0.43779	-0.31704	0.13529	-0.010894	-0.31337	-0.0042593	0.075319	1.1905	0.078043	0.50744	-0.63296	0.5242	2.1018	-0.16271	-1.1905	-0.5242	0.27307	0.17901	0.0042593	-0.27307	-0.10259	0.77897	-0.13529	-0.49629	0.49629	-0.10639	0.10639	-0.56327	0.63296	0.19446	-1.2282	0.31704	0.11753	-0.77897
"731"	-0.31337	0.50744	-0.0042593	0.77897	0.31337	0.0042593	-0.11753	0.56327	-0.77897	0.49629	-0.5242	1.2282	-0.10639	-2.1018	-0.43779	0.13529	0.010894	-0.13529	0.11753	-0.16271	-0.49629	0.078043	0.63296	-0.078043	0.16271	-0.50744	-0.56327	-0.63296	-0.10259	1.1905	0.075319	-0.010894	0.5242	0.10639	-0.49192	-0.27307	-0.075319	0.19446	0.49192	0.10259	-1.2282	-0.31704	0.31704	-0.19446	2.1018	0.43779	0.27307	-0.17901	-1.1905	0.17901
"732"	-0.13529	-0.010894	-0.075319	-0.31337	0.10259	-0.10639	-0.17901	-0.50744	-0.49192	-0.56327	0.5242	-0.078043	0.075319	0.27307	0.13529	0.010894	0.0042593	-0.31704	-0.27307	2.1018	0.63296	0.10639	0.17901	0.43779	-1.1905	-0.16271	0.77897	-0.19446	0.19446	0.16271	0.50744	-2.1018	0.31704	-0.10259	1.1905	-0.43779	-0.11753	0.49192	0.11753	1.2282	-0.5242	-1.2282	0.49629	0.078043	-0.63296	-0.49629	0.56327	-0.77897	0.31337	-0.0042593
"733"	-2.1018	0.078043	-1.1905	0.56327	-0.11753	-0.10639	-0.56327	-0.17901	-0.5242	0.77897	0.49192	0.10639	-0.10259	0.075319	0.50744	0.17901	0.13529	-0.77897	-0.0042593	0.49629	-0.31704	0.010894	0.31337	-0.16271	-0.078043	0.31704	2.1018	0.63296	0.10259	1.2282	-0.50744	-0.49629	0.19446	-0.63296	0.27307	-1.2282	-0.19446	0.43779	0.16271	0.11753	-0.13529	0.5242	-0.075319	-0.27307	-0.43779	-0.31337	-0.49192	1.1905	0.0042593	-0.010894
"734"	0.17901	0.49192	0.56327	-0.5242	-0.078043	-0.27307	0.31337	-0.075319	0.10259	-0.77897	-0.50744	-0.16271	-1.2282	-0.43779	1.2282	-2.1018	-0.49192	2.1018	-0.10639	0.13529	-0.56327	0.5242	-0.11753	0.16271	-0.31337	-0.0042593	0.11753	0.27307	0.43779	0.77897	0.49629	0.50744	0.19446	-0.13529	0.010894	-1.1905	0.0042593	-0.10259	-0.17901	-0.010894	0.63296	0.31704	-0.19446	-0.63296	-0.49629	1.1905	0.075319	0.10639	0.078043	-0.31704
"735"	0.10639	-0.77897	-0.078043	0.078043	-0.5242	-1.1905	0.11753	-0.43779	1.1905	0.56327	0.27307	-0.49192	0.49629	-0.10259	0.0042593	-0.27307	-1.2282	-0.31704	0.31337	0.43779	0.31704	0.19446	0.63296	1.2282	-0.50744	0.49192	-0.075319	0.17901	-0.31337	-0.010894	0.075319	0.77897	-0.11753	0.010894	0.5242	0.13529	2.1018	-0.63296	-0.13529	0.16271	-0.49629	-0.16271	-0.19446	-0.17901	0.10259	-0.56327	-0.0042593	0.50744	-0.10639	-2.1018
"736"	0.10639	2.1018	0.31337	0.50744	0.078043	-0.17901	-0.078043	-0.13529	-0.10639	-0.10259	0.49629	-0.31337	0.19446	0.27307	0.77897	0.0042593	-0.77897	1.1905	0.5242	-0.5242	-0.56327	0.63296	-2.1018	-0.11753	-0.075319	0.010894	-1.2282	0.075319	-0.19446	-0.010894	-0.16271	-0.50744	0.11753	-0.31704	0.43779	0.17901	0.31704	-1.1905	-0.43779	0.13529	0.56327	-0.49629	-0.63296	-0.0042593	-0.27307	0.16271	1.2282	0.10259	0.49192	-0.49192
"737"	0.31704	-0.11753	0.10639	0.27307	0.49192	-0.49629	-0.31337	-0.49192	0.078043	0.075319	0.17901	0.010894	0.16271	-0.10639	-0.075319	0.50744	-0.010894	0.31337	-0.0042593	-0.5242	2.1018	-0.16271	0.10259	-0.43779	-0.27307	-0.17901	1.2282	1.1905	0.77897	0.43779	-0.56327	-0.078043	-0.13529	-0.31704	0.0042593	0.13529	-2.1018	-0.19446	-0.50744	-0.77897	-1.2282	0.11753	0.5242	0.19446	0.49629	-1.1905	-0.63296	-0.10259	0.56327	0.63296
"738"	0.10639	-0.11753	-0.63296	2.1018	0.49192	0.13529	-0.17901	0.078043	0.075319	-0.13529	-0.0042593	0.0042593	0.010894	0.11753	-0.075319	0.19446	-0.078043	-0.27307	-1.2282	-0.10259	-0.31337	0.63296	-0.16271	0.17901	0.77897	-0.10639	0.56327	-0.77897	0.50744	0.43779	-1.1905	0.49629	-0.49629	1.2282	-0.43779	-2.1018	-0.31704	-0.56327	-0.19446	0.27307	0.10259	0.16271	-0.5242	1.1905	0.5242	0.31337	-0.49192	0.31704	-0.50744	-0.010894
"739"	1.2282	-0.13529	0.0042593	0.31337	-0.43779	-0.5242	-0.50744	-0.10639	-0.77897	-0.075319	0.5242	1.1905	-0.010894	0.17901	0.50744	0.49192	-0.49192	0.77897	0.075319	-0.27307	-0.17901	0.31704	0.19446	-0.63296	0.43779	-1.1905	0.10639	-0.10259	0.13529	0.56327	0.63296	-1.2282	-2.1018	0.010894	0.49629	-0.19446	2.1018	-0.11753	0.10259	-0.31337	0.11753	0.16271	-0.49629	0.078043	-0.16271	-0.56327	-0.31704	-0.0042593	-0.078043	0.27307
"740"	-0.16271	0.10259	-0.63296	0.56327	-0.49192	1.2282	-1.2282	0.50744	0.078043	-0.10259	0.31337	-0.19446	-0.5242	0.49629	-0.77897	-0.27307	-0.0042593	-0.49629	0.075319	-0.13529	0.5242	-0.56327	-0.11753	1.1905	-0.31704	-0.17901	0.17901	-0.10639	0.13529	0.77897	0.49192	-0.010894	0.010894	2.1018	-0.50744	0.31704	0.0042593	0.16271	0.63296	-0.31337	0.11753	0.19446	0.10639	-0.075319	0.43779	-0.078043	0.27307	-0.43779	-1.1905	-2.1018
"741"	0.49192	-0.16271	0.43779	0.31704	0.010894	0.10259	-0.27307	0.078043	-0.078043	-1.2282	-0.77897	-0.010894	-0.31337	-0.13529	-0.11753	-0.50744	-0.31704	-0.075319	1.2282	0.5242	-0.10639	0.17901	0.50744	-2.1018	-0.49192	0.27307	1.1905	-0.49629	0.19446	0.16271	0.0042593	0.63296	-0.43779	0.10639	-0.5242	-0.19446	-0.63296	0.77897	0.13529	-0.10259	0.11753	2.1018	-0.17901	0.49629	-0.56327	0.56327	0.31337	-0.0042593	-1.1905	0.075319
"742"	-0.31337	-1.2282	0.16271	2.1018	-0.0042593	0.31337	0.17901	-0.078043	-0.31704	0.0042593	-0.43779	0.010894	1.2282	0.10259	-0.075319	0.27307	0.77897	0.11753	-1.1905	-0.19446	0.075319	-0.63296	0.49192	-0.56327	-0.50744	0.5242	-0.77897	-0.49192	-2.1018	0.078043	1.1905	-0.5242	0.43779	0.19446	-0.11753	-0.10639	-0.27307	-0.13529	-0.17901	-0.49629	-0.10259	0.63296	0.56327	-0.16271	0.10639	0.13529	0.49629	-0.010894	0.31704	0.50744
"743"	-0.43779	-0.49192	2.1018	0.10259	-0.56327	-0.50744	0.075319	0.63296	-0.77897	0.0042593	-0.078043	-0.27307	0.27307	-0.17901	0.17901	-0.10259	-0.13529	-1.1905	0.77897	-0.16271	-0.075319	-0.49629	-0.5242	-2.1018	1.1905	0.5242	0.078043	-0.10639	-0.31337	-0.19446	0.13529	-1.2282	1.2282	0.16271	-0.0042593	0.19446	0.31704	0.31337	0.010894	0.49192	-0.31704	0.49629	-0.11753	0.10639	-0.010894	0.43779	0.56327	-0.63296	0.11753	0.50744
"744"	-0.27307	-1.2282	0.77897	-0.43779	-0.010894	-0.49192	-0.63296	0.31704	0.075319	0.49192	0.11753	0.31337	-0.0042593	-0.31704	2.1018	0.010894	0.10639	0.49629	0.10259	0.16271	0.50744	-0.56327	0.19446	-0.16271	-0.13529	-0.49629	-0.19446	0.17901	-0.31337	0.43779	-2.1018	0.5242	-0.075319	-0.10259	0.13529	-0.078043	-1.1905	0.27307	-0.17901	0.56327	-0.10639	-0.11753	0.63296	-0.77897	1.1905	-0.50744	0.0042593	-0.5242	1.2282	0.078043
"745"	-0.50744	0.50744	0.56327	0.19446	0.49629	0.31337	-0.5242	-0.77897	-0.49629	0.078043	-0.10639	-0.31704	-0.56327	-0.075319	-0.27307	0.11753	0.17901	0.5242	0.13529	0.77897	0.10639	-2.1018	-0.43779	0.010894	0.49192	-0.0042593	1.1905	0.0042593	-0.16271	0.075319	-0.19446	-1.2282	0.27307	0.31704	-0.31337	-0.49192	-0.10259	-0.078043	-0.17901	0.16271	-0.13529	0.10259	-1.1905	1.2282	-0.63296	0.63296	-0.11753	-0.010894	0.43779	2.1018
"746"	-2.1018	-0.16271	0.31337	0.19446	-0.0042593	-0.56327	1.1905	0.10639	0.11753	0.49629	1.2282	-0.49192	0.17901	-0.010894	0.5242	-0.5242	-0.10259	0.50744	0.16271	-0.13529	-0.10639	2.1018	-1.2282	0.078043	-0.50744	-0.63296	-0.075319	-0.31337	0.13529	0.0042593	0.77897	-1.1905	0.56327	-0.19446	0.075319	0.49192	-0.11753	-0.17901	-0.078043	-0.31704	0.63296	-0.49629	0.27307	0.10259	-0.27307	0.31704	-0.43779	0.010894	-0.77897	0.43779
"747"	0.0042593	0.11753	0.16271	-0.50744	-0.13529	0.56327	1.2282	-0.31704	0.27307	-0.10259	0.49629	0.50744	-0.49629	-0.77897	-1.2282	0.10259	-0.5242	0.31704	0.49192	-0.17901	0.13529	-0.10639	0.31337	-0.43779	0.77897	0.43779	-1.1905	0.078043	0.63296	-0.19446	0.010894	0.17901	0.10639	-0.0042593	-0.56327	-0.49192	-0.27307	-2.1018	-0.078043	0.19446	0.5242	-0.075319	-0.63296	-0.31337	-0.11753	0.075319	2.1018	-0.010894	-0.16271	1.1905
"748"	0.16271	0.010894	0.31704	-0.31704	0.17901	-0.49629	0.078043	-0.075319	-0.50744	1.1905	0.5242	-0.010894	0.31337	-0.77897	-0.19446	0.11753	-1.2282	-0.11753	-0.10259	0.63296	-0.31337	-0.43779	0.49192	0.10259	0.49629	-0.078043	-0.17901	0.10639	0.075319	0.19446	2.1018	0.43779	-0.13529	0.0042593	-0.49192	0.77897	-0.63296	1.2282	-0.27307	-0.10639	-2.1018	0.56327	-0.56327	-0.5242	0.50744	-0.16271	-1.1905	-0.0042593	0.13529	0.27307
"749"	-0.50744	0.075319	-0.17901	-0.10639	-0.19446	0.17901	0.11753	-0.11753	1.1905	-0.77897	0.10639	0.63296	0.31704	-0.56327	-0.10259	-0.5242	0.31337	0.010894	-0.43779	0.56327	-0.49629	0.13529	0.10259	-1.2282	-0.31337	0.27307	-0.16271	0.49629	-2.1018	0.19446	-0.13529	1.2282	0.16271	-0.49192	-0.010894	0.50744	0.5242	0.77897	0.43779	-0.27307	0.49192	-0.078043	-1.1905	-0.63296	-0.31704	-0.0042593	0.0042593	-0.075319	0.078043	2.1018
"750"	0.10639	1.2282	-0.0042593	-0.63296	0.078043	0.49192	-0.31704	-1.2282	1.1905	-0.010894	0.0042593	-0.31337	-0.56327	-2.1018	0.31337	-0.075319	-0.50744	0.56327	-0.19446	-0.10639	0.77897	0.17901	-0.13529	0.27307	-0.17901	0.63296	0.075319	0.010894	-0.77897	-0.10259	-0.43779	0.43779	-0.16271	0.10259	-0.078043	-0.27307	0.31704	-0.11753	2.1018	-0.49192	0.49629	0.50744	0.5242	0.11753	-0.49629	-1.1905	0.13529	0.16271	0.19446	-0.5242
"751"	-0.13529	0.5242	0.43779	1.1905	1.2282	0.17901	0.16271	-0.17901	0.11753	-0.10259	-0.49629	-0.010894	-0.16271	0.0042593	-1.1905	-0.43779	0.10259	-0.50744	-0.56327	0.13529	2.1018	0.19446	0.77897	0.63296	0.56327	-2.1018	-0.31337	0.31704	-0.078043	0.078043	-0.31704	-0.49192	-0.0042593	0.49192	0.27307	0.075319	0.50744	-0.11753	-0.19446	-0.10639	0.010894	-0.27307	0.10639	-0.075319	0.31337	0.49629	-0.77897	-0.5242	-1.2282	-0.63296
"752"	-0.31704	0.10639	-1.2282	-0.27307	0.49629	0.5242	-0.16271	0.17901	-0.075319	0.16271	-0.010894	-0.63296	-0.078043	-0.0042593	0.50744	0.19446	-0.10259	0.10259	2.1018	-0.11753	-2.1018	-0.56327	0.63296	0.13529	-0.49629	-0.10639	0.0042593	-0.49192	-0.19446	0.31704	0.078043	-0.50744	-0.13529	0.11753	-0.77897	-0.43779	1.2282	0.43779	0.27307	-0.31337	0.49192	0.56327	0.77897	0.31337	0.010894	-0.5242	1.1905	0.075319	-0.17901	-1.1905
"753"	-0.078043	1.2282	0.13529	0.27307	0.50744	0.16271	-0.075319	0.56327	0.075319	0.0042593	-0.010894	-0.0042593	0.17901	-0.13529	-1.1905	-2.1018	0.31337	-0.5242	-0.43779	-0.31704	0.5242	0.77897	-1.2282	-0.19446	0.63296	0.010894	-0.16271	-0.50744	-0.56327	-0.49629	0.49192	-0.31337	-0.27307	-0.77897	-0.10259	0.10259	0.43779	-0.49192	0.49629	2.1018	0.19446	-0.11753	-0.63296	-0.17901	0.11753	-0.10639	0.078043	1.1905	0.10639	0.31704
"754"	0.77897	-2.1018	0.19446	0.078043	-1.1905	-1.2282	-0.5242	0.11753	1.1905	0.010894	0.17901	0.31704	-0.77897	-0.31704	-0.19446	0.075319	0.5242	-0.16271	0.16271	-0.27307	0.13529	-0.31337	-0.50744	0.50744	-0.10259	0.49629	-0.49192	-0.49629	0.10259	-0.13529	0.56327	-0.078043	0.43779	-0.010894	-0.11753	-0.63296	1.2282	0.31337	0.10639	-0.17901	-0.075319	2.1018	-0.10639	0.27307	-0.56327	0.0042593	-0.43779	0.63296	0.49192	-0.0042593
"755"	-0.50744	0.31337	-0.19446	-0.31337	0.078043	-0.075319	0.010894	0.19446	0.49629	-0.5242	0.13529	0.11753	-0.10259	0.27307	-0.31704	-0.010894	-0.77897	-0.16271	-0.49629	-1.2282	-1.1905	0.63296	2.1018	-0.11753	-0.10639	0.10639	1.1905	0.0042593	-0.13529	0.77897	0.5242	-0.078043	-0.56327	1.2282	0.50744	0.16271	-0.0042593	0.075319	0.10259	-0.27307	-0.49192	0.49192	-0.63296	-2.1018	0.43779	-0.43779	0.56327	0.17901	0.31704	-0.17901
"756"	-0.77897	0.77897	-0.16271	0.63296	-0.11753	0.075319	-0.010894	0.0042593	-1.1905	-0.63296	0.10639	-0.17901	-0.078043	0.010894	2.1018	0.10259	-0.31337	-0.0042593	0.27307	-0.19446	-0.31704	-0.49192	0.31704	0.49192	0.50744	0.17901	1.1905	0.56327	0.16271	0.078043	-1.2282	-0.27307	-0.10259	-0.10639	-0.49629	0.43779	0.5242	0.13529	-0.56327	0.19446	-0.13529	-0.075319	0.31337	-0.43779	-2.1018	1.2282	0.49629	-0.50744	-0.5242	0.11753
"757"	0.50744	-2.1018	0.17901	0.13529	-0.63296	0.078043	0.31337	0.27307	0.11753	0.49192	0.56327	0.16271	1.2282	-0.43779	-0.010894	-0.13529	0.10639	0.77897	-0.31337	-0.77897	0.010894	0.5242	-1.2282	0.63296	2.1018	0.31704	-0.17901	-1.1905	-0.5242	0.19446	-0.50744	0.10259	0.49629	0.0042593	1.1905	-0.11753	-0.49192	-0.31704	-0.27307	-0.19446	-0.10259	0.43779	-0.10639	-0.0042593	-0.56327	-0.16271	0.075319	-0.078043	-0.49629	-0.075319
"758"	0.56327	0.075319	-1.2282	0.010894	0.19446	1.1905	0.31704	0.078043	0.49629	0.49192	0.10639	0.13529	-0.31704	-0.10639	0.27307	0.5242	0.17901	-0.49192	-0.11753	-0.0042593	-0.50744	-0.43779	-0.078043	0.16271	-0.075319	-0.63296	1.2282	0.0042593	0.43779	2.1018	-1.1905	0.11753	0.77897	-0.17901	0.63296	-0.49629	-0.31337	-0.77897	-0.19446	-0.10259	0.10259	0.31337	-0.56327	-0.13529	-0.16271	-0.010894	-0.27307	-0.5242	-2.1018	0.50744
"759"	0.5242	-0.27307	-0.10259	-0.17901	1.1905	0.010894	2.1018	0.50744	-0.078043	0.49629	-1.1905	0.075319	0.16271	-0.49629	0.77897	-0.56327	-0.49192	0.13529	-0.19446	-2.1018	-0.31704	0.17901	0.31337	0.19446	-0.16271	0.078043	0.0042593	1.2282	-0.43779	-0.010894	-0.5242	-0.77897	0.43779	-0.50744	0.56327	-0.31337	-0.11753	0.49192	-0.0042593	0.27307	-0.10639	-1.2282	-0.63296	-0.075319	0.31704	0.10639	0.11753	0.10259	0.63296	-0.13529
"760"	-1.1905	-0.010894	0.10259	-0.27307	0.16271	0.77897	0.56327	1.2282	0.0042593	0.13529	-0.16271	-0.56327	0.5242	-0.17901	-0.31704	0.63296	0.10639	-0.49629	0.17901	0.27307	-0.10259	-0.63296	-0.11753	-0.50744	0.19446	-0.078043	-0.0042593	-0.19446	0.11753	-0.075319	-0.31337	-0.10639	0.49192	-0.77897	-2.1018	-0.43779	2.1018	-0.5242	0.010894	0.43779	0.50744	-0.49192	0.078043	0.075319	-0.13529	-1.2282	0.31704	0.31337	0.49629	1.1905
"761"	0.77897	-1.1905	-0.5242	0.11753	1.2282	-2.1018	0.5242	-0.19446	-0.16271	-0.10259	0.49192	0.50744	-0.63296	0.43779	0.27307	2.1018	0.010894	0.0042593	0.10639	-0.075319	0.13529	0.49629	0.31704	0.19446	-0.31337	0.63296	1.1905	-0.010894	-0.11753	-0.50744	0.16271	0.078043	-0.56327	-0.77897	-0.49629	0.075319	0.56327	0.10259	0.31337	0.17901	-0.49192	-1.2282	-0.078043	-0.43779	-0.27307	-0.17901	-0.31704	-0.13529	-0.10639	-0.0042593
"762"	-0.10259	-0.56327	1.2282	-0.31337	0.11753	-0.43779	0.10639	-1.1905	0.075319	0.10259	-2.1018	0.16271	-0.49629	-0.17901	-0.49192	-1.2282	-0.63296	0.13529	-0.13529	0.0042593	-0.10639	1.1905	-0.078043	2.1018	0.5242	0.31337	0.49192	0.31704	0.56327	0.17901	-0.010894	0.010894	0.19446	0.078043	-0.50744	0.50744	-0.19446	-0.27307	-0.0042593	0.27307	-0.31704	0.49629	-0.16271	-0.77897	0.77897	-0.075319	-0.5242	-0.11753	0.63296	0.43779
"763"	0.10259	-1.2282	2.1018	0.0042593	-0.77897	-0.31704	-0.075319	-0.56327	0.49629	0.11753	-0.078043	0.31704	0.43779	0.5242	1.2282	0.56327	0.10639	-0.50744	0.63296	0.17901	-2.1018	-0.11753	0.078043	-0.27307	0.010894	0.31337	-0.010894	-0.49192	1.1905	-1.1905	-0.10639	-0.10259	-0.19446	0.49192	-0.16271	-0.5242	0.50744	-0.31337	-0.43779	0.27307	0.77897	0.075319	0.19446	-0.63296	-0.13529	-0.49629	-0.0042593	-0.17901	0.16271	0.13529
"764"	-0.0042593	-0.16271	-0.50744	-0.010894	-2.1018	-0.56327	-0.10259	-1.2282	0.078043	0.11753	0.50744	0.49629	-0.49192	0.13529	0.17901	0.16271	-0.5242	0.56327	-0.49629	0.010894	-0.77897	-0.19446	0.49192	-0.075319	0.63296	2.1018	1.2282	0.0042593	0.77897	0.10639	-0.31337	0.19446	-0.078043	0.075319	0.43779	-0.13529	-0.27307	-0.17901	-0.43779	0.5242	0.31337	-0.11753	0.31704	1.1905	-1.1905	-0.10639	0.10259	-0.31704	-0.63296	0.27307
"765"	-0.63296	-0.13529	0.49192	0.31704	-0.11753	0.43779	-1.1905	1.2282	-0.27307	0.078043	0.075319	-0.075319	0.10639	-0.50744	-0.10259	0.31337	0.56327	0.010894	-0.31704	0.11753	-0.16271	-0.43779	-0.19446	0.16271	0.77897	0.17901	0.10259	0.27307	-2.1018	-0.0042593	-0.17901	-0.31337	-0.078043	-0.49629	0.19446	0.49629	-0.5242	-0.49192	0.0042593	1.1905	-0.77897	0.13529	0.5242	0.63296	-0.56327	-0.010894	-1.2282	2.1018	-0.10639	0.50744
"766"	-1.2282	-0.77897	0.5242	2.1018	0.16271	-0.5242	-1.1905	0.77897	0.43779	0.010894	-0.56327	1.2282	0.10639	-0.31704	-0.49629	-0.10639	0.50744	-0.010894	-0.10259	0.63296	0.10259	-2.1018	0.078043	0.49192	0.13529	0.17901	0.56327	-0.16271	0.19446	0.31704	-0.0042593	-0.11753	-0.49192	0.27307	-0.50744	-0.078043	-0.27307	-0.17901	1.1905	0.075319	-0.63296	0.0042593	-0.075319	-0.31337	0.49629	-0.19446	0.11753	0.31337	-0.43779	-0.13529
"767"	0.31704	0.5242	-0.31704	-0.078043	0.13529	-1.2282	-0.43779	0.49192	0.10639	0.43779	-0.19446	-2.1018	-0.50744	-0.77897	-0.11753	0.078043	-1.1905	-0.5242	0.11753	1.1905	-0.63296	-0.49629	0.19446	2.1018	0.075319	-0.49192	-0.27307	0.17901	0.50744	0.63296	-0.075319	-0.13529	-0.31337	-0.0042593	1.2282	0.49629	-0.10639	-0.10259	0.10259	0.0042593	0.77897	0.16271	0.56327	-0.010894	0.010894	-0.17901	-0.16271	-0.56327	0.31337	0.27307
"768"	0.49629	1.2282	0.11753	-0.13529	-0.50744	0.63296	-0.5242	-1.1905	-0.31337	-0.078043	-0.10259	-0.010894	-0.49629	-0.075319	-0.11753	-0.43779	0.10259	0.31704	0.17901	0.77897	-0.63296	0.13529	-0.27307	0.27307	-0.19446	-0.49192	0.078043	-0.77897	-0.10639	0.075319	1.1905	0.5242	-0.16271	0.50744	0.010894	0.16271	-1.2282	-0.31704	-2.1018	0.19446	0.10639	-0.0042593	0.49192	0.56327	0.0042593	-0.17901	-0.56327	2.1018	0.31337	0.43779
"769"	-0.77897	2.1018	-0.17901	0.075319	0.13529	0.17901	-0.11753	0.078043	-1.2282	-0.075319	0.27307	0.63296	-0.27307	0.77897	0.43779	0.56327	-0.16271	-0.49192	0.010894	0.50744	-2.1018	0.19446	-0.43779	0.11753	-0.50744	0.5242	-0.5242	-0.19446	-0.010894	-0.56327	0.16271	0.31704	0.10259	-0.10259	-0.31704	0.0042593	-0.0042593	-0.31337	-0.49629	-1.1905	-0.078043	-0.10639	0.49629	1.2282	1.1905	-0.13529	0.49192	0.31337	0.10639	-0.63296
"770"	-0.31337	0.10639	0.17901	0.16271	0.19446	0.0042593	-0.43779	0.49192	0.10259	1.2282	-1.2282	-0.16271	-0.31704	0.49629	0.27307	-0.17901	-0.63296	-0.075319	0.31337	-0.5242	0.63296	0.13529	-0.10639	-0.19446	0.50744	0.078043	-0.010894	-0.56327	-0.50744	-0.27307	-0.0042593	-0.49629	0.77897	-0.11753	-0.77897	-0.49192	-0.13529	0.11753	0.43779	-1.1905	-0.10259	1.1905	0.31704	0.5242	0.075319	-2.1018	0.010894	0.56327	2.1018	-0.078043
"771"	0.63296	0.27307	-0.010894	-1.1905	-0.17901	0.50744	-1.2282	0.49192	2.1018	0.16271	0.19446	0.49629	0.17901	1.2282	1.1905	0.43779	0.13529	-0.31337	-0.5242	0.075319	-0.19446	0.31337	0.31704	0.11753	-0.10259	0.10639	0.0042593	0.078043	0.77897	-0.10639	-0.11753	-0.49192	-0.0042593	0.5242	-0.56327	-0.078043	-0.16271	-0.075319	0.56327	0.010894	-0.27307	-0.43779	-0.77897	0.10259	-2.1018	-0.49629	-0.31704	-0.63296	-0.50744	-0.13529
"772"	0.27307	-0.11753	0.16271	-0.010894	-0.49629	0.5242	-0.16271	0.11753	-0.63296	0.63296	-0.10639	0.10259	0.49192	0.50744	0.43779	0.0042593	0.078043	-0.31337	-0.77897	-0.56327	0.49629	-0.43779	-0.078043	0.19446	0.010894	-0.10259	-0.17901	2.1018	-0.49192	0.31704	-0.27307	-0.5242	0.075319	-0.50744	-0.31704	-2.1018	0.17901	1.2282	-0.13529	-0.19446	1.1905	-0.075319	0.56327	0.77897	-1.1905	-1.2282	0.10639	0.31337	0.13529	-0.0042593
"773"	1.1905	-0.63296	-0.56327	0.77897	-1.2282	0.56327	0.075319	0.49629	-0.43779	-0.10259	-0.27307	-0.49192	-0.11753	-0.10639	0.10639	0.11753	-0.31337	0.13529	-0.13529	0.43779	1.2282	0.63296	-0.078043	-0.5242	-0.16271	-2.1018	0.10259	0.31337	-0.0042593	0.19446	0.0042593	-0.50744	-0.77897	0.078043	0.17901	-0.31704	0.5242	0.010894	0.27307	-0.19446	2.1018	0.16271	-1.1905	0.50744	0.31704	-0.010894	-0.49629	0.49192	-0.075319	-0.17901
"774"	0.17901	0.56327	-0.078043	-0.31337	1.1905	-0.0042593	-0.77897	0.10259	1.2282	-0.10639	-0.43779	-0.50744	-0.19446	0.16271	-0.075319	0.078043	-0.010894	0.63296	-0.63296	0.10639	-0.16271	0.0042593	-0.49629	-1.1905	0.5242	2.1018	0.13529	0.11753	0.010894	-0.13529	-0.11753	-0.49192	-0.31704	-1.2282	0.27307	0.075319	0.19446	0.77897	0.31704	-0.5242	-2.1018	0.31337	-0.10259	0.43779	-0.56327	0.50744	0.49192	0.49629	-0.27307	-0.17901
"775"	0.5242	1.1905	-0.56327	-0.078043	0.13529	0.078043	0.16271	0.27307	-1.2282	-0.11753	-0.010894	-0.31704	0.11753	-0.63296	-0.27307	-0.50744	2.1018	0.075319	0.49192	-0.10259	0.10259	-0.31337	-0.49629	-2.1018	-1.1905	0.63296	-0.0042593	-0.13529	0.19446	-0.77897	0.77897	0.010894	0.31704	-0.075319	0.43779	0.10639	0.17901	-0.16271	-0.5242	0.56327	0.31337	-0.17901	0.0042593	1.2282	0.50744	-0.19446	-0.10639	-0.49192	-0.43779	0.49629
"776"	-0.27307	-0.31704	-0.5242	-0.43779	-0.49192	-0.10639	-0.078043	0.56327	0.11753	0.49629	-0.10259	0.27307	-0.56327	0.19446	-0.49629	0.31337	0.0042593	1.1905	-2.1018	-0.11753	-0.31337	1.2282	-1.2282	0.31704	0.16271	0.49192	-0.19446	-0.13529	0.10639	-0.0042593	0.50744	-0.77897	0.17901	-1.1905	-0.17901	-0.010894	0.63296	0.010894	0.77897	0.10259	2.1018	-0.50744	0.078043	0.075319	0.43779	-0.075319	-0.16271	-0.63296	0.5242	0.13529
"777"	0.10259	-0.10639	0.010894	0.13529	-0.16271	-0.10259	-0.075319	-0.13529	1.2282	-0.43779	0.49629	-0.19446	-0.77897	0.31704	0.17901	-0.49192	1.1905	-0.50744	0.63296	-2.1018	0.56327	0.5242	0.43779	-0.49629	0.0042593	-0.010894	-0.11753	0.77897	-0.078043	-1.1905	-0.5242	0.50744	0.11753	-0.56327	0.16271	0.078043	0.49192	-0.17901	0.27307	-0.31704	2.1018	-0.27307	-0.0042593	-0.63296	0.075319	0.10639	0.19446	-1.2282	0.31337	-0.31337
"778"	-0.31337	0.49629	-0.49192	1.1905	-1.2282	0.078043	-0.27307	-0.77897	-0.56327	1.2282	-0.0042593	-0.010894	-0.49629	-1.1905	-0.63296	0.77897	0.63296	0.010894	0.49192	-0.10259	0.56327	0.31704	0.31337	0.27307	-0.43779	0.0042593	0.11753	0.17901	0.5242	0.50744	-0.31704	0.10259	0.075319	-0.11753	-0.10639	0.19446	-0.13529	-0.075319	0.10639	0.16271	-0.078043	2.1018	-2.1018	-0.16271	-0.19446	-0.5242	0.13529	-0.50744	-0.17901	0.43779
"779"	0.50744	0.31704	-0.10639	-0.075319	0.77897	0.11753	2.1018	0.010894	-0.010894	-0.5242	-0.0042593	0.0042593	-0.11753	-0.078043	0.10259	-0.10259	0.5242	0.19446	-0.56327	-0.31704	0.56327	-0.27307	0.17901	-0.19446	-0.50744	1.2282	0.078043	-0.49629	1.1905	-2.1018	-0.17901	0.10639	-0.13529	0.075319	0.16271	-0.31337	0.43779	0.49629	0.13529	-0.16271	-1.2282	0.27307	-0.43779	0.31337	-0.63296	-1.1905	-0.49192	0.49192	0.63296	-0.77897
"780"	2.1018	-0.10639	-0.078043	0.27307	0.075319	-1.2282	0.43779	-0.50744	0.10259	1.1905	-0.010894	0.49192	0.56327	0.13529	0.16271	-0.49192	0.49629	-0.16271	0.50744	0.19446	-0.31704	0.078043	-0.11753	-0.10259	-0.27307	-0.17901	0.17901	-0.5242	-0.43779	-0.63296	0.5242	-2.1018	-0.77897	0.77897	-1.1905	-0.56327	-0.19446	0.10639	0.31704	0.63296	1.2282	-0.13529	-0.0042593	-0.49629	0.010894	-0.075319	-0.31337	0.31337	0.11753	0.0042593
"781"	-0.10259	-1.2282	0.27307	-0.27307	0.19446	0.50744	0.31704	-0.77897	-0.13529	0.31337	-0.010894	0.43779	-0.49629	-0.31704	0.0042593	-0.11753	-0.49192	-0.17901	0.77897	2.1018	-2.1018	0.010894	-0.31337	0.63296	-0.56327	0.11753	0.17901	1.2282	-0.16271	0.13529	-0.5242	0.10639	0.16271	0.5242	-0.078043	-0.43779	0.10259	-1.1905	1.1905	-0.63296	-0.0042593	0.075319	-0.19446	-0.10639	-0.50744	0.56327	0.49629	0.49192	-0.075319	0.078043
"782"	0.10259	-0.49629	-0.31337	-0.77897	-0.5242	-1.1905	0.17901	0.31704	1.1905	-0.63296	0.010894	-0.17901	0.77897	-0.075319	0.13529	-0.50744	0.50744	-0.11753	-0.43779	0.11753	0.5242	0.31337	-0.49192	-0.13529	0.075319	-2.1018	-0.010894	-0.078043	-0.19446	0.19446	2.1018	0.0042593	0.43779	0.27307	0.10639	0.49629	0.078043	-0.16271	-0.10259	0.16271	0.63296	-0.56327	-0.31704	-0.10639	0.56327	1.2282	0.49192	-0.0042593	-1.2282	-0.27307
"783"	-2.1018	0.27307	0.63296	0.43779	0.13529	0.075319	-0.50744	-0.16271	0.078043	0.50744	-0.43779	0.49629	-1.2282	0.56327	2.1018	-1.1905	-0.56327	-0.5242	-0.63296	0.19446	0.31704	0.0042593	-0.49192	-0.17901	0.010894	0.77897	0.10639	-0.13529	-0.77897	0.11753	-0.075319	-0.31704	-0.10639	-0.27307	-0.31337	0.16271	1.1905	0.5242	0.17901	-0.0042593	0.31337	1.2282	-0.078043	-0.010894	-0.49629	-0.10259	0.10259	0.49192	-0.19446	-0.11753
"784"	0.77897	-0.0042593	0.16271	-0.13529	2.1018	-0.5242	-0.63296	0.49629	-0.27307	-1.1905	0.5242	0.49192	0.078043	0.10639	-0.075319	0.010894	-0.77897	0.31704	0.31337	-0.43779	1.2282	0.43779	-0.078043	-0.49192	0.13529	-0.50744	0.27307	0.0042593	-0.49629	0.17901	0.11753	-0.11753	0.56327	-0.19446	-0.56327	-0.10259	0.075319	0.10259	-0.010894	0.50744	-0.17901	1.1905	-0.10639	0.19446	-0.31704	-1.2282	-0.16271	-2.1018	-0.31337	0.63296
"785"	1.2282	0.075319	0.10639	0.10259	-0.075319	-0.63296	0.17901	0.19446	-1.1905	1.1905	-0.43779	-0.17901	-0.11753	-0.50744	0.16271	-0.010894	0.13529	-2.1018	0.0042593	-0.10639	0.77897	-0.10259	0.31704	-0.0042593	-0.13529	0.49629	0.56327	0.43779	-0.49192	-0.31704	2.1018	0.11753	0.49192	0.010894	0.31337	-0.078043	0.50744	0.078043	0.27307	0.5242	-1.2282	-0.19446	-0.27307	-0.16271	-0.5242	-0.31337	-0.56327	-0.49629	-0.77897	0.63296
"786"	0.16271	-0.17901	-1.2282	0.10259	-0.50744	0.5242	-0.16271	-0.5242	-2.1018	0.31337	0.49192	0.63296	0.17901	0.43779	0.078043	-0.10259	-0.49629	0.77897	0.31704	-0.13529	-0.56327	-0.63296	-0.11753	-0.075319	-0.31337	-0.43779	-0.10639	-0.010894	0.49629	2.1018	-0.77897	0.10639	0.56327	0.010894	0.27307	0.0042593	-0.19446	1.2282	-0.27307	-0.49192	-0.0042593	0.13529	1.1905	0.19446	0.075319	-0.078043	0.50744	0.11753	-1.1905	-0.31704
"787"	-0.16271	-0.075319	-0.49192	0.43779	0.19446	0.50744	-0.49629	0.10259	0.075319	-1.1905	1.1905	-0.31704	0.11753	-0.17901	0.078043	0.10639	-2.1018	0.49629	0.27307	-0.77897	0.31337	0.77897	0.13529	-0.0042593	-0.13529	0.0042593	-0.010894	-0.50744	0.49192	0.5242	-0.5242	2.1018	0.63296	-1.2282	-0.43779	0.010894	-0.10639	-0.63296	-0.19446	0.31704	-0.56327	-0.10259	0.56327	-0.11753	0.17901	0.16271	1.2282	-0.31337	-0.27307	-0.078043
"788"	-0.0042593	0.50744	-0.10639	0.075319	0.17901	0.13529	0.43779	-1.1905	-0.19446	-0.63296	-0.075319	0.49629	-0.010894	-2.1018	0.10259	-0.50744	-0.16271	1.2282	-0.11753	0.16271	0.63296	1.1905	0.5242	0.31337	-1.2282	0.0042593	-0.13529	0.77897	0.56327	-0.77897	-0.31704	0.010894	-0.078043	-0.49629	-0.31337	-0.43779	0.49192	0.10639	0.11753	-0.27307	-0.17901	-0.56327	-0.5242	0.19446	-0.10259	0.31704	0.078043	2.1018	0.27307	-0.49192
"789"	-0.075319	0.63296	-0.078043	-0.0042593	0.27307	-0.49192	0.50744	0.0042593	0.10639	-0.10259	-0.5242	-0.13529	0.13529	1.2282	0.49192	0.31704	0.16271	0.075319	-0.63296	-0.10639	-1.2282	0.17901	0.31337	-0.31337	-0.31704	0.078043	0.77897	0.19446	-0.19446	-1.1905	0.49629	-0.56327	1.1905	-0.27307	2.1018	-2.1018	-0.77897	0.56327	0.10259	-0.49629	-0.16271	0.010894	-0.11753	-0.50744	-0.17901	0.11753	0.5242	-0.010894	0.43779	-0.43779
"790"	0.078043	0.31704	0.0042593	-1.1905	0.010894	1.1905	0.13529	0.5242	0.43779	-0.10639	-2.1018	-0.19446	0.19446	0.10259	-0.27307	0.77897	-0.0042593	2.1018	-0.13529	0.56327	0.17901	0.50744	1.2282	-0.078043	0.49629	0.11753	-0.43779	0.31337	-0.17901	-0.16271	0.075319	-0.56327	-0.075319	0.27307	-0.50744	0.10639	-0.77897	-0.31704	-0.10259	-0.010894	-0.63296	-0.49192	-0.31337	-0.5242	0.49192	0.16271	-1.2282	-0.49629	-0.11753	0.63296
"791"	-0.43779	-0.075319	0.10259	0.77897	0.27307	-0.078043	0.49192	-1.2282	-0.19446	-0.77897	-1.1905	-0.49629	-0.49192	0.49629	-0.5242	0.19446	2.1018	0.078043	0.010894	-0.56327	0.17901	1.1905	0.43779	-0.10259	0.50744	0.63296	0.13529	0.56327	0.0042593	-0.13529	-0.0042593	0.075319	-0.17901	-0.31337	-0.10639	1.2282	-0.31704	-0.50744	0.10639	0.31704	-0.11753	-2.1018	-0.63296	0.16271	-0.27307	-0.010894	0.5242	0.11753	0.31337	-0.16271
"792"	0.10259	0.078043	-0.77897	0.31337	-0.17901	-0.11753	0.11753	0.50744	-0.10639	-2.1018	0.77897	0.49192	-0.078043	-0.56327	0.0042593	1.2282	0.31704	0.075319	0.5242	-0.13529	0.63296	0.27307	-0.63296	0.010894	-0.50744	0.10639	2.1018	0.56327	-0.010894	-0.19446	-0.16271	-1.2282	-0.31337	-1.1905	0.43779	-0.49192	0.16271	-0.27307	-0.31704	-0.075319	-0.10259	0.13529	0.19446	1.1905	0.49629	0.17901	-0.0042593	-0.5242	-0.43779	-0.49629
"793"	0.31704	-0.5242	0.0042593	1.1905	0.49629	-0.77897	-0.49192	0.31337	0.10259	0.63296	-0.19446	-0.075319	-0.17901	-0.078043	-0.10259	-0.13529	-0.31337	0.56327	2.1018	-1.2282	0.13529	-0.43779	-0.50744	0.010894	0.16271	-0.10639	1.2282	0.19446	0.43779	-0.11753	-0.0042593	-0.27307	-1.1905	-0.56327	0.078043	0.50744	-0.16271	-0.31704	0.77897	0.075319	0.5242	0.10639	0.27307	-0.63296	-2.1018	0.49192	-0.010894	0.17901	0.11753	-0.49629
"794"	0.0042593	0.56327	-0.56327	-0.0042593	0.31337	-0.5242	-0.075319	-1.2282	-0.10639	0.19446	0.078043	1.2282	0.50744	0.5242	0.075319	-0.27307	0.49629	0.11753	-0.11753	-0.49629	-0.16271	0.10639	0.77897	-0.31337	0.63296	0.17901	-0.19446	0.27307	-0.10259	0.010894	-0.010894	-2.1018	-0.63296	-0.43779	2.1018	-0.50744	-0.31704	0.16271	-0.49192	0.43779	0.13529	0.49192	0.10259	-1.1905	-0.13529	-0.17901	-0.078043	1.1905	-0.77897	0.31704
"795"	-0.10259	0.63296	-0.56327	-0.31337	-0.17901	2.1018	-0.43779	-2.1018	0.56327	-0.49629	0.49629	0.27307	-0.27307	-0.63296	0.078043	1.1905	-0.075319	0.31337	-0.0042593	-1.1905	0.11753	-0.13529	0.10639	-0.77897	-0.49192	0.17901	0.13529	-0.50744	0.5242	0.43779	0.31704	0.10259	0.075319	0.16271	-0.11753	-0.10639	-0.078043	0.0042593	-1.2282	0.77897	-0.010894	1.2282	-0.16271	0.49192	0.010894	-0.19446	0.50744	-0.5242	0.19446	-0.31704
"796"	0.19446	0.63296	0.50744	-0.11753	-2.1018	0.49192	-0.56327	0.43779	0.078043	0.31337	-0.77897	0.10259	0.16271	-0.078043	0.56327	-0.31704	-0.27307	2.1018	0.31704	1.1905	0.10639	0.77897	1.2282	-0.13529	0.27307	-0.49629	-0.63296	0.5242	-0.075319	-0.16271	-0.43779	-0.0042593	-1.2282	0.49629	0.075319	-0.17901	-0.49192	-0.10259	-0.50744	0.13529	0.010894	-0.31337	-0.10639	-1.1905	0.11753	0.17901	-0.5242	-0.19446	0.0042593	-0.010894
"797"	0.010894	0.63296	-0.17901	-0.31704	-0.19446	0.10639	0.13529	-0.63296	0.0042593	0.50744	0.11753	-0.31337	0.10259	0.16271	0.77897	-0.77897	-0.10639	0.5242	-0.50744	-0.27307	-2.1018	0.17901	0.56327	0.49629	0.078043	0.19446	-1.2282	-0.11753	-0.43779	0.31704	-0.49629	1.2282	1.1905	0.075319	0.27307	-0.49192	-0.5242	-0.56327	-0.10259	-0.0042593	0.49192	2.1018	0.43779	-0.010894	-0.075319	-1.1905	0.31337	-0.13529	-0.16271	-0.078043
"798"	-0.078043	-0.17901	0.5242	-0.16271	0.19446	0.17901	-0.49629	2.1018	0.10639	0.16271	-0.50744	-0.77897	-0.19446	-0.49192	0.31337	-0.31704	-0.11753	-0.31337	0.010894	-1.2282	0.078043	0.49192	0.31704	0.56327	0.10259	0.27307	0.77897	-0.10259	-0.10639	1.2282	-0.43779	0.0042593	-0.27307	0.50744	-0.075319	0.49629	0.63296	-0.63296	1.1905	-0.5242	-0.0042593	-0.56327	0.075319	0.13529	0.11753	-1.1905	0.43779	-2.1018	-0.010894	-0.13529
"799"	-0.078043	-0.56327	-0.77897	0.075319	-0.075319	0.56327	0.49629	0.010894	-2.1018	-1.1905	-0.49629	-0.43779	-0.50744	-0.49192	-0.31337	-0.16271	0.16271	0.31337	0.10639	0.27307	0.078043	-0.11753	0.13529	0.63296	0.5242	-1.2282	-0.27307	-0.010894	-0.17901	0.10259	0.77897	1.2282	0.50744	-0.13529	0.11753	0.19446	0.49192	-0.10639	0.0042593	-0.5242	-0.31704	2.1018	1.1905	-0.63296	0.31704	0.17901	-0.19446	0.43779	-0.0042593	-0.10259
"800"	0.77897	0.49192	0.5242	-0.10259	-1.2282	-0.31337	-0.49192	0.63296	0.50744	0.31704	-1.1905	-0.63296	0.11753	-0.27307	-0.17901	-0.50744	-0.19446	-0.10639	-0.16271	-0.11753	-0.77897	-0.5242	0.17901	-0.49629	1.2282	0.13529	1.1905	0.010894	0.10639	-0.56327	0.27307	2.1018	-0.43779	0.49629	0.10259	-0.0042593	0.075319	-0.31704	-0.010894	0.31337	-0.13529	-0.078043	0.16271	0.19446	-0.075319	0.56327	0.0042593	-2.1018	0.43779	0.078043
"801"	-0.5242	0.43779	2.1018	1.1905	-0.11753	-0.77897	-0.50744	-0.075319	-0.43779	0.31704	-0.010894	-0.10639	-1.1905	-0.56327	-0.49629	0.010894	0.56327	-0.17901	-0.13529	0.49192	0.075319	-0.27307	-2.1018	0.10639	0.49629	0.17901	0.31337	-0.16271	-0.63296	0.13529	0.50744	1.2282	-0.31337	0.16271	0.63296	0.27307	-0.0042593	0.0042593	-0.19446	0.10259	0.77897	0.5242	-1.2282	-0.31704	-0.078043	-0.49192	0.078043	0.19446	0.11753	-0.10259
"802"	-0.10259	-0.0042593	0.49629	0.17901	-0.5242	0.16271	-0.50744	-0.010894	0.10259	-0.19446	0.075319	-0.49629	0.010894	0.31337	-1.2282	0.49192	-2.1018	0.13529	-0.10639	0.43779	-0.77897	-0.49192	-0.43779	-0.31704	-0.075319	0.10639	0.63296	0.77897	1.1905	-0.27307	-0.16271	-0.11753	-1.1905	0.31704	-0.078043	0.11753	2.1018	0.19446	-0.31337	-0.56327	0.078043	-0.17901	-0.63296	0.27307	-0.13529	1.2282	0.50744	0.0042593	0.5242	0.56327
"803"	0.10259	-0.77897	-0.5242	-0.43779	-0.010894	-0.19446	1.1905	0.13529	0.5242	-0.50744	0.16271	0.31704	0.31337	0.50744	0.56327	0.10639	-0.49629	-0.49192	0.17901	0.49629	-0.10259	-0.31704	-0.13529	-0.11753	-0.27307	-0.10639	0.0042593	0.77897	0.078043	-0.56327	1.2282	0.075319	-2.1018	0.19446	-0.31337	-0.0042593	-1.1905	-0.17901	0.27307	-0.078043	-0.63296	0.11753	0.43779	0.63296	-0.075319	2.1018	0.010894	0.49192	-0.16271	-1.2282
"804"	-0.56327	-1.2282	0.31704	0.77897	0.11753	0.13529	1.1905	-0.5242	0.010894	0.50744	-0.078043	-2.1018	-0.0042593	-0.27307	-0.19446	-0.77897	-0.10259	-0.31337	-0.49629	-0.31704	0.19446	-0.010894	0.63296	-0.11753	0.10259	1.2282	0.16271	0.075319	0.49629	-0.16271	0.0042593	-1.1905	0.31337	-0.17901	-0.075319	-0.50744	-0.13529	0.10639	0.56327	0.43779	0.078043	-0.63296	0.17901	0.27307	2.1018	-0.43779	0.49192	-0.49192	0.5242	-0.10639
"805"	-0.13529	0.31704	0.16271	-0.50744	-0.10639	0.11753	0.27307	0.50744	0.77897	0.075319	-0.27307	-0.63296	-0.16271	0.49629	-0.43779	-0.0042593	1.2282	0.43779	0.19446	-0.49629	0.0042593	-0.11753	1.1905	-0.17901	-0.31704	0.49192	0.56327	-2.1018	-0.5242	-1.2282	-0.19446	-0.078043	-0.010894	-1.1905	-0.77897	-0.31337	2.1018	0.17901	0.010894	0.5242	0.10259	0.31337	0.63296	0.10639	-0.56327	-0.49192	0.078043	0.13529	-0.10259	-0.075319
"806"	0.43779	0.17901	-0.31337	2.1018	0.078043	0.50744	-0.075319	-0.5242	-0.77897	-0.63296	1.1905	-0.56327	0.31337	0.49192	0.0042593	-0.27307	0.49629	0.010894	-0.0042593	0.16271	0.5242	0.77897	-2.1018	-0.11753	0.56327	-0.50744	0.63296	-0.49629	-1.2282	1.2282	-0.19446	-0.13529	0.31704	0.27307	-1.1905	0.13529	0.19446	-0.10639	-0.43779	-0.16271	-0.17901	0.10639	-0.10259	0.10259	-0.010894	0.11753	-0.078043	-0.31704	0.075319	-0.49192
"807"	-0.77897	0.0042593	-0.010894	-0.5242	0.43779	0.010894	-1.2282	-0.17901	0.27307	1.1905	1.2282	2.1018	-0.11753	0.075319	0.13529	-0.10639	-0.31337	0.078043	-0.50744	0.17901	0.11753	0.49192	0.63296	-0.19446	-0.56327	-0.13529	0.31337	0.49629	-0.63296	-0.10259	0.19446	-0.078043	-0.0042593	-2.1018	0.56327	0.16271	0.5242	-1.1905	-0.49192	-0.49629	0.10259	-0.075319	0.31704	0.50744	-0.16271	-0.31704	0.10639	-0.27307	-0.43779	0.77897
"808"	0.56327	0.16271	0.13529	-0.49629	-1.2282	0.27307	-0.010894	0.31704	0.17901	-0.10259	0.63296	-0.63296	0.19446	0.5242	-0.27307	-0.43779	-2.1018	1.1905	1.2282	0.0042593	-1.1905	-0.11753	-0.50744	0.31337	0.77897	0.075319	0.078043	-0.16271	0.10259	0.11753	0.50744	-0.31337	-0.56327	-0.13529	0.43779	-0.078043	-0.10639	-0.17901	0.49192	-0.5242	-0.075319	-0.19446	-0.31704	0.49629	0.010894	0.10639	-0.77897	-0.49192	-0.0042593	2.1018
"809"	0.50744	-0.50744	-0.56327	0.27307	-1.2282	0.43779	-0.49629	0.10259	0.11753	-1.1905	-0.16271	-0.11753	-0.075319	-0.078043	0.77897	0.16271	0.0042593	-0.31337	-2.1018	0.31704	0.19446	-0.19446	0.56327	2.1018	-0.10259	1.1905	-0.10639	-0.010894	-0.13529	0.078043	-0.17901	-0.77897	1.2282	0.49629	0.075319	0.5242	0.13529	-0.31704	0.010894	-0.5242	-0.27307	-0.49192	0.17901	0.31337	0.49192	-0.43779	0.10639	-0.63296	0.63296	-0.0042593
"810"	-0.31337	-0.0042593	0.49629	0.010894	0.075319	-0.16271	-0.11753	-0.010894	0.10259	0.31337	-0.13529	-0.77897	-1.2282	-0.27307	0.43779	0.17901	0.77897	0.13529	-1.1905	0.10639	-0.10259	-0.078043	1.2282	0.19446	0.5242	-0.31704	-0.50744	-0.49629	-0.17901	0.56327	0.0042593	-0.63296	0.16271	0.63296	0.11753	1.1905	-0.19446	2.1018	-0.43779	0.49192	-2.1018	0.078043	-0.075319	0.27307	-0.10639	-0.56327	0.31704	-0.49192	-0.5242	0.50744
"811"	-0.10259	0.31337	0.50744	0.13529	-1.1905	-0.49192	0.5242	-0.49629	-0.56327	-2.1018	0.010894	0.27307	0.075319	-0.50744	-0.11753	0.11753	-0.16271	-0.075319	0.31704	0.19446	-0.77897	1.2282	-1.2282	0.078043	0.63296	0.17901	0.10259	-0.5242	0.16271	0.49629	-0.27307	0.49192	-0.13529	-0.43779	0.56327	-0.19446	-0.31337	-0.17901	-0.010894	0.10639	-0.63296	-0.0042593	0.0042593	0.43779	-0.31704	1.1905	-0.10639	0.77897	-0.078043	2.1018
"812"	0.31704	-0.31704	1.1905	-0.50744	0.10259	-0.77897	-0.49629	0.11753	0.17901	0.078043	0.43779	0.010894	-0.49192	0.16271	-0.63296	1.2282	-0.13529	0.27307	2.1018	-0.075319	-0.078043	0.19446	-0.43779	-1.1905	-0.5242	-2.1018	-0.17901	-0.16271	0.56327	0.5242	0.77897	-1.2282	0.49192	0.49629	0.075319	-0.10639	-0.56327	0.50744	-0.27307	-0.11753	-0.10259	0.31337	-0.19446	0.0042593	0.63296	0.13529	-0.0042593	-0.010894	0.10639	-0.31337
"813"	0.31704	-1.1905	0.43779	-0.31704	-0.19446	-0.078043	-0.10639	0.49192	-0.13529	-0.075319	0.19446	1.2282	0.5242	0.10259	0.77897	0.56327	2.1018	-0.49192	-0.0042593	0.0042593	0.63296	-2.1018	-0.16271	-0.10259	0.49629	0.10639	-0.5242	-1.2282	0.075319	-0.63296	0.078043	0.13529	-0.49629	0.16271	0.010894	0.31337	-0.56327	0.27307	-0.31337	-0.50744	-0.77897	-0.010894	0.17901	-0.11753	0.11753	1.1905	-0.17901	0.50744	-0.43779	-0.27307
"814"	-0.5242	-0.17901	-0.27307	0.49192	0.13529	-0.10639	0.078043	0.50744	-1.1905	-0.56327	-0.63296	-0.49192	-0.075319	0.19446	-0.49629	0.010894	-0.078043	-0.16271	0.43779	0.49629	-0.11753	-0.43779	-0.010894	-0.77897	0.10639	1.1905	-0.13529	0.0042593	1.2282	0.5242	-1.2282	0.31337	-0.31704	0.11753	-0.0042593	0.075319	2.1018	-0.19446	0.77897	-0.31337	0.17901	0.10259	0.63296	-0.10259	0.56327	0.16271	-0.50744	0.27307	0.31704	-2.1018
"815"	0.56327	0.11753	-0.50744	0.31704	0.49629	0.075319	-0.0042593	-0.27307	-0.43779	-0.11753	1.2282	-0.49192	0.078043	0.43779	1.1905	-1.2282	0.5242	-0.49629	0.49192	-0.16271	-1.1905	0.63296	0.0042593	-0.77897	-0.010894	0.17901	-0.13529	-0.63296	-0.17901	-0.31704	-0.56327	-0.10259	0.10639	-0.075319	0.16271	0.13529	0.10259	2.1018	0.19446	-0.078043	-0.19446	-0.31337	0.77897	0.50744	0.31337	0.27307	-2.1018	-0.5242	-0.10639	0.010894
"816"	0.078043	0.27307	-0.56327	-0.49192	0.19446	-0.5242	0.5242	0.11753	0.50744	0.010894	-2.1018	-0.19446	0.63296	-0.11753	-0.10639	-0.16271	-0.31337	0.17901	2.1018	0.31337	-0.17901	-0.10259	-0.77897	0.0042593	-0.31704	0.56327	0.31704	0.10259	0.49629	-0.50744	-0.49629	0.13529	-0.075319	-0.13529	-0.078043	-1.1905	-0.0042593	0.43779	-0.63296	0.075319	-0.010894	0.49192	0.10639	0.16271	1.2282	-0.27307	1.1905	-1.2282	0.77897	-0.43779
"817"	-0.10639	0.13529	1.2282	0.078043	0.19446	0.49629	0.63296	-0.49192	1.1905	0.50744	-0.0042593	0.77897	-0.13529	-0.31704	-0.5242	-0.31337	0.10639	-0.43779	-0.27307	0.31704	2.1018	0.49192	-0.77897	0.27307	-0.16271	-0.010894	-0.11753	0.11753	-2.1018	0.5242	0.10259	0.56327	-0.19446	-1.1905	0.010894	-0.63296	-1.2282	-0.075319	0.43779	0.0042593	-0.10259	-0.17901	0.16271	-0.50744	0.17901	-0.49629	-0.078043	-0.56327	0.075319	0.31337
"818"	0.31704	-0.11753	0.43779	-0.10259	0.10639	2.1018	-0.49629	-0.010894	-0.19446	-0.075319	-0.16271	-0.63296	0.078043	-0.17901	0.0042593	-0.078043	-0.31337	0.010894	0.10259	0.11753	0.50744	1.1905	-1.2282	-0.77897	0.77897	-0.5242	0.63296	-1.1905	-0.56327	0.5242	-0.0042593	-0.13529	-0.49192	0.31337	0.13529	0.56327	-0.10639	0.49192	0.19446	-0.31704	-0.43779	0.17901	0.16271	0.27307	0.075319	1.2282	-0.27307	0.49629	-2.1018	-0.50744
"819"	0.77897	0.10639	-0.77897	1.1905	-2.1018	0.075319	-0.16271	-0.10259	0.0042593	0.63296	0.10259	0.49629	-0.078043	-0.19446	-0.0042593	0.31337	-1.1905	-0.43779	-0.11753	-0.075319	0.19446	1.2282	-0.31337	0.13529	-0.27307	-0.13529	-0.56327	0.078043	-0.49192	0.5242	0.010894	0.50744	-0.50744	2.1018	-0.17901	-0.63296	0.27307	-1.2282	0.43779	-0.5242	-0.31704	0.11753	-0.49629	0.16271	0.56327	-0.10639	0.31704	0.49192	-0.010894	0.17901
"820"	-0.19446	0.10639	-0.31337	-0.16271	-0.5242	0.50744	-0.10259	-1.1905	-0.13529	-0.0042593	0.31337	0.5242	0.49192	0.63296	-2.1018	-0.63296	0.13529	-0.075319	-0.56327	-0.078043	-0.17901	1.1905	0.0042593	-0.49629	0.49629	0.16271	1.2282	0.17901	0.19446	0.075319	-0.43779	0.11753	-0.50744	0.010894	0.10259	2.1018	-0.27307	0.078043	0.43779	-0.010894	0.77897	0.56327	-0.31704	0.27307	-0.10639	-0.49192	-0.11753	-1.2282	0.31704	-0.77897
"821"	-1.2282	0.010894	-0.075319	0.13529	2.1018	0.078043	-1.1905	-0.49192	-0.77897	-0.50744	-0.56327	-2.1018	-0.078043	-0.5242	0.11753	-0.31337	0.43779	-0.0042593	0.16271	0.31337	-0.43779	0.50744	-0.31704	0.19446	0.27307	-0.17901	-0.010894	0.075319	-0.10259	0.10259	0.10639	-0.13529	-0.49629	-0.10639	0.17901	1.1905	0.49192	0.77897	0.31704	0.63296	1.2282	-0.27307	-0.16271	-0.19446	-0.63296	0.56327	0.0042593	0.49629	-0.11753	0.5242
"822"	-1.2282	-0.10639	0.075319	1.1905	-0.31704	-0.010894	0.010894	-0.16271	0.31704	-0.43779	-0.075319	-0.19446	-0.49629	0.49629	0.63296	0.77897	-0.27307	-0.56327	0.17901	-0.17901	-0.50744	0.19446	0.0042593	-2.1018	0.16271	-0.5242	-0.11753	0.27307	-0.13529	2.1018	0.11753	-1.1905	0.31337	0.078043	-0.77897	-0.078043	0.10639	-0.63296	-0.31337	0.10259	-0.10259	0.13529	0.5242	1.2282	-0.0042593	-0.49192	0.43779	0.50744	0.49192	0.56327
"823"	0.0042593	1.1905	-0.27307	0.10639	-0.56327	0.078043	-0.010894	0.17901	-0.63296	0.11753	-0.078043	0.31337	0.19446	-0.31337	0.5242	0.50744	-0.77897	-2.1018	-0.10259	-1.2282	2.1018	0.49192	0.31704	-0.0042593	-0.17901	-0.16271	0.63296	0.075319	-0.5242	-0.19446	0.27307	-0.49629	-1.1905	0.43779	-0.50744	0.10259	-0.43779	0.56327	0.49629	-0.13529	-0.10639	0.77897	-0.31704	1.2282	0.16271	-0.49192	0.010894	-0.075319	0.13529	-0.11753
"824"	0.075319	-0.10639	0.17901	0.63296	1.2282	0.49192	-0.11753	-0.10259	-1.1905	-0.31704	-0.43779	-0.16271	1.1905	0.10259	-0.49192	-2.1018	0.31704	-0.0042593	-0.49629	-0.075319	0.31337	0.56327	-0.078043	-0.19446	-0.31337	0.10639	-0.5242	0.5242	0.16271	0.43779	0.010894	2.1018	-0.77897	-0.56327	-0.010894	0.19446	0.0042593	-0.17901	0.77897	-0.13529	0.13529	0.078043	-0.50744	-0.27307	-0.63296	0.11753	0.49629	0.50744	-1.2282	0.27307
"825"	-0.010894	-0.19446	-0.63296	-0.10639	0.11753	-0.50744	-1.2282	1.1905	1.2282	0.43779	-1.1905	0.0042593	0.078043	0.19446	2.1018	-0.11753	0.49629	0.31337	-0.49629	0.49192	0.27307	-0.77897	-0.27307	-0.13529	0.56327	0.77897	0.63296	0.13529	0.31704	-0.078043	0.50744	0.10259	-0.10259	-0.56327	-2.1018	-0.5242	0.16271	-0.43779	0.010894	-0.31704	0.17901	0.075319	-0.16271	-0.31337	-0.17901	-0.075319	0.5242	-0.0042593	-0.49192	0.10639
"826"	0.19446	-0.77897	-0.5242	-0.50744	-2.1018	0.10639	0.77897	0.17901	-0.16271	-0.078043	0.16271	0.0042593	0.13529	-0.31337	-0.10259	-1.1905	-0.075319	-0.010894	-0.0042593	0.63296	0.31337	-1.2282	0.50744	-0.10639	0.010894	-0.56327	-0.43779	-0.19446	-0.31704	0.49629	0.49192	-0.11753	-0.27307	0.43779	-0.17901	-0.49192	0.5242	0.11753	-0.49629	0.078043	0.075319	0.56327	-0.63296	0.27307	-0.13529	2.1018	1.1905	1.2282	0.31704	0.10259
"827"	-0.49629	0.19446	-0.27307	0.10259	-1.2282	0.075319	0.078043	0.11753	-0.13529	0.43779	-0.010894	0.5242	-0.77897	-0.49192	0.31704	0.13529	0.49629	0.17901	-0.10259	0.49192	0.27307	-0.10639	-0.16271	-0.31337	1.2282	0.0042593	0.50744	-0.11753	0.10639	-0.19446	-1.1905	0.56327	0.77897	-0.075319	-0.078043	-0.31704	1.1905	-0.5242	0.63296	2.1018	-0.63296	-2.1018	0.31337	0.010894	-0.17901	-0.43779	-0.0042593	-0.50744	-0.56327	0.16271
"828"	0.075319	0.31704	0.19446	-0.078043	0.010894	-2.1018	0.13529	-0.56327	0.078043	1.2282	-0.11753	0.10639	2.1018	-0.010894	-0.10639	-0.19446	-0.17901	0.10259	-0.27307	1.1905	-0.50744	0.63296	-0.13529	-1.2282	0.27307	0.5242	0.49629	-0.77897	0.31337	0.56327	-0.49192	-0.10259	-0.075319	0.43779	0.50744	-0.49629	0.49192	0.16271	-0.31337	-0.43779	-0.16271	0.11753	-0.31704	-1.1905	0.0042593	-0.5242	-0.63296	0.17901	-0.0042593	0.77897
"829"	-0.27307	0.0042593	0.63296	-0.56327	-0.10639	1.1905	0.31337	0.77897	-0.075319	-0.10259	0.27307	0.11753	-0.63296	0.56327	1.2282	0.078043	-0.43779	-0.0042593	-0.010894	-1.2282	-1.1905	-2.1018	0.5242	-0.77897	0.13529	0.010894	0.43779	0.075319	-0.49629	0.16271	0.50744	0.10259	-0.17901	-0.16271	0.49629	0.49192	-0.11753	0.10639	-0.49192	-0.50744	2.1018	0.31704	0.19446	-0.078043	-0.19446	-0.5242	-0.31337	-0.13529	-0.31704	0.17901
"830"	0.43779	2.1018	0.63296	-0.27307	0.56327	-0.0042593	-0.17901	0.50744	-0.11753	0.10639	-2.1018	0.5242	-0.5242	-0.010894	-0.49192	0.010894	-0.49629	0.13529	-0.77897	0.31704	1.1905	1.2282	0.17901	-0.078043	0.31337	0.11753	-0.63296	-0.13529	0.16271	-0.19446	0.27307	0.49629	-0.31337	0.10259	-0.43779	-0.56327	-0.075319	-0.10639	0.078043	-1.2282	0.075319	-0.16271	-0.31704	0.19446	-0.10259	-1.1905	-0.50744	0.77897	0.49192	0.0042593
"831"	-0.17901	-0.11753	-0.10639	0.11753	0.43779	-0.078043	0.31337	1.1905	-0.0042593	0.19446	0.10259	0.27307	-0.27307	0.50744	0.5242	0.10639	-0.50744	-0.10259	0.77897	0.13529	0.16271	0.49629	0.56327	-0.49192	-0.010894	0.63296	-0.43779	0.078043	0.075319	-2.1018	-0.49629	0.17901	-0.56327	0.010894	-0.63296	0.31704	-1.1905	2.1018	-0.5242	-1.2282	-0.16271	-0.77897	-0.075319	-0.31704	-0.31337	-0.13529	0.49192	-0.19446	1.2282	0.0042593
"832"	-0.49629	0.50744	0.77897	1.1905	-0.17901	-0.5242	-0.075319	0.56327	-0.56327	-0.10639	-0.010894	-0.31704	-0.49192	-0.10259	0.63296	-0.19446	0.16271	-0.63296	0.010894	-0.078043	0.10639	-0.0042593	0.10259	-1.1905	0.49629	0.078043	-0.16271	0.5242	0.11753	0.075319	-0.11753	0.49192	0.13529	-1.2282	-0.13529	0.43779	-0.50744	-2.1018	-0.77897	0.0042593	-0.43779	0.19446	0.31337	0.31704	0.17901	0.27307	2.1018	-0.27307	-0.31337	1.2282
"833"	-1.1905	-1.2282	0.13529	-0.56327	-0.19446	0.77897	-0.16271	0.49629	-0.49192	-0.17901	0.010894	0.43779	0.31704	0.16271	0.10639	0.5242	-0.010894	0.31337	-0.075319	0.50744	0.10259	0.075319	0.19446	-0.49629	-2.1018	-0.31704	0.49192	-0.50744	-0.63296	-0.5242	-0.31337	-0.27307	0.27307	-0.43779	0.11753	0.56327	0.63296	-0.0042593	-0.77897	-0.10259	2.1018	-0.11753	-0.13529	0.078043	-0.10639	-0.078043	0.0042593	1.2282	1.1905	0.17901
"834"	-1.2282	-0.49629	0.50744	0.27307	-0.10259	0.17901	0.63296	0.77897	-0.31337	-0.5242	0.5242	0.56327	-0.56327	0.49629	0.010894	0.31337	0.49192	-0.11753	-0.010894	1.1905	-0.16271	1.2282	-0.63296	0.078043	-0.0042593	-0.50744	-1.1905	0.11753	0.0042593	-2.1018	0.16271	-0.078043	-0.075319	0.19446	0.075319	-0.13529	0.31704	0.43779	-0.19446	0.13529	0.10259	2.1018	0.10639	-0.77897	-0.49192	-0.10639	-0.31704	-0.17901	-0.43779	-0.27307
"835"	0.31337	0.56327	0.010894	-0.50744	-0.27307	-0.010894	0.31704	-0.49629	-0.10259	0.11753	-0.0042593	0.10259	-0.16271	0.078043	-0.49192	-0.31337	0.19446	-0.11753	-0.56327	-0.10639	-0.17901	0.63296	0.5242	0.77897	1.2282	-0.77897	-0.5242	-0.075319	0.075319	0.10639	1.1905	0.27307	0.50744	-0.31704	-0.19446	-0.13529	0.49192	2.1018	0.17901	-0.63296	-2.1018	0.13529	0.0042593	-0.078043	0.49629	0.43779	-0.43779	0.16271	-1.2282	-1.1905
"836"	-0.56327	0.77897	-0.10639	-0.17901	0.11753	-0.5242	1.2282	-1.2282	-0.078043	-0.11753	0.43779	2.1018	-0.16271	0.27307	0.31337	-0.010894	-0.50744	0.63296	-0.19446	0.16271	0.50744	0.49629	0.19446	0.49192	0.0042593	-0.49192	-0.0042593	0.10639	-0.10259	0.010894	0.5242	-0.49629	0.31704	-0.31704	0.56327	1.1905	-0.63296	0.078043	-0.27307	0.13529	0.10259	-0.77897	0.17901	-0.31337	-0.075319	-2.1018	-0.43779	0.075319	-1.1905	-0.13529
"837"	-0.43779	0.075319	-0.63296	2.1018	-0.19446	0.17901	0.078043	-0.010894	-0.10639	-0.11753	-0.13529	0.63296	0.56327	0.43779	0.10259	-1.2282	0.31704	0.27307	-0.075319	0.50744	-0.078043	-0.49629	0.0042593	-0.77897	0.19446	-0.0042593	0.16271	-2.1018	0.31337	-0.5242	1.1905	-0.10259	-0.31337	0.10639	-0.17901	-0.49192	-0.31704	0.11753	-0.16271	-1.1905	0.49629	0.49192	-0.27307	0.77897	0.010894	-0.50744	0.13529	1.2282	0.5242	-0.56327
"838"	0.43779	0.10639	0.16271	0.0042593	0.078043	1.1905	-0.56327	-0.17901	0.49192	0.63296	0.11753	0.5242	-0.77897	-2.1018	-1.2282	0.77897	-0.075319	-0.0042593	-0.43779	-0.31337	0.17901	-0.078043	-0.27307	-0.49629	-0.5242	0.075319	-0.49192	0.13529	0.31704	0.31337	-0.11753	0.19446	0.010894	-0.16271	-0.31704	1.2282	-0.19446	-1.1905	0.50744	-0.13529	-0.50744	0.49629	0.56327	-0.10639	0.27307	-0.63296	-0.10259	-0.010894	2.1018	0.10259
"839"	1.1905	0.19446	0.010894	-0.56327	-0.31337	-0.49192	0.0042593	0.5242	0.17901	0.13529	-0.43779	0.49629	0.63296	-0.19446	-0.16271	-0.5242	-0.17901	-1.1905	0.10259	0.31337	-0.31704	0.10639	-0.27307	-0.11753	-1.2282	-0.63296	-0.078043	-0.50744	0.078043	0.77897	0.16271	0.075319	0.27307	-0.10639	-2.1018	-0.49629	0.49192	-0.075319	-0.10259	0.11753	0.56327	0.31704	0.43779	1.2282	2.1018	0.50744	-0.13529	-0.0042593	-0.77897	-0.010894
"840"	0.31337	-0.10259	0.49629	-0.010894	0.10259	0.0042593	0.56327	0.16271	-1.2282	0.5242	-1.1905	-0.13529	-0.27307	-2.1018	-0.49629	0.19446	2.1018	-0.56327	0.43779	-0.10639	-0.075319	0.31704	-0.078043	0.010894	-0.50744	0.10639	-0.63296	0.77897	0.075319	-0.0042593	-0.31337	-0.49192	-0.16271	-0.19446	-0.31704	0.11753	-0.17901	-0.43779	0.27307	0.17901	-0.11753	1.1905	0.13529	0.63296	-0.5242	0.50744	0.078043	1.2282	0.49192	-0.77897
"841"	-0.49192	0.27307	-0.63296	0.63296	-0.11753	-1.1905	-0.10259	0.11753	-0.075319	0.17901	0.49629	-0.56327	-0.19446	-0.0042593	0.49192	-0.13529	-0.078043	-0.43779	0.19446	1.2282	0.010894	0.77897	0.5242	0.43779	-0.49629	-0.77897	0.31704	0.075319	0.13529	0.078043	0.56327	-0.50744	-0.10639	-0.31704	0.50744	0.10639	-0.31337	-2.1018	-0.16271	-0.010894	0.16271	-1.2282	-0.27307	0.31337	1.1905	-0.17901	0.0042593	0.10259	2.1018	-0.5242
"842"	-0.27307	-0.10639	-0.13529	-0.63296	-0.5242	0.49629	-0.16271	0.77897	-1.2282	0.0042593	-0.11753	-0.31337	0.27307	1.2282	0.17901	0.5242	0.10639	-0.19446	-0.075319	-0.010894	-0.56327	0.078043	0.10259	-0.49192	0.11753	-1.1905	-0.078043	-0.50744	0.63296	0.16271	0.43779	-0.0042593	-0.31704	0.31704	0.50744	0.075319	-0.10259	1.1905	-2.1018	2.1018	0.13529	-0.17901	-0.43779	0.31337	0.49192	0.56327	-0.49629	0.19446	0.010894	-0.77897
"843"	-1.1905	-0.63296	1.1905	0.078043	0.43779	-0.49192	0.77897	0.31337	0.50744	-0.31704	0.010894	-0.075319	-0.078043	2.1018	-0.10639	-0.56327	0.5242	-0.11753	0.11753	0.31704	0.19446	-0.5242	0.10639	0.075319	0.0042593	0.63296	0.27307	-0.43779	-0.010894	-0.16271	-0.13529	-0.50744	-0.77897	-0.27307	0.17901	1.2282	-0.10259	0.49629	-0.0042593	-0.19446	-0.31337	-0.49629	0.13529	0.16271	0.10259	-2.1018	0.49192	0.56327	-0.17901	-1.2282
"844"	0.10639	-1.1905	-0.27307	0.49192	0.27307	-0.31704	-0.13529	0.13529	-2.1018	0.43779	2.1018	1.2282	-0.16271	-0.63296	-0.0042593	-1.2282	0.31704	-0.078043	0.56327	-0.56327	0.77897	0.5242	1.1905	0.11753	0.31337	0.10259	0.19446	0.17901	-0.17901	-0.50744	-0.10259	-0.31337	-0.075319	-0.10639	-0.5242	-0.11753	0.49629	0.078043	0.50744	0.16271	0.63296	-0.77897	-0.010894	0.010894	-0.43779	-0.49192	0.075319	-0.19446	0.0042593	-0.49629
"845"	0.56327	-0.49629	-0.19446	-0.27307	-0.078043	-0.63296	-0.10639	0.16271	0.17901	-0.075319	-0.010894	0.19446	-0.43779	-0.49192	1.2282	0.49629	-0.31704	0.0042593	-0.17901	-0.16271	0.10639	-0.11753	1.1905	-0.50744	-2.1018	-0.10259	-0.5242	0.10259	0.43779	0.5242	0.31337	-1.2282	-0.31337	0.11753	0.50744	0.49192	-0.13529	-1.1905	0.27307	0.77897	0.31704	2.1018	0.13529	0.010894	0.63296	0.075319	-0.0042593	-0.56327	-0.77897	0.078043
"846"	0.56327	-0.075319	-0.11753	0.31337	0.27307	0.11753	-1.1905	0.50744	-0.77897	0.43779	-0.16271	-0.17901	-1.2282	0.010894	-0.63296	-0.19446	2.1018	-0.10259	0.075319	0.10639	0.10259	0.63296	0.5242	-0.010894	-0.49629	-0.50744	-0.56327	-2.1018	0.31704	1.2282	-0.13529	1.1905	-0.43779	-0.5242	0.19446	-0.49192	0.49629	0.0042593	0.13529	0.77897	0.49192	-0.078043	-0.27307	-0.10639	0.16271	0.078043	-0.31704	0.17901	-0.31337	-0.0042593
"847"	-1.1905	-0.075319	-0.31704	-0.17901	0.0042593	-0.11753	0.19446	-1.2282	-0.10639	-0.49192	-0.63296	0.075319	2.1018	0.11753	1.2282	0.27307	-0.5242	-0.50744	-0.31337	0.010894	0.49629	0.63296	0.10639	0.5242	0.31337	0.49192	0.31704	0.078043	-0.16271	-0.19446	-0.078043	-0.56327	-0.13529	0.13529	0.56327	-0.43779	-0.010894	0.77897	0.10259	-0.49629	0.43779	0.16271	0.17901	-0.10259	-0.0042593	-0.77897	-2.1018	1.1905	0.50744	-0.27307
"848"	-0.19446	-0.075319	-0.010894	-0.13529	-0.27307	-2.1018	0.0042593	0.56327	-0.5242	0.11753	0.17901	0.010894	-0.31704	0.31337	-0.10259	-0.17901	-0.11753	0.13529	0.075319	-0.77897	-0.43779	1.1905	0.63296	0.19446	0.49192	-1.2282	0.078043	-0.63296	-0.50744	-0.10639	-0.078043	1.2282	2.1018	0.27307	-0.31337	0.31704	0.5242	-0.0042593	0.77897	0.10639	-0.49192	-0.56327	-1.1905	0.50744	-0.16271	0.49629	-0.49629	0.10259	0.16271	0.43779
"849"	-0.10639	0.0042593	1.1905	-0.0042593	0.77897	0.49629	-0.10259	-0.075319	-1.1905	-0.63296	1.2282	-0.50744	0.11753	0.27307	-0.49629	-0.078043	0.50744	0.43779	-0.11753	0.56327	-2.1018	0.31704	-0.49192	-0.27307	0.63296	-0.19446	-0.16271	0.31337	-1.2282	0.19446	-0.43779	0.10259	-0.77897	0.5242	0.13529	-0.17901	-0.31704	0.010894	-0.13529	2.1018	0.49192	0.10639	0.16271	0.17901	-0.31337	-0.5242	-0.56327	0.075319	-0.010894	0.078043
"850"	-0.078043	-0.5242	-0.31704	0.77897	2.1018	0.63296	-0.43779	1.2282	-0.49629	-0.13529	-1.2282	-0.10639	0.31704	0.010894	0.5242	0.078043	-2.1018	0.56327	0.0042593	-0.17901	-0.10259	-0.075319	0.13529	-0.11753	0.19446	0.49192	1.1905	0.27307	-0.63296	-0.56327	0.16271	0.17901	-0.010894	-0.31337	-0.0042593	0.49629	0.50744	-1.1905	0.43779	-0.16271	0.10259	-0.27307	0.075319	0.11753	0.31337	0.10639	-0.77897	-0.50744	-0.49192	-0.19446
"851"	0.16271	-0.56327	-0.10639	0.5242	0.078043	-0.0042593	-0.63296	-0.5242	-0.078043	0.50744	-0.31337	-0.49192	0.27307	0.10259	0.43779	0.0042593	-0.010894	0.19446	-1.1905	-0.11753	1.2282	-2.1018	0.77897	0.13529	-0.075319	0.49192	0.10639	-0.10259	0.56327	-0.77897	-0.50744	-0.13529	0.010894	-1.2282	1.1905	-0.31704	-0.16271	0.31704	-0.43779	-0.49629	2.1018	0.31337	0.63296	0.17901	0.075319	-0.27307	-0.17901	0.49629	-0.19446	0.11753
"852"	0.56327	-2.1018	2.1018	-0.31337	-1.1905	-0.50744	0.13529	0.27307	0.31704	1.2282	-0.0042593	0.0042593	0.078043	-0.10259	-0.49192	-0.43779	-0.27307	-0.56327	0.16271	-0.77897	-0.075319	0.10639	0.10259	-0.078043	0.31337	0.075319	0.19446	1.1905	-0.010894	-0.63296	-1.2282	0.49192	0.11753	-0.31704	-0.10639	-0.17901	0.17901	-0.49629	0.43779	-0.5242	0.5242	0.77897	-0.16271	0.50744	0.49629	-0.11753	0.010894	-0.19446	0.63296	-0.13529
"853"	-2.1018	0.31704	-0.13529	0.17901	-1.1905	-0.19446	-0.50744	0.31337	-0.11753	0.49192	-0.63296	0.5242	-0.0042593	-0.10639	-1.2282	0.56327	0.078043	-0.43779	0.11753	1.2282	0.63296	-0.27307	2.1018	-0.16271	0.19446	-0.56327	0.075319	-0.5242	0.10639	0.16271	-0.078043	1.1905	0.27307	-0.10259	0.010894	-0.17901	-0.49629	0.13529	-0.49192	0.0042593	-0.010894	-0.31704	-0.77897	0.49629	0.50744	0.10259	0.43779	-0.075319	0.77897	-0.31337
"854"	0.19446	-0.31704	-0.11753	1.2282	0.010894	-0.77897	0.16271	-0.0042593	-0.16271	0.13529	0.77897	0.0042593	0.49629	0.17901	0.10259	-0.010894	-0.27307	-0.10259	2.1018	0.43779	0.075319	-0.5242	1.1905	-0.56327	-0.078043	-2.1018	0.31337	-0.17901	0.10639	0.49192	-1.1905	0.63296	0.078043	-0.13529	0.31704	0.5242	-0.50744	-0.31337	-0.43779	-0.49192	-0.075319	-0.10639	-0.49629	0.27307	-1.2282	0.11753	0.50744	-0.63296	0.56327	-0.19446
"855"	-0.17901	0.075319	0.63296	0.17901	0.0042593	0.31337	-0.43779	0.10259	-0.56327	0.77897	-0.31337	-0.63296	-0.11753	-0.50744	0.49629	-0.0042593	-0.13529	0.5242	0.16271	-0.31704	0.56327	-0.49192	1.2282	0.49192	2.1018	-0.27307	-1.2282	0.31704	-0.16271	-0.77897	0.078043	0.43779	0.010894	0.10639	0.11753	-0.078043	0.13529	-0.010894	-1.1905	-0.5242	0.50744	-0.49629	0.27307	-0.10639	-0.19446	-2.1018	-0.075319	1.1905	0.19446	-0.10259
"856"	-0.77897	2.1018	0.010894	-0.078043	-0.49192	0.5242	0.16271	0.43779	0.10259	0.0042593	0.19446	0.50744	-0.0042593	-0.13529	-0.31337	-0.50744	0.17901	0.078043	0.56327	1.1905	-0.16271	-1.1905	0.63296	0.10639	-0.11753	-0.43779	-0.49629	0.49192	0.31337	-0.63296	-0.10259	-2.1018	0.075319	0.49629	-0.17901	0.13529	-0.31704	-0.075319	-0.5242	0.11753	-0.27307	0.77897	-0.56327	-0.10639	1.2282	-0.010894	0.27307	-0.19446	-1.2282	0.31704
"857"	-0.075319	0.078043	-0.19446	0.10639	0.77897	2.1018	0.5242	-0.16271	0.49192	0.63296	0.075319	-1.1905	-0.5242	0.31704	0.56327	-0.50744	0.19446	0.49629	-0.13529	-0.11753	0.010894	-0.56327	-0.31704	0.27307	-0.77897	-0.17901	-1.2282	0.31337	0.0042593	-2.1018	1.2282	-0.078043	-0.27307	-0.010894	0.50744	-0.49192	-0.49629	0.17901	0.13529	-0.0042593	-0.43779	0.10259	0.43779	0.16271	-0.31337	-0.10639	-0.10259	1.1905	0.11753	-0.63296
"858"	0.5242	0.27307	0.010894	-0.010894	0.10639	-0.19446	0.77897	0.19446	0.63296	-0.5242	-0.10259	-0.49192	-2.1018	0.0042593	-0.075319	-0.63296	-0.13529	0.49192	-0.0042593	-0.77897	-0.43779	-0.50744	-1.1905	-0.49629	0.10259	-0.31337	-0.31704	2.1018	-0.56327	-0.27307	0.31337	0.16271	0.50744	-0.11753	0.56327	0.11753	1.2282	-0.078043	0.17901	-0.10639	0.31704	-0.17901	0.43779	-1.2282	0.078043	0.075319	0.49629	1.1905	0.13529	-0.16271
"859"	-1.2282	-0.43779	0.078043	0.0042593	-0.10259	-0.13529	0.075319	0.31337	-0.17901	0.17901	-0.16271	-0.10639	-0.5242	1.1905	-2.1018	0.5242	-0.27307	-0.075319	-0.31337	0.16271	-0.63296	-0.0042593	0.10259	0.77897	0.31704	1.2282	0.19446	0.43779	-0.50744	0.13529	0.49192	-0.31704	-0.19446	0.56327	-0.010894	0.63296	0.010894	-0.49629	0.10639	0.27307	0.49629	-0.56327	0.11753	-0.77897	-0.11753	2.1018	-0.078043	-0.49192	-1.1905	0.50744
"860"	-0.50744	0.075319	0.63296	-0.11753	-1.1905	0.49629	0.17901	0.43779	-0.010894	2.1018	0.19446	-1.2282	-0.49192	0.16271	-0.56327	-0.078043	0.13529	-0.16271	-0.49629	-0.77897	0.11753	-0.31704	0.31337	-0.19446	-0.075319	0.010894	0.0042593	-0.13529	1.1905	0.31704	0.27307	0.49192	0.50744	0.10639	-0.63296	-0.10259	0.5242	-0.0042593	-0.10639	-0.31337	0.77897	-0.17901	-0.43779	-2.1018	-0.27307	-0.5242	1.2282	0.10259	0.078043	0.56327
"861"	-0.19446	-0.31704	-0.17901	-0.078043	0.078043	1.2282	-0.16271	0.77897	-0.010894	0.49192	0.13529	0.31337	-0.49192	0.10259	0.5242	-0.77897	-0.31337	-0.5242	0.10639	-0.49629	0.17901	-1.2282	-0.56327	0.50744	0.31704	0.63296	-0.13529	0.075319	1.1905	-0.10259	0.49629	-1.1905	0.19446	-0.50744	0.16271	-0.43779	-0.10639	0.43779	2.1018	0.11753	-2.1018	0.27307	0.56327	-0.63296	-0.11753	0.010894	0.0042593	-0.27307	-0.075319	-0.0042593
"862"	-0.078043	-0.31704	-0.13529	-0.075319	-0.56327	-0.0042593	0.10639	1.2282	-0.19446	0.19446	0.56327	0.31337	-0.49629	1.1905	0.078043	0.17901	-0.43779	-2.1018	0.27307	0.50744	0.31704	-0.10259	2.1018	-0.50744	-1.2282	0.5242	0.77897	0.0042593	-0.10639	-0.17901	0.49192	0.010894	-0.16271	-1.1905	-0.5242	-0.010894	0.075319	-0.63296	-0.31337	0.13529	0.49629	0.11753	-0.49192	-0.11753	0.10259	0.43779	-0.27307	0.63296	-0.77897	0.16271
"863"	-0.77897	-0.17901	0.5242	0.10639	0.49629	-0.49629	-0.10259	-1.1905	-0.50744	0.0042593	-0.10639	-0.49192	1.1905	-0.19446	-0.0042593	0.27307	0.19446	-0.11753	-0.56327	-0.5242	0.010894	0.17901	0.31337	-0.31704	0.075319	0.77897	0.63296	0.10259	-0.010894	-0.63296	-0.078043	-0.27307	2.1018	-1.2282	-0.31337	-0.075319	0.50744	-0.43779	-2.1018	0.49192	0.13529	0.31704	-0.16271	0.16271	0.56327	0.078043	1.2282	-0.13529	0.43779	0.11753
"864"	-0.77897	0.49629	-1.1905	-0.17901	0.078043	0.27307	0.10259	0.5242	-2.1018	0.13529	0.10639	-0.43779	0.31704	-0.10639	0.0042593	0.010894	0.49192	-0.5242	-0.63296	-0.0042593	-0.50744	-0.49629	0.43779	1.2282	-0.49192	-0.075319	-0.27307	-0.078043	-0.16271	2.1018	0.50744	0.17901	-0.31337	0.075319	-0.010894	0.63296	0.56327	-0.10259	-0.11753	-1.2282	-0.13529	0.77897	0.31337	0.11753	-0.56327	0.19446	1.1905	-0.31704	0.16271	-0.19446
"865"	-1.2282	0.17901	-0.31337	-0.19446	-0.27307	0.075319	-0.17901	0.56327	0.77897	0.31337	-2.1018	-0.10259	-0.075319	0.63296	-0.10639	-0.13529	-1.1905	-0.11753	-0.0042593	0.10259	0.5242	-0.50744	0.13529	-0.078043	0.10639	0.19446	0.31704	0.010894	-0.010894	-0.77897	0.49629	-0.49629	-0.63296	-0.56327	0.27307	0.50744	2.1018	0.43779	0.11753	-0.16271	-0.31704	1.2282	0.49192	0.16271	1.1905	-0.43779	-0.49192	0.078043	0.0042593	-0.5242
"866"	-1.1905	0.11753	-0.50744	0.56327	-0.31337	-0.63296	-0.43779	-0.0042593	0.0042593	-0.13529	-0.31704	0.075319	0.078043	0.19446	-0.10259	-0.27307	0.63296	-0.56327	0.49192	-0.49192	0.77897	-2.1018	0.27307	1.1905	0.31704	-0.19446	2.1018	-0.16271	-0.075319	-0.010894	0.31337	0.13529	-0.5242	0.50744	0.49629	-0.10639	0.10259	0.5242	-1.2282	0.17901	0.43779	-0.17901	-0.11753	-0.078043	0.16271	-0.49629	0.10639	-0.77897	1.2282	0.010894
"867"	-0.010894	-0.075319	0.16271	0.27307	-0.77897	-0.0042593	0.50744	0.10639	-0.27307	-0.43779	0.0042593	0.5242	1.2282	2.1018	0.13529	-0.16271	-1.1905	-0.56327	-0.078043	-1.2282	-0.50744	0.078043	0.77897	-0.49192	0.17901	0.31704	0.010894	-0.31337	0.49192	-0.10259	-0.49629	0.49629	0.56327	-2.1018	0.10259	-0.17901	-0.11753	0.19446	-0.5242	-0.63296	0.31337	0.43779	-0.13529	-0.31704	0.63296	1.1905	-0.10639	0.075319	0.11753	-0.19446
"868"	-0.0042593	0.11753	-0.10639	0.49192	-0.13529	-0.17901	0.31337	-0.078043	-0.5242	-0.10259	0.13529	0.19446	-0.49629	-1.2282	-0.56327	-0.075319	-0.50744	2.1018	0.63296	-1.1905	0.43779	-0.27307	0.31704	-0.19446	0.27307	0.10639	0.078043	-0.77897	0.17901	-0.49192	-0.31704	0.010894	0.10259	-0.16271	-0.63296	0.075319	0.77897	-0.010894	1.2282	0.50744	0.49629	0.16271	-0.31337	-0.11753	1.1905	0.0042593	0.56327	-0.43779	0.5242	-2.1018
"869"	2.1018	-0.31704	-0.77897	-0.63296	0.078043	0.11753	-0.49192	0.16271	-0.17901	0.13529	-0.50744	0.49629	0.19446	-0.13529	-0.16271	-0.075319	-0.49629	0.63296	0.0042593	-0.43779	0.075319	-0.31337	0.77897	0.27307	-0.5242	-0.11753	-2.1018	-0.010894	-0.10259	1.1905	0.43779	-0.0042593	0.17901	-0.10639	-1.2282	0.56327	0.010894	0.10639	-0.27307	0.31337	0.49192	-0.56327	-0.19446	1.2282	-0.078043	-1.1905	0.5242	0.10259	0.31704	0.50744
"870"	0.13529	-0.075319	-0.10639	-0.50744	0.10259	-0.49192	-0.43779	-0.10259	0.27307	-0.13529	0.11753	-1.1905	-0.010894	0.5242	0.31704	0.16271	-0.16271	-0.11753	-0.56327	0.49192	0.078043	-0.078043	-0.19446	-1.2282	0.10639	0.43779	-0.31704	-0.0042593	-0.49629	-2.1018	-0.63296	-0.17901	-0.27307	-0.5242	0.31337	0.075319	-0.77897	2.1018	0.19446	0.17901	0.50744	-0.31337	1.1905	1.2282	0.77897	0.010894	0.49629	0.56327	0.63296	0.0042593
"871"	-0.27307	0.10259	-1.1905	-0.10259	0.50744	0.11753	1.2282	0.27307	-0.0042593	-0.31704	0.19446	0.16271	-0.49192	-0.10639	0.77897	-0.63296	0.10639	0.49192	-1.2282	2.1018	-0.13529	0.63296	-0.43779	0.17901	-0.77897	-0.50744	-0.11753	-0.075319	0.13529	-0.56327	-0.49629	0.075319	-0.5242	0.49629	-0.17901	0.5242	0.31704	-2.1018	0.31337	0.43779	-0.078043	0.010894	-0.31337	0.078043	1.1905	0.56327	-0.010894	-0.19446	-0.16271	0.0042593
"872"	-0.078043	-0.16271	-1.1905	0.0042593	-0.63296	-0.49192	0.010894	1.2282	-0.49629	0.31704	-0.77897	-0.010894	1.1905	-0.50744	-0.17901	-0.56327	-0.13529	-0.075319	0.49629	0.16271	-0.5242	0.56327	-0.43779	0.5242	-0.10259	-0.31704	0.13529	0.43779	0.63296	-2.1018	-0.27307	0.49192	2.1018	-0.10639	0.075319	-1.2282	0.078043	0.10259	0.17901	0.27307	0.77897	-0.31337	-0.11753	0.10639	0.19446	0.11753	-0.0042593	0.31337	0.50744	-0.19446
"873"	-0.075319	-0.10259	-0.31704	-0.16271	0.010894	0.43779	-0.19446	0.31704	-0.63296	-1.2282	-0.49192	-1.1905	-0.0042593	0.5242	2.1018	0.77897	0.16271	0.49192	0.17901	0.11753	-0.078043	0.0042593	0.10639	1.1905	0.13529	0.19446	-0.17901	0.56327	0.63296	0.31337	-0.27307	0.075319	-2.1018	-0.5242	0.49629	-0.13529	-0.010894	-0.77897	-0.31337	0.10259	-0.10639	0.078043	-0.11753	1.2282	0.27307	-0.49629	-0.50744	-0.56327	0.50744	-0.43779
"874"	0.56327	0.49629	0.17901	-0.17901	0.31704	1.2282	-0.77897	0.11753	0.010894	-0.010894	1.1905	-0.56327	0.19446	-0.63296	0.10639	-0.11753	-0.078043	-0.31704	-2.1018	2.1018	-0.075319	-0.13529	0.50744	0.16271	-0.43779	0.43779	-0.10259	-0.49629	-0.49192	0.77897	-1.1905	0.49192	-0.27307	-0.31337	-0.5242	0.10259	-0.19446	-0.50744	0.13529	-0.0042593	0.63296	-1.2282	-0.16271	0.27307	-0.10639	0.078043	0.0042593	0.5242	0.075319	0.31337
"875"	1.2282	0.63296	-0.10639	-0.16271	0.078043	0.50744	-0.13529	-0.10259	-0.5242	0.16271	-0.49192	-1.2282	-0.77897	0.10639	-0.50744	-0.010894	0.10259	-0.63296	-0.56327	0.77897	-0.27307	0.19446	-0.31337	-0.19446	0.31337	-0.49629	-1.1905	1.1905	0.17901	-0.078043	0.13529	-0.11753	0.49629	0.075319	-0.43779	0.43779	0.11753	-0.0042593	0.49192	0.010894	-0.31704	-2.1018	0.0042593	0.56327	2.1018	-0.075319	0.27307	-0.17901	0.5242	0.31704
"876"	-0.16271	0.13529	-0.11753	0.56327	1.1905	-0.43779	0.10639	-0.078043	-0.31704	-0.19446	0.49629	0.77897	0.16271	-0.010894	-0.56327	-0.0042593	-0.50744	-0.10259	0.17901	0.31337	-1.1905	-0.5242	-0.77897	-0.31337	-0.10639	-0.63296	0.5242	1.2282	-0.17901	-2.1018	0.63296	2.1018	0.0042593	-0.49192	0.11753	0.075319	0.078043	-0.49629	-0.075319	0.19446	0.43779	0.50744	-1.2282	0.49192	0.27307	0.10259	0.010894	0.31704	-0.13529	-0.27307
"877"	-0.19446	0.31704	-0.50744	0.075319	-0.31704	-0.078043	-0.17901	0.078043	0.0042593	-0.010894	-0.31337	-0.075319	0.5242	-0.13529	1.2282	0.77897	0.10639	0.10259	0.49192	-0.0042593	0.31337	0.63296	0.43779	-0.49192	0.16271	0.27307	0.56327	-0.77897	-0.10639	-0.16271	-0.49629	-1.1905	2.1018	-2.1018	0.13529	-0.5242	-0.43779	0.11753	0.17901	-0.11753	0.49629	-0.10259	-0.63296	1.1905	-0.56327	-0.27307	0.010894	-1.2282	0.19446	0.50744
"878"	-0.63296	-0.010894	-0.31704	-0.10259	-0.77897	0.13529	-0.50744	-0.27307	0.078043	0.50744	0.49192	-0.31337	-0.49629	-0.10639	1.1905	0.11753	0.075319	-0.078043	-0.17901	-1.1905	-0.075319	-0.43779	0.10259	0.0042593	0.31337	-0.16271	-0.13529	-0.49192	0.63296	0.10639	2.1018	0.5242	0.77897	-0.5242	0.27307	0.43779	0.19446	-0.56327	0.56327	0.010894	-1.2282	-0.11753	0.16271	-0.19446	0.17901	0.31704	1.2282	0.49629	-0.0042593	-2.1018
"879"	-0.075319	2.1018	0.50744	1.1905	0.075319	0.31704	0.63296	0.56327	-0.56327	-0.010894	0.078043	0.43779	-0.77897	0.16271	-0.13529	-0.10259	-0.49629	0.77897	1.2282	-0.10639	-0.49192	-0.31337	0.010894	0.10639	0.27307	0.5242	-0.31704	0.31337	-2.1018	0.19446	0.0042593	-0.078043	-0.0042593	0.13529	0.49629	-1.2282	-0.43779	0.17901	-0.19446	0.49192	-0.11753	-0.17901	-1.1905	-0.5242	0.10259	-0.63296	-0.50744	0.11753	-0.16271	-0.27307
"880"	0.10259	-1.2282	0.075319	0.49629	0.27307	-0.19446	-0.10639	-0.27307	0.19446	0.17901	-0.0042593	1.1905	-0.31337	0.31337	-1.1905	-0.63296	-0.5242	0.49192	-2.1018	0.31704	-0.43779	0.56327	-0.11753	0.11753	-0.31704	0.10639	-0.77897	0.13529	-0.17901	-0.56327	-0.10259	-0.010894	-0.075319	0.010894	-0.13529	-0.16271	0.078043	0.63296	-0.50744	-0.49629	0.16271	1.2282	-0.49192	0.77897	0.0042593	0.50744	0.5242	0.43779	2.1018	-0.078043
"881"	1.2282	0.10259	-0.31704	0.010894	-2.1018	-0.19446	0.075319	-0.010894	-0.49629	0.56327	-0.43779	-0.56327	0.0042593	0.31337	0.19446	-0.5242	-0.63296	1.1905	-0.31337	-0.50744	0.49629	-0.075319	-0.11753	-0.10639	-0.16271	-0.49192	2.1018	0.31704	0.13529	0.27307	-0.078043	-0.10259	-0.13529	-1.2282	-0.17901	0.5242	0.43779	0.77897	0.17901	0.50744	0.63296	0.49192	0.10639	0.078043	0.11753	-0.77897	-1.1905	-0.0042593	0.16271	-0.27307
"882"	0.13529	-0.63296	0.31337	0.10259	-0.0042593	0.31704	0.50744	-0.77897	2.1018	0.078043	-0.49629	0.63296	-1.2282	0.010894	0.10639	0.19446	-0.078043	-0.31704	-2.1018	-0.49192	-0.17901	0.77897	0.49629	-0.13529	-0.31337	0.16271	-0.10639	-0.075319	0.27307	0.5242	0.17901	-0.56327	0.56327	-0.010894	-1.1905	-0.5242	-0.11753	0.49192	0.11753	1.2282	-0.16271	-0.43779	0.075319	-0.27307	0.43779	0.0042593	-0.50744	1.1905	-0.10259	-0.19446
"883"	0.010894	-0.31704	-0.0042593	-0.63296	-0.43779	0.11753	0.63296	-0.77897	0.49192	-0.13529	0.31704	-0.50744	-0.49629	-0.010894	0.43779	0.075319	-1.1905	-0.27307	1.2282	0.078043	-1.2282	-0.11753	-0.078043	0.19446	0.16271	-0.19446	0.27307	-0.5242	-0.17901	0.10259	0.13529	-0.10639	0.56327	-0.49192	-0.075319	0.0042593	-2.1018	0.5242	-0.16271	0.17901	-0.31337	0.50744	0.31337	2.1018	0.77897	-0.56327	0.49629	-0.10259	1.1905	0.10639
"884"	-0.63296	0.19446	-0.13529	2.1018	0.27307	0.50744	-1.2282	0.0042593	0.5242	-0.43779	-0.16271	0.31704	1.2282	-1.1905	0.77897	-0.77897	0.63296	-0.50744	0.010894	0.078043	0.11753	-0.0042593	-0.56327	-0.19446	-0.078043	-0.075319	0.075319	-0.17901	1.1905	-0.31337	-0.27307	0.13529	0.49192	-0.11753	-0.010894	0.49629	0.17901	-2.1018	0.43779	0.31337	-0.10259	0.16271	0.10639	-0.5242	0.10259	-0.49629	-0.49192	0.56327	-0.31704	-0.10639
"885"	0.075319	0.010894	-0.77897	-0.16271	0.19446	-0.11753	0.17901	-0.49629	0.56327	-0.56327	0.10259	0.50744	0.11753	-1.2282	0.49629	-0.49192	-0.31704	-0.13529	0.31704	0.43779	0.5242	-0.17901	0.0042593	-1.1905	0.27307	1.1905	-0.10259	0.49192	-0.010894	-0.31337	1.2282	0.63296	-0.078043	2.1018	-0.0042593	-0.27307	-2.1018	-0.43779	0.10639	-0.50744	-0.10639	0.31337	0.078043	-0.63296	-0.075319	-0.5242	0.13529	0.77897	-0.19446	0.16271
"886"	1.1905	0.56327	-0.19446	-2.1018	-0.43779	0.11753	0.19446	-0.075319	-0.49192	-0.77897	0.010894	-0.31704	-0.078043	0.078043	2.1018	0.63296	-0.010894	0.27307	0.17901	0.0042593	-0.5242	-0.13529	-0.10259	-0.27307	-0.11753	0.13529	0.10259	0.10639	0.43779	-0.50744	1.2282	-0.0042593	-0.49629	-0.31337	-0.16271	-0.63296	0.77897	0.31337	-1.2282	0.5242	-0.10639	0.50744	-0.56327	-1.1905	0.49629	-0.17901	0.31704	0.16271	0.075319	0.49192
"887"	0.10639	0.10259	0.31337	-0.77897	0.16271	1.1905	-0.49192	0.31704	0.010894	0.63296	0.50744	-1.1905	-2.1018	-0.5242	0.19446	2.1018	0.17901	-1.2282	-0.27307	-0.0042593	-0.50744	-0.078043	-0.31337	-0.075319	-0.19446	0.11753	-0.10259	-0.17901	0.075319	0.0042593	1.2282	0.49192	-0.31704	0.56327	0.13529	-0.63296	0.27307	-0.10639	-0.43779	0.5242	0.43779	-0.49629	-0.11753	-0.56327	-0.13529	-0.16271	0.77897	0.49629	0.078043	-0.010894
"888"	-0.13529	1.2282	0.13529	0.078043	0.5242	0.63296	0.50744	-0.77897	0.43779	0.56327	-1.1905	-0.078043	-0.010894	0.31337	0.27307	-0.49192	-0.50744	-0.56327	0.0042593	0.010894	0.10259	2.1018	0.77897	-0.43779	0.10639	-0.31337	0.49192	-0.16271	-0.19446	0.075319	0.11753	-0.17901	-0.27307	-1.2282	-0.49629	-0.5242	1.1905	-0.10639	0.17901	-2.1018	-0.10259	-0.31704	-0.11753	0.19446	0.49629	0.31704	0.16271	-0.0042593	-0.075319	-0.63296
"889"	0.31337	-1.1905	-0.5242	0.0042593	-0.078043	-0.10639	0.078043	0.50744	-0.63296	0.31704	-1.2282	0.11753	-0.19446	0.49629	-0.010894	0.56327	-2.1018	2.1018	-0.77897	-0.10259	-0.31704	-0.31337	-0.27307	0.10259	0.5242	0.77897	0.49192	0.16271	-0.075319	-0.13529	1.1905	0.075319	0.13529	0.10639	0.63296	0.43779	1.2282	0.010894	-0.0042593	-0.49192	-0.43779	0.17901	0.19446	0.27307	-0.16271	-0.11753	-0.56327	-0.17901	-0.50744	-0.49629
"890"	0.11753	-0.49629	0.31704	0.49192	-0.43779	-0.63296	-0.10639	2.1018	0.075319	-2.1018	0.010894	0.10259	0.77897	0.5242	-1.1905	0.10639	0.56327	-0.075319	-0.31337	-0.31704	-0.27307	-0.16271	0.078043	0.17901	0.31337	-0.77897	1.2282	0.50744	-0.078043	0.63296	-0.11753	-0.19446	0.0042593	-0.49192	-0.0042593	-0.5242	0.19446	-0.010894	-0.13529	0.13529	0.43779	-0.17901	-1.2282	0.49629	-0.10259	-0.56327	0.27307	1.1905	-0.50744	0.16271
"891"	1.1905	0.56327	-0.27307	-0.13529	-0.31337	0.17901	0.27307	0.19446	-0.49192	0.13529	-0.49629	-2.1018	-0.16271	0.31337	0.43779	-0.10259	0.31704	-0.43779	0.49629	-0.50744	0.50744	0.10639	-1.1905	1.2282	-0.0042593	-1.2282	-0.010894	-0.078043	-0.19446	0.0042593	0.10259	-0.77897	0.49192	-0.31704	-0.075319	-0.10639	-0.17901	0.075319	0.77897	0.010894	-0.11753	2.1018	-0.56327	0.11753	0.078043	0.5242	0.63296	0.16271	-0.5242	-0.63296
"892"	0.16271	0.31337	0.31704	0.19446	-0.31704	0.075319	-0.078043	0.49192	-0.10259	-0.43779	2.1018	-0.11753	0.10639	0.63296	-1.2282	0.10259	-2.1018	0.27307	0.49629	-0.19446	-0.10639	0.56327	0.11753	-0.56327	0.17901	-0.31337	-0.17901	-0.49192	-0.5242	0.50744	-0.50744	1.1905	-0.0042593	0.078043	0.010894	-0.49629	-0.77897	0.43779	0.0042593	0.77897	-0.16271	-0.27307	0.13529	-0.075319	-0.13529	0.5242	-0.63296	-0.010894	-1.1905	1.2282
"893"	0.43779	0.56327	2.1018	0.17901	0.50744	-0.075319	1.2282	0.010894	0.31704	-0.49629	-0.10259	-0.13529	-0.31337	1.1905	-0.11753	-0.19446	-0.5242	-0.078043	0.31337	-0.0042593	0.77897	0.63296	-0.16271	-1.2282	0.49629	-1.1905	-0.50744	0.078043	0.11753	-0.63296	-2.1018	-0.31704	0.5242	0.13529	0.10639	0.0042593	-0.43779	0.075319	0.16271	0.10259	-0.49192	-0.17901	-0.10639	0.19446	-0.27307	0.49192	-0.56327	-0.77897	0.27307	-0.010894
"894"	-0.49629	0.31704	0.13529	0.11753	1.2282	-0.11753	-0.10639	1.1905	-0.10259	-0.27307	0.49192	0.63296	-1.2282	-0.43779	0.10639	-0.56327	-0.16271	-0.5242	0.27307	-0.31704	0.77897	-0.49192	0.10259	0.075319	0.0042593	0.010894	-1.1905	-0.075319	0.5242	0.50744	0.16271	0.19446	-0.31337	-0.17901	-0.63296	-0.0042593	-0.078043	-0.13529	-0.50744	-0.77897	0.43779	0.078043	-2.1018	-0.19446	0.17901	0.31337	0.49629	2.1018	0.56327	-0.010894
"895"	0.19446	-0.010894	0.10639	0.11753	0.5242	-0.078043	-0.075319	0.77897	-1.2282	-0.63296	0.16271	0.0042593	-0.31337	-0.10259	0.63296	0.17901	-2.1018	0.078043	0.13529	0.49629	0.49192	-0.43779	-0.5242	0.075319	0.31704	-0.13529	-0.50744	0.50744	0.27307	-0.17901	-0.77897	0.56327	1.1905	-0.56327	0.31337	-0.0042593	-0.31704	2.1018	0.010894	0.43779	-0.49192	-0.49629	-0.11753	-0.16271	-0.10639	1.2282	-0.19446	0.10259	-1.1905	-0.27307
"896"	-0.16271	-0.49192	0.010894	0.50744	-0.27307	-0.77897	1.1905	0.16271	-0.63296	0.13529	-1.2282	-0.19446	0.43779	-0.43779	-0.49629	0.63296	-0.075319	0.49629	0.31337	0.0042593	0.17901	-2.1018	0.11753	-0.31337	0.56327	-1.1905	0.77897	0.27307	-0.11753	-0.5242	0.31704	0.078043	-0.50744	-0.17901	-0.010894	-0.13529	0.19446	0.49192	0.5242	-0.56327	-0.078043	0.10639	1.2282	-0.10259	-0.0042593	-0.31704	-0.10639	0.075319	2.1018	0.10259
"897"	0.50744	0.17901	0.49192	0.10639	-0.17901	0.078043	0.16271	0.075319	-0.0042593	-0.16271	-0.49629	0.27307	-0.50744	-0.11753	0.0042593	-0.5242	-0.31704	-0.010894	0.49629	-0.31337	0.19446	0.77897	1.2282	-0.10639	0.63296	-0.19446	-1.1905	-2.1018	0.13529	1.1905	0.10259	0.31704	-0.56327	0.43779	-0.49192	0.31337	-0.43779	-1.2282	-0.078043	0.11753	-0.27307	-0.13529	-0.075319	-0.77897	2.1018	0.010894	0.56327	0.5242	-0.63296	-0.10259
"898"	0.13529	-0.43779	-0.31337	1.2282	0.43779	0.5242	-0.10259	0.56327	0.078043	-0.13529	0.63296	0.11753	-0.5242	-0.10639	-0.50744	0.31704	-0.010894	1.1905	-1.2282	0.49192	-0.11753	0.17901	0.50744	-0.19446	0.27307	0.10259	-2.1018	-0.49192	0.16271	-0.77897	-0.0042593	0.010894	-0.17901	-0.075319	-0.27307	2.1018	0.31337	-1.1905	-0.31704	0.0042593	-0.16271	0.19446	-0.49629	0.77897	-0.63296	0.10639	-0.078043	0.075319	-0.56327	0.49629
"899"	-1.2282	-0.56327	-0.49629	0.56327	-0.50744	-0.11753	-0.16271	0.17901	0.16271	0.77897	0.31704	-0.63296	0.50744	-2.1018	-0.17901	0.078043	0.49629	-0.49192	0.13529	0.10259	0.0042593	0.49192	0.63296	0.010894	-0.27307	0.075319	0.10639	1.2282	-0.10639	1.1905	-0.010894	-0.0042593	-0.13529	-1.1905	-0.77897	0.31337	-0.31704	0.27307	-0.43779	-0.5242	-0.19446	-0.31337	0.11753	0.19446	-0.078043	0.5242	-0.10259	-0.075319	2.1018	0.43779
"900"	-0.010894	2.1018	0.56327	0.27307	0.19446	0.31337	0.0042593	0.49192	-0.31337	-0.13529	0.77897	0.075319	-0.56327	0.16271	-0.075319	-0.078043	0.078043	0.13529	-0.11753	0.10259	0.010894	-0.31704	-0.16271	0.5242	-0.10259	0.63296	-0.27307	0.50744	0.10639	-0.5242	1.2282	-0.0042593	-0.19446	-1.2282	1.1905	-0.43779	-0.49192	0.43779	-0.49629	-0.17901	0.11753	-0.10639	0.31704	-0.63296	-0.50744	-1.1905	0.49629	0.17901	-0.77897	-2.1018
"901"	0.31704	0.11753	0.13529	0.63296	0.19446	0.49629	-0.50744	-0.078043	0.5242	-0.17901	0.77897	-0.11753	0.17901	0.31337	-0.13529	0.10639	2.1018	0.10259	-0.10639	-0.0042593	0.27307	-0.16271	-0.77897	-0.075319	-0.19446	-1.1905	-0.49192	1.2282	-0.010894	-0.63296	-1.2282	-2.1018	1.1905	-0.31337	0.16271	0.078043	0.43779	-0.5242	0.49192	0.0042593	-0.10259	-0.56327	-0.31704	-0.49629	0.010894	0.56327	-0.43779	-0.27307	0.075319	0.50744
"902"	-0.31704	-0.49629	0.10639	0.50744	2.1018	0.078043	0.27307	0.63296	-0.10639	0.49192	-0.50744	0.49629	-0.13529	-0.49192	-1.2282	0.075319	0.0042593	0.19446	-0.27307	-0.17901	-0.16271	0.010894	-0.10259	-0.19446	-0.56327	0.11753	-0.77897	0.31337	-0.5242	-1.1905	-0.11753	-0.0042593	-0.010894	0.43779	0.17901	1.2282	0.77897	0.16271	-0.31337	0.10259	-2.1018	-0.43779	0.56327	0.5242	0.31704	-0.075319	1.1905	0.13529	-0.63296	-0.078043
"903"	-2.1018	0.10639	0.5242	-0.078043	-0.10259	-1.1905	0.010894	0.49629	0.078043	0.10259	-0.56327	-0.16271	-0.49629	-0.010894	-0.50744	-0.10639	0.16271	0.31704	0.075319	0.49192	-0.63296	0.50744	-0.31704	0.77897	-0.19446	-0.49192	-1.2282	2.1018	0.27307	0.43779	0.17901	-0.43779	-0.11753	-0.31337	0.11753	1.2282	0.63296	-0.27307	0.19446	1.1905	-0.13529	-0.17901	-0.5242	0.56327	-0.77897	-0.075319	0.31337	-0.0042593	0.0042593	0.13529
"904"	0.27307	-0.11753	0.31704	2.1018	-0.13529	0.075319	-0.63296	-0.0042593	0.010894	0.16271	0.078043	-0.77897	0.31337	0.13529	0.49629	0.77897	-1.1905	-0.50744	0.10259	0.49192	0.63296	-0.075319	0.10639	-0.43779	-2.1018	-0.49192	-0.31704	-0.5242	-0.17901	-0.078043	0.5242	1.1905	1.2282	0.11753	-0.10259	-0.010894	-0.16271	-0.10639	0.17901	-0.19446	0.56327	-0.49629	0.19446	0.0042593	-0.56327	0.50744	-1.2282	0.43779	-0.31337	-0.27307
"905"	0.49192	-0.77897	1.2282	1.1905	0.5242	-0.075319	-0.17901	-0.31337	-0.13529	0.13529	0.31337	-0.49629	0.0042593	-0.63296	0.17901	0.27307	2.1018	0.49629	-0.16271	0.77897	-0.10639	0.10639	-0.19446	0.010894	0.078043	0.11753	-0.5242	0.31704	-0.56327	-0.0042593	0.63296	0.10259	-0.11753	-0.43779	-0.50744	-0.10259	0.16271	-0.010894	-0.27307	0.19446	0.56327	0.075319	-0.31704	-0.49192	-1.2282	0.43779	0.50744	-0.078043	-1.1905	-2.1018
"906"	-1.1905	0.31337	1.1905	0.49192	-0.075319	-0.010894	0.10639	-0.50744	0.078043	-0.0042593	-0.11753	0.5242	0.11753	-2.1018	-0.31337	-0.49192	-0.77897	0.49629	0.43779	-0.078043	-1.2282	0.0042593	0.50744	0.10259	0.075319	-0.16271	-0.27307	2.1018	-0.17901	-0.49629	-0.56327	0.31704	-0.19446	-0.31704	-0.5242	-0.10259	0.63296	0.16271	-0.10639	0.77897	-0.43779	0.17901	0.19446	0.56327	0.13529	1.2282	0.010894	0.27307	-0.13529	-0.63296
"907"	-0.49629	-0.63296	0.0042593	-0.43779	-2.1018	-0.16271	0.075319	-0.31337	0.49629	-0.075319	-0.56327	-0.77897	0.17901	0.43779	0.56327	0.63296	-0.010894	-0.50744	0.77897	0.49192	-0.10639	-0.31704	-0.13529	0.078043	-0.11753	0.31337	0.16271	-0.5242	0.5242	-0.0042593	1.1905	-0.19446	-0.17901	0.31704	0.10259	0.19446	0.27307	0.010894	0.10639	-0.27307	2.1018	-0.10259	-0.078043	-0.49192	1.2282	0.13529	-1.2282	0.50744	0.11753	-1.1905
"908"	-0.010894	0.13529	-0.075319	0.49629	-0.50744	0.16271	0.17901	-1.2282	-0.17901	0.43779	-0.77897	-0.63296	0.075319	0.49192	1.2282	-0.13529	0.56327	0.10259	-0.10639	0.078043	-0.10259	0.19446	-0.11753	-0.16271	0.31704	-0.49629	-0.5242	0.50744	0.77897	-0.19446	-0.49192	0.0042593	-0.31337	0.31337	0.11753	-0.43779	-0.27307	0.27307	-2.1018	-1.1905	-0.56327	1.1905	0.5242	-0.31704	0.10639	-0.078043	0.63296	2.1018	-0.0042593	0.010894
"909"	0.078043	0.63296	0.10639	-0.13529	0.27307	-0.0042593	0.13529	2.1018	-0.31337	-0.10259	-0.49192	0.075319	-0.31704	0.56327	-2.1018	-0.075319	-0.63296	-0.078043	-0.19446	0.10259	-0.11753	0.0042593	-0.77897	0.77897	0.43779	0.19446	0.31704	1.1905	-1.2282	0.16271	0.11753	0.010894	-1.1905	0.49629	-0.16271	-0.50744	-0.17901	0.17901	0.50744	-0.010894	0.5242	-0.5242	1.2282	-0.10639	-0.27307	0.49192	-0.43779	0.31337	-0.56327	-0.49629
"910"	1.2282	0.31337	0.10259	0.17901	0.43779	-0.10259	0.63296	0.27307	-0.27307	-1.2282	0.50744	1.1905	0.13529	0.19446	-2.1018	-0.010894	-0.31337	-0.63296	-0.16271	-0.075319	-0.31704	-1.1905	-0.49629	-0.56327	-0.50744	-0.43779	0.075319	2.1018	0.10639	-0.19446	-0.49192	-0.0042593	0.49192	0.0042593	-0.17901	-0.5242	0.16271	0.56327	0.11753	-0.77897	-0.10639	-0.078043	0.31704	-0.11753	0.5242	0.49629	-0.13529	0.078043	0.010894	0.77897
"911"	0.77897	-0.50744	0.10639	0.31337	0.078043	-2.1018	-1.1905	0.43779	0.17901	0.19446	0.075319	1.2282	0.10259	0.31704	0.16271	-0.11753	-0.63296	-0.17901	-1.2282	-0.27307	-0.16271	0.5242	0.27307	0.49629	0.13529	-0.10639	-0.5242	0.56327	-0.77897	-0.13529	-0.31337	-0.49629	0.63296	2.1018	0.010894	0.50744	-0.19446	0.49192	-0.49192	-0.43779	1.1905	-0.0042593	-0.075319	0.0042593	-0.078043	0.11753	-0.010894	-0.31704	-0.56327	-0.10259
"912"	-0.0042593	0.19446	1.2282	0.27307	0.0042593	-0.5242	0.49192	-0.77897	-0.075319	-0.16271	0.16271	-0.10259	0.49629	0.56327	0.63296	0.075319	-2.1018	0.10259	0.11753	1.1905	-0.078043	-0.43779	-1.2282	0.43779	0.13529	-0.11753	-0.31337	2.1018	-0.010894	0.31704	0.10639	-0.10639	-0.49192	0.010894	-0.50744	-0.31704	0.5242	-0.49629	0.77897	0.50744	-1.1905	0.31337	0.078043	-0.19446	-0.56327	0.17901	-0.27307	-0.17901	-0.63296	-0.13529
"913"	-0.50744	-0.11753	-0.27307	0.56327	0.43779	-0.17901	-0.43779	-0.63296	-1.1905	0.078043	0.11753	-0.5242	0.13529	-0.49192	0.17901	0.49192	-0.49629	0.77897	0.49629	-0.31337	-0.16271	0.0042593	-0.31704	0.31337	2.1018	-0.56327	-0.10259	1.1905	0.50744	0.63296	-2.1018	-0.010894	0.31704	-0.13529	-0.075319	0.16271	-1.2282	0.10639	-0.0042593	0.010894	-0.078043	-0.77897	0.075319	0.10259	-0.19446	1.2282	-0.10639	0.19446	0.27307	0.5242
"914"	0.31704	0.5242	0.27307	-0.27307	0.77897	0.16271	-0.63296	-0.49192	0.50744	0.10259	0.49629	0.10639	-2.1018	0.63296	-1.1905	-0.0042593	0.010894	0.31337	-0.5242	-0.11753	-1.2282	-0.49629	0.078043	-0.50744	-0.13529	-0.10259	-0.10639	0.0042593	0.49192	0.17901	1.1905	-0.010894	-0.31704	0.19446	0.43779	0.075319	0.13529	-0.77897	-0.16271	-0.17901	0.11753	-0.075319	2.1018	-0.43779	-0.31337	-0.56327	-0.078043	-0.19446	1.2282	0.56327
"915"	0.31337	-0.5242	0.19446	0.010894	-0.10259	-0.56327	-0.77897	0.11753	-1.1905	1.2282	0.075319	-0.50744	-0.27307	-0.43779	0.16271	-0.0042593	0.078043	0.49629	-0.49629	1.1905	0.49192	0.0042593	0.43779	0.13529	-0.63296	0.5242	0.27307	-0.17901	0.10639	-0.11753	-0.31337	-1.2282	0.17901	-0.13529	-0.49192	-0.010894	-0.10639	-0.31704	0.50744	0.56327	0.63296	0.31704	-0.078043	-0.16271	0.77897	-0.19446	-2.1018	0.10259	2.1018	-0.075319
"916"	-2.1018	0.77897	-0.17901	0.11753	-0.16271	1.1905	0.50744	0.13529	0.31704	-0.49629	-0.13529	1.2282	0.075319	-1.2282	0.31337	-0.31337	-0.63296	-0.43779	-0.31704	0.43779	0.19446	0.16271	-0.10259	2.1018	0.0042593	0.49629	-0.5242	-0.010894	-0.11753	0.56327	-0.50744	-0.56327	-0.075319	-0.078043	0.10639	0.27307	0.63296	-0.77897	0.010894	-0.27307	0.078043	0.5242	-0.0042593	0.10259	0.17901	-0.49192	-0.10639	-0.19446	0.49192	-1.1905
"917"	0.27307	0.77897	-0.56327	0.075319	-0.010894	0.43779	-0.50744	0.13529	-0.63296	-0.31704	-0.27307	0.5242	0.10259	-0.77897	-0.49192	-0.11753	0.49629	-0.43779	-1.1905	1.1905	-0.075319	-0.10639	-1.2282	0.010894	0.63296	-0.078043	-0.49629	-0.31337	0.31704	0.50744	0.49192	-0.13529	0.0042593	0.11753	-0.10259	-0.16271	-0.19446	0.078043	-0.0042593	2.1018	1.2282	0.10639	0.16271	0.56327	-0.5242	-0.17901	0.31337	-2.1018	0.17901	0.19446
"918"	-0.43779	0.27307	0.010894	-0.10639	0.075319	0.5242	0.49629	-0.11753	0.0042593	1.2282	0.078043	-0.010894	-0.63296	-0.075319	0.17901	0.11753	-0.31704	2.1018	-0.50744	-0.16271	-0.31337	0.49192	-0.17901	-2.1018	-0.56327	1.1905	0.77897	-1.1905	0.63296	0.10259	0.31337	0.50744	-0.5242	0.10639	-0.49192	-0.078043	-0.77897	0.31704	-0.49629	0.43779	-0.10259	-0.27307	-0.13529	0.19446	0.13529	-1.2282	0.16271	0.56327	-0.19446	-0.0042593
"919"	-0.49192	0.13529	0.17901	-0.11753	-0.075319	-0.10259	0.49629	0.63296	0.43779	0.27307	0.0042593	0.19446	2.1018	0.31337	0.10259	-0.10639	-0.31704	-0.50744	-0.19446	-1.1905	-0.16271	-1.2282	0.16271	-0.49629	-0.27307	-0.77897	0.075319	0.5242	-2.1018	0.50744	-0.63296	-0.010894	-0.13529	0.010894	-0.0042593	-0.5242	0.078043	1.2282	-0.17901	0.56327	0.11753	-0.56327	-0.43779	0.77897	-0.31337	0.10639	-0.078043	1.1905	0.49192	0.31704
"920"	-0.078043	-0.16271	0.43779	0.078043	-0.27307	-0.43779	-0.13529	0.13529	-0.49192	0.19446	0.77897	0.27307	0.49192	0.11753	1.2282	0.10639	0.5242	0.31704	-0.31704	0.0042593	0.16271	0.49629	-0.10259	-0.77897	-0.56327	-1.2282	0.17901	0.31337	-2.1018	2.1018	-0.5242	-0.19446	0.010894	-0.63296	-0.11753	-1.1905	-0.010894	-0.50744	0.50744	0.63296	-0.17901	0.075319	0.56327	0.10259	-0.31337	-0.075319	-0.10639	-0.49629	1.1905	-0.0042593
"921"	-2.1018	-0.10639	-0.16271	0.56327	-0.77897	-0.17901	-0.078043	0.63296	-0.19446	0.17901	0.078043	-0.49192	-0.27307	0.075319	-0.56327	-1.2282	-0.075319	-0.63296	0.010894	0.10639	0.77897	2.1018	-0.0042593	0.19446	-0.31704	0.5242	0.49629	0.43779	0.50744	-0.13529	0.49192	0.27307	0.10259	0.31337	1.1905	-0.43779	0.13529	-0.49629	0.0042593	0.31704	-1.1905	-0.11753	1.2282	-0.5242	-0.31337	-0.50744	-0.10259	-0.010894	0.16271	0.11753
"922"	0.56327	1.2282	0.010894	0.31704	-0.31337	0.49192	0.5242	-0.17901	-0.43779	0.49629	0.43779	0.10639	-0.77897	0.63296	-1.1905	-0.27307	-0.078043	-0.11753	-0.63296	-0.010894	2.1018	-0.5242	-0.0042593	0.0042593	-0.19446	0.77897	0.17901	0.10259	-0.31704	1.1905	-1.2282	-2.1018	-0.49629	0.11753	0.16271	-0.075319	-0.13529	-0.10259	0.13529	-0.50744	0.27307	0.078043	-0.49192	0.19446	0.31337	-0.16271	-0.56327	0.075319	0.50744	-0.10639
"923"	-1.2282	0.0042593	2.1018	1.2282	-0.16271	0.27307	-0.11753	0.49629	0.31704	0.010894	-0.10259	-0.19446	0.10259	-0.075319	0.5242	-0.31704	0.10639	-0.49192	0.49192	-0.17901	0.31337	-0.77897	0.77897	-0.43779	1.1905	0.50744	-0.078043	0.17901	0.11753	-0.27307	-0.13529	-1.1905	0.43779	-0.50744	0.16271	-0.010894	0.63296	-0.63296	0.19446	-0.0042593	-2.1018	0.078043	-0.56327	-0.5242	-0.31337	-0.49629	-0.10639	0.13529	0.075319	0.56327
"924"	-0.0042593	0.77897	0.31704	-0.010894	0.075319	-0.19446	0.49192	1.2282	-0.11753	0.010894	0.5242	-0.63296	0.50744	-0.49629	-0.13529	0.27307	0.10259	0.49629	0.19446	-0.49192	-0.43779	-2.1018	-0.17901	0.10639	0.63296	-0.50744	0.56327	0.078043	0.16271	-0.078043	-0.77897	2.1018	0.43779	0.17901	1.1905	0.31337	0.0042593	0.13529	-0.31337	-0.10259	-0.56327	-0.27307	-0.16271	-0.10639	0.11753	-1.2282	-0.075319	-1.1905	-0.5242	-0.31704
"925"	0.11753	-0.0042593	-0.19446	-0.31704	0.31704	2.1018	-0.63296	-0.010894	-0.5242	0.078043	0.16271	1.2282	0.31337	0.63296	-0.50744	-0.078043	-0.49192	-0.13529	0.27307	0.17901	-0.31337	0.075319	0.43779	0.49192	-2.1018	-0.16271	-0.27307	-0.17901	0.0042593	0.010894	0.56327	-0.77897	-0.49629	-0.10259	-0.43779	1.1905	-1.1905	0.5242	0.13529	0.19446	0.77897	-0.10639	0.50744	-0.56327	-0.075319	-1.2282	-0.11753	0.49629	0.10259	0.10639
"926"	0.49629	-0.17901	1.1905	0.56327	0.49192	0.5242	-0.19446	0.77897	-0.16271	-0.49629	-0.010894	0.075319	-0.075319	-2.1018	-0.27307	0.13529	-1.2282	0.27307	1.2282	-0.56327	0.010894	2.1018	0.50744	-0.078043	0.19446	-1.1905	0.10259	-0.11753	-0.0042593	-0.63296	0.43779	0.10639	0.17901	-0.5242	-0.31704	0.0042593	0.11753	-0.50744	0.63296	-0.43779	-0.31337	0.078043	0.31337	-0.13529	-0.10259	-0.49192	0.31704	0.16271	-0.77897	-0.10639
"927"	0.078043	-0.27307	0.10639	0.31337	0.43779	0.10259	-0.075319	-0.49192	-0.56327	-0.50744	-0.13529	-0.010894	0.49629	-0.31704	0.075319	1.1905	0.49192	0.56327	-0.16271	0.11753	-0.10259	-1.2282	1.2282	2.1018	-2.1018	-0.078043	-1.1905	0.77897	0.0042593	-0.19446	-0.63296	0.50744	-0.11753	-0.17901	-0.31337	0.31704	-0.43779	-0.5242	0.27307	-0.10639	0.13529	-0.0042593	0.16271	-0.49629	0.5242	0.010894	0.19446	0.63296	-0.77897	0.17901
"928"	-0.075319	0.31337	-0.010894	-2.1018	-1.2282	-0.43779	0.5242	-0.13529	-1.1905	-0.19446	0.43779	2.1018	-0.77897	1.1905	0.27307	-0.5242	0.19446	-0.078043	0.13529	-0.31704	-0.31337	0.10259	0.17901	-0.27307	-0.10259	0.63296	0.0042593	1.2282	0.50744	-0.63296	-0.10639	-0.49629	-0.11753	0.078043	-0.49192	0.10639	0.31704	-0.0042593	0.77897	0.56327	0.010894	0.16271	0.11753	0.49192	-0.50744	-0.17901	-0.56327	-0.16271	0.49629	0.075319
"929"	-0.13529	0.0042593	0.49192	-0.27307	-0.31337	0.56327	0.43779	-0.63296	-0.075319	0.63296	-2.1018	0.16271	-0.31704	-0.49629	-0.16271	-1.2282	0.27307	-0.50744	-0.11753	-1.1905	0.10639	-0.5242	-0.49192	0.010894	0.17901	1.1905	0.11753	0.31337	0.50744	0.31704	0.075319	1.2282	0.49629	0.19446	-0.56327	0.13529	2.1018	-0.43779	0.078043	-0.10259	0.77897	-0.10639	-0.77897	0.5242	-0.19446	0.10259	-0.17901	-0.078043	-0.0042593	-0.010894
"930"	-0.43779	-0.19446	0.31704	0.19446	0.27307	0.10259	-0.010894	1.1905	-0.10639	-0.075319	-0.56327	0.10639	0.63296	0.77897	-0.49629	-1.1905	0.078043	0.50744	0.5242	-0.17901	0.17901	-0.0042593	-0.5242	0.16271	0.49629	-0.31337	-0.49192	1.2282	-0.27307	0.11753	0.075319	2.1018	-0.16271	-0.31704	0.010894	0.43779	-0.13529	0.13529	-0.63296	-0.10259	-2.1018	-0.11753	-0.50744	0.56327	-0.078043	0.0042593	-1.2282	-0.77897	0.49192	0.31337
"931"	0.77897	-0.56327	0.63296	1.1905	0.16271	-0.16271	-0.27307	-0.49192	-0.5242	-0.13529	0.31704	-0.17901	0.56327	0.0042593	-0.43779	-0.075319	0.010894	-0.11753	0.43779	-0.19446	-2.1018	-0.50744	-0.10259	0.50744	-0.63296	0.49192	0.10639	-1.1905	-0.49629	0.27307	-0.10639	0.31337	0.49629	0.19446	-0.010894	-1.2282	2.1018	0.5242	-0.31704	0.075319	-0.0042593	-0.078043	0.13529	1.2282	0.10259	0.11753	-0.31337	-0.77897	0.17901	0.078043
"932"	0.17901	1.1905	-0.31337	-2.1018	1.2282	0.27307	0.56327	-0.078043	0.31337	-0.16271	-0.63296	0.50744	0.43779	-0.5242	2.1018	-0.49629	0.16271	-0.11753	0.63296	0.010894	-0.77897	0.10639	-0.56327	-0.10639	0.075319	-0.43779	-0.31704	-1.2282	0.10259	-1.1905	-0.13529	-0.0042593	0.5242	0.77897	-0.075319	0.49629	-0.50744	-0.17901	0.0042593	-0.27307	0.11753	0.13529	0.49192	0.31704	-0.19446	0.078043	-0.10259	-0.49192	0.19446	-0.010894
"933"	-0.0042593	0.010894	1.2282	-0.50744	0.17901	-0.5242	-0.078043	0.075319	-0.19446	-0.31704	0.56327	-0.11753	-0.31337	-0.63296	0.43779	0.5242	-0.56327	0.49629	0.31337	-0.010894	1.1905	0.63296	-0.43779	-0.13529	0.10639	-1.2282	-0.49192	-0.16271	0.0042593	-0.77897	2.1018	-0.075319	-0.10639	-0.17901	0.31704	0.11753	-2.1018	0.078043	-1.1905	0.50744	0.49192	-0.49629	0.10259	0.27307	0.77897	0.19446	0.13529	-0.27307	0.16271	-0.10259
"934"	-0.10259	-0.16271	-0.43779	0.19446	-1.2282	0.075319	0.49192	-0.31337	-0.010894	-0.77897	-0.27307	0.5242	0.0042593	0.31704	0.16271	1.1905	0.56327	-0.10639	0.49629	-0.11753	0.31337	0.13529	-1.1905	-0.19446	0.50744	0.078043	2.1018	-0.0042593	-0.13529	-0.50744	0.43779	-0.49629	1.2282	0.10259	-0.075319	-2.1018	0.17901	0.010894	-0.56327	-0.17901	-0.63296	0.63296	-0.078043	-0.5242	0.77897	0.11753	0.27307	-0.49192	-0.31704	0.10639
"935"	0.77897	0.010894	0.10259	2.1018	-0.17901	-0.31337	-0.078043	1.2282	-0.50744	-0.16271	0.49192	-0.31704	0.13529	1.1905	-0.43779	-0.10259	0.16271	0.0042593	-0.19446	0.49629	-0.49192	-0.11753	0.078043	-0.49629	0.43779	0.5242	-0.27307	-0.10639	0.56327	-0.56327	0.11753	-0.63296	-0.13529	-0.0042593	0.63296	-0.010894	0.31337	-1.2282	0.50744	-0.075319	0.17901	-1.1905	-0.5242	0.10639	0.27307	-0.77897	0.075319	0.31704	0.19446	-2.1018
"936"	0.17901	-0.63296	1.1905	0.5242	-0.49629	-0.19446	0.43779	-1.1905	0.63296	-0.10259	0.16271	0.31337	0.49192	-0.56327	0.010894	-0.010894	-0.77897	-0.11753	-0.31704	-0.16271	0.11753	-0.49192	-0.0042593	0.49629	0.13529	-2.1018	0.50744	0.77897	0.19446	0.10639	0.56327	0.10259	-0.5242	-0.10639	-0.31337	2.1018	-1.2282	-0.17901	-0.50744	-0.078043	0.27307	-0.13529	-0.075319	-0.27307	0.31704	-0.43779	0.075319	0.0042593	1.2282	0.078043
"937"	-0.075319	0.49192	-0.19446	0.49629	0.31704	-1.1905	0.56327	-0.27307	-0.16271	-0.31337	1.1905	0.31337	0.075319	0.10639	0.5242	-0.43779	-0.17901	0.17901	0.11753	0.13529	2.1018	-0.078043	0.50744	0.19446	1.2282	-0.56327	-0.010894	0.10259	0.77897	-1.2282	-0.11753	-0.49629	-0.10639	-0.50744	-0.0042593	0.078043	0.27307	-0.49192	-0.13529	-0.10259	0.010894	-0.63296	0.63296	0.43779	-0.31704	0.16271	0.0042593	-2.1018	-0.5242	-0.77897
"938"	0.13529	0.50744	0.078043	-0.49192	-0.010894	-0.075319	0.27307	-0.27307	0.19446	-0.5242	-0.31337	0.31704	0.49629	-0.10259	-0.13529	-1.1905	-0.10639	-0.11753	-0.77897	0.49192	-0.31704	0.5242	1.1905	0.77897	-0.63296	0.16271	-1.2282	0.0042593	0.17901	-0.43779	0.43779	-0.17901	2.1018	-0.49629	-0.0042593	0.10259	-0.56327	0.075319	0.63296	0.010894	-2.1018	0.10639	-0.50744	-0.16271	1.2282	0.56327	-0.078043	-0.19446	0.31337	0.11753
"939"	-0.13529	-0.078043	0.5242	-0.11753	1.2282	-1.2282	-0.49629	0.17901	0.16271	-0.50744	0.31337	-0.075319	0.10259	0.11753	0.27307	0.50744	-1.1905	0.010894	0.075319	0.10639	-0.49192	0.49192	0.43779	0.49629	-0.77897	-0.010894	-0.16271	0.56327	-2.1018	-0.27307	-0.10259	-0.31704	-0.10639	0.31704	0.63296	-0.43779	0.77897	0.19446	-0.5242	-0.19446	-0.63296	-0.0042593	2.1018	-0.17901	-0.31337	0.13529	0.0042593	-0.56327	1.1905	0.078043
"940"	0.11753	-0.17901	-0.43779	0.63296	-0.77897	-1.1905	-0.31337	0.31704	0.13529	-0.56327	-0.11753	0.56327	0.078043	-0.10639	-2.1018	-0.13529	0.19446	-1.2282	0.17901	0.10259	0.010894	0.10639	0.77897	2.1018	1.2282	0.5242	1.1905	0.43779	0.0042593	-0.0042593	0.16271	-0.078043	-0.19446	-0.50744	-0.16271	-0.010894	0.27307	-0.10259	-0.31704	0.50744	0.49629	-0.5242	-0.075319	-0.63296	-0.27307	0.31337	-0.49629	0.075319	0.49192	-0.49192
"941"	-0.49192	-0.078043	-0.075319	-0.0042593	0.11753	0.49192	-0.10639	0.31337	-0.13529	-1.2282	0.13529	0.77897	-0.010894	0.10259	0.0042593	0.10639	-0.31704	0.27307	-0.10259	-0.19446	0.075319	-0.49629	-2.1018	0.43779	2.1018	-0.11753	0.19446	-0.27307	0.5242	0.31704	-0.17901	-0.77897	1.2282	-0.5242	0.50744	0.17901	0.49629	0.16271	0.56327	-0.16271	-0.63296	1.1905	0.010894	-1.1905	-0.31337	-0.43779	-0.50744	-0.56327	0.078043	0.63296
"942"	0.49629	0.63296	0.10259	0.49192	-0.078043	-0.16271	0.13529	0.075319	0.50744	0.19446	0.56327	-0.77897	0.10639	0.27307	-0.010894	1.1905	-0.50744	0.078043	-0.11753	-0.075319	-2.1018	-0.5242	2.1018	0.010894	-0.27307	0.0042593	-0.31337	-0.63296	0.77897	-0.10639	0.5242	-1.2282	-0.17901	-0.10259	1.2282	-0.0042593	-0.56327	-0.13529	-0.19446	-0.43779	-0.49629	-1.1905	0.31337	-0.31704	0.31704	0.43779	0.17901	0.16271	-0.49192	0.11753
"943"	-0.10259	-0.31704	-0.17901	-1.1905	0.13529	0.075319	-0.19446	0.5242	-1.2282	0.31704	-0.078043	1.2282	-0.10639	-0.010894	0.63296	-0.77897	0.77897	0.010894	0.43779	-0.56327	-0.31337	-0.5242	2.1018	-0.49192	-0.27307	0.27307	0.10639	0.56327	0.31337	1.1905	-0.49629	-0.0042593	-0.43779	-0.63296	-0.075319	0.0042593	-2.1018	-0.13529	0.16271	0.078043	0.50744	-0.11753	0.49629	0.17901	-0.50744	0.11753	-0.16271	0.10259	0.19446	0.49192
"944"	-0.13529	0.49629	0.078043	0.27307	-2.1018	-0.5242	-0.31704	-0.10639	2.1018	-1.2282	0.0042593	0.50744	0.075319	-0.11753	0.11753	-0.010894	0.5242	-1.1905	1.2282	-0.49192	-0.27307	-0.16271	-0.17901	0.13529	-0.0042593	-0.77897	0.49192	-0.50744	0.31704	1.1905	-0.10259	0.77897	-0.56327	-0.43779	0.43779	0.16271	-0.19446	-0.075319	0.56327	-0.078043	0.010894	-0.31337	-0.49629	-0.63296	0.10259	0.17901	0.63296	0.10639	0.31337	0.19446
"945"	-0.43779	-0.49192	0.49629	0.77897	0.31704	0.19446	0.10639	-1.1905	-0.77897	-1.2282	0.27307	-0.31337	-0.078043	0.13529	0.17901	1.2282	0.078043	-0.56327	-0.0042593	-0.16271	-0.27307	-0.49629	-0.11753	0.50744	-0.17901	1.1905	-0.31704	-0.010894	0.11753	0.56327	0.0042593	0.5242	-2.1018	-0.5242	0.31337	-0.63296	0.49192	-0.13529	0.63296	0.075319	0.43779	0.16271	0.10259	-0.075319	-0.19446	-0.10639	-0.50744	2.1018	0.010894	-0.10259
"946"	-0.49629	-0.075319	1.1905	-0.11753	0.49192	-0.31337	1.2282	-0.43779	0.31337	-1.1905	0.16271	0.078043	0.56327	-0.31704	0.27307	0.11753	-0.16271	-0.010894	0.17901	-1.2282	-0.5242	0.0042593	-0.078043	0.43779	-0.63296	0.50744	-0.77897	0.31704	-0.50744	-0.19446	-0.13529	-0.17901	0.5242	0.10639	-0.27307	2.1018	0.13529	0.63296	-0.56327	0.77897	-2.1018	0.49629	-0.10639	0.10259	0.010894	-0.0042593	-0.49192	-0.10259	0.19446	0.075319
"947"	0.63296	-0.10639	0.17901	0.5242	-0.17901	0.50744	2.1018	0.77897	-0.49192	-0.43779	-0.56327	-0.10259	-0.16271	-0.31337	-0.11753	0.010894	0.49629	-0.63296	-1.2282	0.19446	-0.77897	1.2282	0.10259	0.31337	-0.010894	0.0042593	0.56327	0.075319	-0.0042593	0.10639	0.31704	-0.19446	0.078043	-0.50744	-0.31704	-0.075319	-0.49629	0.49192	0.27307	-0.5242	-0.13529	0.11753	-2.1018	-0.27307	1.1905	0.43779	-0.078043	0.16271	0.13529	-1.1905
"948"	0.19446	-0.31337	-0.49629	2.1018	-0.77897	-0.5242	0.5242	0.075319	0.49629	0.27307	-0.0042593	0.16271	0.63296	-0.56327	0.31337	0.50744	-0.31704	0.49192	-0.13529	-1.2282	0.010894	-0.19446	0.078043	-0.49192	0.10259	0.13529	-0.10259	0.56327	-0.010894	0.31704	0.17901	-2.1018	-0.63296	-0.27307	-0.075319	0.10639	-0.16271	-1.1905	0.0042593	1.1905	-0.10639	0.43779	1.2282	-0.43779	0.77897	-0.17901	-0.50744	0.11753	-0.078043	-0.11753
"949"	0.075319	-0.17901	0.27307	-0.16271	-2.1018	-0.63296	-0.27307	-0.078043	-1.1905	0.10639	0.17901	0.31337	-0.49629	-0.10259	-0.19446	-0.0042593	0.16271	-0.13529	0.63296	1.1905	-0.10639	0.11753	0.5242	0.77897	-0.075319	0.10259	0.31704	0.49629	-1.2282	0.0042593	2.1018	0.010894	0.13529	-0.50744	0.56327	-0.49192	-0.31704	-0.5242	-0.43779	-0.56327	-0.11753	0.50744	-0.31337	1.2282	-0.010894	0.078043	0.49192	0.19446	-0.77897	0.43779
"950"	-0.11753	0.49192	-0.19446	-0.77897	0.13529	0.43779	-0.10259	0.49629	-0.0042593	0.50744	-0.49629	-0.49192	0.27307	-0.17901	0.17901	0.11753	0.16271	-0.13529	1.2282	-0.010894	0.010894	-0.16271	-0.078043	0.31704	-1.1905	-0.50744	0.56327	0.63296	0.078043	0.10639	-0.63296	-0.31704	-0.43779	-0.5242	0.075319	0.77897	0.0042593	0.10259	-0.10639	-0.31337	0.5242	0.19446	1.1905	2.1018	0.31337	-1.2282	-2.1018	-0.56327	-0.27307	-0.075319
"951"	0.49192	-0.31704	-0.31337	-0.77897	0.0042593	-2.1018	0.5242	0.56327	0.13529	1.1905	-0.0042593	0.63296	-0.075319	-0.5242	0.77897	-0.50744	0.075319	-0.49192	0.50744	0.078043	-0.17901	-0.63296	-0.10259	0.10639	0.31704	0.31337	-0.11753	-0.10639	0.10259	-0.13529	0.16271	0.11753	0.27307	0.010894	0.43779	2.1018	-1.1905	-1.2282	-0.56327	-0.078043	-0.19446	-0.27307	-0.43779	0.19446	-0.16271	0.49629	-0.49629	-0.010894	0.17901	1.2282
"952"	-0.19446	0.49192	0.56327	0.11753	-2.1018	-0.43779	-0.16271	-0.49629	2.1018	0.0042593	0.31704	-0.77897	-1.1905	-0.075319	0.19446	-0.27307	-0.56327	0.63296	0.13529	-1.2282	-0.31337	0.5242	0.43779	0.010894	-0.010894	-0.5242	0.075319	-0.49192	-0.10259	-0.10639	0.16271	-0.11753	0.17901	0.77897	-0.078043	1.2282	-0.17901	-0.31704	-0.13529	1.1905	0.31337	-0.0042593	0.50744	0.27307	-0.63296	0.49629	-0.50744	0.10259	0.078043	0.10639
"953"	-2.1018	-0.27307	0.010894	0.17901	-0.16271	0.16271	-0.5242	0.50744	-0.63296	0.56327	-0.19446	-0.17901	-0.49629	-0.11753	0.075319	0.27307	-1.2282	0.0042593	2.1018	0.078043	0.31337	0.11753	1.2282	-0.49192	1.1905	0.77897	0.63296	-0.13529	0.10639	0.49192	0.43779	-0.43779	0.13529	-0.31704	-0.075319	-0.50744	0.31704	-0.31337	-0.078043	-0.10259	-0.77897	-0.56327	0.19446	0.49629	-0.010894	0.10259	-1.1905	0.5242	-0.10639	-0.0042593
"954"	0.27307	-0.10639	-0.078043	0.11753	0.5242	-0.31704	-0.50744	-0.13529	0.50744	-0.11753	0.010894	-0.49192	-0.010894	2.1018	-0.16271	-0.49629	-0.77897	1.2282	-0.5242	0.075319	0.43779	-1.2282	0.31704	0.63296	-0.63296	0.10259	-2.1018	0.13529	0.10639	-0.43779	-0.17901	1.1905	0.17901	-1.1905	0.31337	0.16271	-0.10259	0.49192	-0.31337	0.0042593	-0.56327	0.77897	-0.0042593	-0.19446	-0.075319	-0.27307	0.19446	0.078043	0.49629	0.56327
"955"	0.078043	-1.1905	-0.13529	1.2282	-0.77897	2.1018	-0.17901	-0.31337	-0.078043	-2.1018	0.11753	0.27307	0.13529	0.49629	-0.10639	0.56327	0.50744	1.1905	-0.31704	0.31337	-0.075319	0.43779	-0.010894	-0.49629	0.10639	-0.19446	0.0042593	-0.16271	-0.49192	-0.63296	-0.27307	-0.43779	-0.56327	0.010894	0.5242	-0.0042593	0.075319	0.16271	-0.5242	-0.11753	-0.50744	0.49192	0.19446	0.63296	0.17901	-0.10259	-1.2282	0.77897	0.31704	0.10259
"956"	0.16271	-0.77897	-0.10259	0.27307	-0.43779	-0.31704	0.078043	-0.63296	0.50744	1.1905	-0.10639	1.2282	-1.1905	0.19446	-0.56327	0.5242	0.43779	-0.5242	-0.0042593	0.10259	-0.50744	0.0042593	-0.11753	0.49629	0.31337	-0.010894	-0.17901	0.63296	-0.19446	-0.49629	-0.13529	0.49192	0.77897	0.075319	-0.078043	-0.27307	-1.2282	-0.16271	2.1018	0.56327	-0.49192	-2.1018	0.31704	0.13529	0.17901	0.11753	0.010894	-0.075319	-0.31337	0.10639
"957"	-1.2282	0.010894	-0.0042593	-0.17901	0.5242	0.43779	-0.49192	-0.11753	-1.1905	-0.77897	-0.078043	-0.31337	0.31337	0.10259	-0.49629	-0.5242	0.77897	-0.63296	-0.010894	0.63296	-0.16271	-0.19446	0.50744	0.19446	-0.10259	-0.075319	0.11753	-0.50744	1.1905	-0.31704	-2.1018	0.31704	-0.43779	0.10639	-0.10639	0.17901	0.27307	0.075319	-0.13529	0.56327	0.16271	-0.27307	0.078043	0.13529	0.49629	0.0042593	0.49192	-0.56327	2.1018	1.2282
"958"	-0.49192	0.10259	-0.31704	0.13529	0.31704	0.50744	0.49192	0.77897	-1.1905	0.56327	0.075319	1.1905	-0.17901	0.27307	-0.078043	-0.56327	0.31337	0.63296	0.0042593	-1.2282	2.1018	0.010894	-0.0042593	-0.19446	0.5242	1.2282	-2.1018	-0.11753	0.10639	-0.075319	-0.31337	-0.10639	-0.010894	0.078043	-0.63296	0.49629	-0.27307	-0.10259	-0.13529	0.17901	0.11753	-0.50744	-0.5242	0.16271	0.19446	-0.16271	-0.77897	-0.43779	0.43779	-0.49629
"959"	1.1905	0.17901	0.10259	0.31337	-1.2282	-0.010894	1.2282	-0.49192	0.43779	-0.31704	-0.49629	0.075319	0.31704	-0.10259	-0.17901	-0.56327	-0.19446	-0.77897	0.010894	-0.16271	-1.1905	-2.1018	-0.11753	0.19446	0.50744	0.078043	-0.0042593	-0.50744	-0.075319	0.77897	-0.27307	0.0042593	0.56327	0.49629	-0.10639	2.1018	0.16271	0.49192	0.5242	0.27307	0.10639	-0.43779	-0.13529	-0.63296	0.11753	-0.31337	0.63296	0.13529	-0.5242	-0.078043
"960"	0.010894	0.13529	0.77897	0.63296	-0.56327	0.31704	0.0042593	0.17901	0.11753	-0.43779	-0.50744	0.27307	-0.49192	-0.17901	-0.075319	-0.10639	1.2282	-0.10259	-0.63296	0.078043	-0.31704	-0.49629	0.50744	-0.010894	-0.11753	0.49192	-1.1905	0.10639	0.5242	-0.77897	0.56327	-0.31337	0.19446	-0.27307	0.16271	-0.0042593	-0.19446	1.1905	-0.5242	-1.2282	-0.078043	0.10259	0.075319	2.1018	-0.16271	0.49629	-0.13529	0.43779	-2.1018	0.31337
"961"	0.49192	-1.1905	-0.13529	-0.56327	-0.075319	-2.1018	0.075319	-0.010894	-0.078043	-0.10259	-0.17901	-0.10639	0.11753	0.27307	0.77897	1.1905	-0.19446	0.5242	-0.11753	0.56327	1.2282	-0.43779	-0.77897	-0.5242	0.50744	0.43779	0.19446	-0.49629	0.63296	0.17901	-0.49192	0.10639	-0.27307	0.31337	0.16271	0.10259	0.0042593	-1.2282	0.010894	2.1018	-0.0042593	-0.31704	0.078043	-0.63296	-0.50744	-0.16271	0.13529	0.31704	-0.31337	0.49629
"962"	0.31704	0.078043	-0.10259	2.1018	0.27307	0.50744	0.49192	-0.5242	-0.0042593	0.31337	0.77897	1.2282	-0.16271	-0.31704	-0.078043	0.10259	0.10639	-0.49629	0.19446	1.1905	0.16271	0.11753	-0.10639	-0.77897	-2.1018	0.56327	-0.56327	-0.31337	0.49629	-0.010894	-0.17901	-1.1905	0.43779	-0.63296	0.010894	-0.43779	-0.075319	0.0042593	-0.13529	0.5242	-0.19446	0.075319	0.17901	-0.11753	-0.50744	-0.27307	-1.2282	0.13529	-0.49192	0.63296
"963"	-0.31704	-0.16271	-0.11753	-0.50744	1.1905	0.17901	-0.10259	-0.49192	0.13529	0.50744	-2.1018	-0.0042593	0.49629	-0.075319	0.010894	-0.19446	-0.56327	0.77897	-0.27307	0.31337	0.63296	0.16271	-0.10639	0.10259	-0.17901	0.078043	0.49192	0.10639	0.075319	0.56327	0.19446	-0.43779	0.11753	-1.2282	-0.49629	2.1018	-0.63296	-0.010894	0.43779	0.27307	0.31704	-0.13529	-0.77897	-0.5242	0.0042593	-0.31337	1.2282	-1.1905	-0.078043	0.5242
"964"	0.56327	1.1905	-1.1905	-0.0042593	0.31337	0.010894	0.10639	0.63296	0.17901	-0.49629	-0.27307	-0.43779	0.49629	0.16271	-0.078043	-0.16271	-0.010894	0.77897	-0.075319	0.0042593	-1.2282	0.27307	-0.10639	0.10259	-0.5242	-0.49192	-0.11753	-0.31704	-0.17901	-0.50744	0.50744	2.1018	0.5242	-0.10259	-0.13529	-0.63296	-0.77897	1.2282	0.078043	0.31704	-0.31337	0.19446	0.43779	0.13529	0.075319	-2.1018	0.49192	-0.19446	0.11753	-0.56327
"965"	-0.77897	0.075319	-0.31704	0.17901	0.0042593	0.31337	-0.0042593	-0.31337	-0.13529	-0.075319	-0.010894	0.31704	-0.5242	-1.2282	-0.49629	0.49629	0.5242	0.27307	0.63296	0.10259	2.1018	0.16271	0.50744	-0.19446	-0.27307	-0.49192	0.43779	0.49192	0.77897	0.13529	-0.10639	0.078043	-1.1905	-0.43779	0.56327	1.1905	1.2282	0.010894	-0.17901	-0.10259	-0.50744	-0.11753	-2.1018	-0.56327	-0.63296	0.19446	-0.16271	0.11753	0.10639	-0.078043
"966"	-0.5242	-1.2282	-0.16271	0.31704	-0.31704	-2.1018	-0.10639	1.1905	0.77897	-0.56327	0.50744	0.16271	0.49629	-0.075319	-0.49629	0.31337	-0.17901	0.11753	0.56327	2.1018	0.010894	0.27307	0.13529	-0.27307	-0.19446	-0.010894	-1.1905	0.078043	-0.43779	0.49192	1.2282	-0.0042593	0.63296	-0.10259	-0.50744	0.5242	-0.11753	-0.078043	-0.13529	0.17901	0.075319	0.10259	0.19446	0.0042593	-0.77897	-0.31337	-0.49192	0.10639	0.43779	-0.63296
"967"	0.63296	-1.1905	0.16271	-0.56327	0.56327	0.49629	-0.27307	-0.078043	-2.1018	1.1905	-0.5242	0.27307	0.075319	-0.10639	-0.11753	0.31337	-0.010894	-0.10259	-0.77897	0.13529	0.49192	-0.075319	-0.13529	0.31704	0.50744	-0.31704	1.2282	-0.0042593	-0.17901	-0.49629	0.5242	-0.50744	0.43779	-0.49192	2.1018	-0.43779	0.0042593	-0.19446	0.10259	0.11753	0.10639	0.010894	0.19446	0.77897	0.078043	-1.2282	-0.63296	-0.31337	-0.16271	0.17901
"968"	-1.2282	0.31704	0.50744	-0.19446	-0.10639	-0.10259	-0.43779	-0.0042593	0.010894	0.31337	-0.16271	0.16271	-0.11753	0.5242	0.77897	0.10259	-0.5242	-0.56327	-0.63296	-0.77897	0.13529	0.43779	0.63296	-0.31704	0.49629	0.11753	-0.49629	-0.13529	-2.1018	-0.010894	-0.50744	-1.1905	1.1905	-0.31337	2.1018	0.17901	0.075319	0.27307	0.49192	0.56327	-0.075319	1.2282	-0.49192	0.0042593	-0.27307	-0.078043	-0.17901	0.19446	0.10639	0.078043
"969"	0.010894	0.0042593	0.50744	-0.0042593	-0.010894	0.5242	-0.31704	1.2282	-0.49192	0.27307	-0.43779	0.10639	-2.1018	-0.27307	-0.49629	0.10259	-0.17901	0.63296	-0.56327	-0.075319	1.1905	-0.13529	2.1018	-0.31337	-0.63296	-0.11753	0.19446	-1.1905	0.43779	0.31337	-1.2282	0.16271	-0.50744	0.078043	0.56327	0.075319	-0.77897	-0.10259	0.77897	0.49192	0.13529	0.49629	0.11753	-0.10639	-0.078043	-0.19446	0.31704	0.17901	-0.5242	-0.16271
"970"	-0.17901	0.17901	0.010894	-0.10259	0.075319	-0.49192	2.1018	-0.77897	0.27307	0.49192	-0.078043	-0.56327	0.50744	-0.16271	-0.10639	0.31704	-0.11753	1.1905	0.13529	-1.2282	0.11753	0.31337	-0.50744	0.10259	0.16271	-0.0042593	0.078043	1.2282	0.10639	-0.49629	-1.1905	-0.43779	-0.13529	-0.31704	0.63296	-0.27307	0.56327	0.19446	-2.1018	-0.5242	-0.075319	0.49629	0.0042593	0.5242	0.77897	-0.63296	-0.19446	0.43779	-0.31337	-0.010894
"971"	0.16271	0.49192	-0.17901	-0.075319	-0.19446	0.50744	1.1905	0.19446	-0.50744	-0.63296	-0.010894	-1.1905	1.2282	0.31337	0.43779	-0.56327	-0.31337	-0.10639	0.49629	-1.2282	0.075319	-0.49629	0.77897	-2.1018	0.11753	2.1018	0.010894	0.17901	-0.16271	-0.10259	0.13529	-0.43779	-0.31704	-0.5242	0.63296	-0.13529	0.31704	0.5242	-0.27307	-0.49192	0.0042593	-0.11753	0.078043	0.10639	-0.078043	-0.0042593	0.56327	-0.77897	0.10259	0.27307
"972"	-0.17901	-0.77897	-0.16271	0.31704	0.010894	-0.49629	0.56327	0.075319	0.77897	-0.50744	0.10259	-0.63296	0.0042593	-0.13529	0.13529	-0.31337	0.078043	-0.5242	-0.56327	-0.075319	-0.10259	-1.1905	-0.010894	2.1018	0.31337	0.49192	0.49629	-0.31704	0.27307	-0.0042593	0.17901	-0.19446	0.11753	0.5242	-0.078043	-0.10639	0.19446	-1.2282	1.2282	-0.49192	-0.27307	0.43779	-0.43779	-0.11753	1.1905	0.16271	0.63296	0.10639	-2.1018	0.50744
"973"	0.49629	0.77897	-0.10259	-0.56327	0.43779	1.2282	0.49192	0.17901	0.50744	-1.2282	-0.31337	0.11753	-0.078043	-0.16271	2.1018	-1.1905	0.31704	1.1905	-0.43779	0.13529	0.16271	0.075319	-0.17901	-0.075319	-0.19446	-0.13529	-0.27307	-0.49629	-0.010894	-0.31704	0.19446	0.27307	-0.63296	-0.5242	-0.50744	-0.11753	-0.49192	0.31337	0.5242	0.56327	-0.77897	0.10639	0.10259	-0.0042593	-2.1018	-0.10639	0.078043	0.010894	0.0042593	0.63296
"974"	-0.10259	0.16271	-0.075319	0.31337	0.77897	-0.17901	-0.19446	0.27307	0.11753	-0.63296	0.49192	-0.31337	-2.1018	0.078043	-0.50744	0.43779	0.49629	-0.0042593	0.075319	-1.1905	0.19446	0.5242	-1.2282	-0.27307	-0.49192	-0.43779	-0.11753	-0.49629	-0.13529	1.1905	0.63296	-0.31704	-0.078043	-0.10639	0.13529	0.17901	0.10259	-0.56327	-0.010894	0.31704	0.010894	0.10639	-0.16271	0.0042593	-0.5242	1.2282	-0.77897	2.1018	0.56327	0.50744
"975"	-0.49629	0.11753	0.19446	0.0042593	0.10259	0.10639	0.31337	0.5242	0.27307	-0.5242	-0.13529	-0.43779	0.49192	0.56327	-0.63296	-0.10639	0.43779	-0.010894	-0.17901	-0.0042593	0.31704	0.63296	-1.2282	-0.31337	0.010894	-0.77897	-0.27307	-0.31704	-0.19446	0.075319	0.77897	1.1905	0.50744	-1.1905	-0.56327	-0.11753	0.078043	-0.16271	0.49629	2.1018	-0.49192	-0.078043	-2.1018	0.16271	-0.075319	-0.50744	1.2282	0.13529	0.17901	-0.10259
"976"	-0.16271	-0.50744	0.50744	-0.17901	0.010894	-0.49629	-0.075319	0.10639	0.078043	-1.1905	-1.2282	0.17901	0.43779	-0.49192	0.27307	-0.56327	-0.63296	-0.010894	0.49192	0.11753	0.31704	-0.10259	0.5242	-0.31704	-0.13529	-0.078043	1.1905	0.31337	0.77897	-0.5242	0.56327	0.10259	-0.31337	0.49629	0.19446	0.13529	-0.11753	0.075319	-2.1018	-0.19446	2.1018	0.0042593	-0.27307	-0.10639	-0.77897	1.2282	-0.0042593	0.16271	0.63296	-0.43779
"977"	0.31704	0.17901	0.27307	-1.2282	-0.13529	-0.27307	0.5242	-0.19446	0.77897	-0.43779	-0.078043	-0.77897	0.63296	-0.010894	0.10639	0.31337	-0.50744	-0.49629	-0.10639	-0.63296	0.010894	0.56327	1.1905	-0.31704	0.19446	1.2282	-0.49192	0.10259	0.49629	-0.0042593	-0.56327	0.13529	0.11753	-0.11753	-0.10259	0.16271	0.075319	0.43779	-0.16271	0.078043	-2.1018	2.1018	-0.31337	0.0042593	-0.075319	-0.5242	-1.1905	-0.17901	0.49192	0.50744
"978"	0.078043	-1.1905	-0.27307	-2.1018	-0.31337	-0.0042593	0.11753	0.010894	0.17901	0.49192	1.1905	-0.50744	-0.43779	0.075319	0.27307	0.5242	-0.49629	2.1018	-0.13529	0.31337	0.56327	-0.11753	-0.17901	-0.10259	-0.19446	0.77897	-0.31704	-0.77897	-0.49192	0.63296	0.19446	0.10639	0.43779	0.50744	-0.078043	0.49629	-0.16271	-1.2282	1.2282	-0.56327	-0.075319	-0.5242	-0.10639	0.31704	0.0042593	0.10259	0.13529	0.16271	-0.010894	-0.63296
"979"	0.13529	-1.1905	-0.31704	-0.010894	-0.43779	0.16271	-0.27307	-0.13529	0.075319	0.49629	0.078043	-0.19446	2.1018	-0.10259	-1.2282	-0.77897	0.27307	-2.1018	-0.17901	0.77897	-0.5242	-0.16271	0.31704	0.63296	0.11753	0.19446	0.56327	0.010894	0.31337	-0.56327	0.49192	-0.49192	0.0042593	-0.11753	1.1905	0.5242	-0.50744	-0.31337	-0.10639	-0.49629	0.50744	0.43779	0.10639	0.10259	-0.078043	0.17901	-0.63296	-0.075319	1.2282	-0.0042593
"980"	-0.13529	-2.1018	-0.63296	0.31704	2.1018	0.010894	0.50744	-0.31704	0.16271	-0.078043	-1.2282	-0.10259	-0.075319	-0.010894	-0.5242	0.56327	0.0042593	0.49629	-0.10639	0.43779	0.078043	-0.0042593	0.13529	-1.1905	0.49192	0.075319	-0.19446	-0.49629	-0.31337	0.27307	1.2282	0.5242	0.11753	-0.11753	0.19446	-0.49192	0.31337	0.10639	1.1905	0.63296	-0.27307	0.10259	-0.16271	-0.77897	-0.50744	-0.43779	-0.56327	0.17901	0.77897	-0.17901
"981"	-0.010894	-0.10639	0.5242	-0.5242	-0.16271	-0.56327	2.1018	-0.50744	0.49192	0.11753	-1.2282	0.27307	0.43779	0.16271	-0.49629	-0.77897	0.56327	0.17901	1.1905	0.075319	0.31337	-0.13529	0.31704	0.10639	0.010894	-0.17901	0.10259	0.63296	-0.43779	-2.1018	0.13529	0.49629	-1.1905	-0.19446	-0.078043	0.0042593	-0.0042593	0.77897	0.50744	-0.27307	0.078043	-0.075319	-0.11753	-0.31337	-0.10259	0.19446	-0.49192	-0.31704	1.2282	-0.63296
"982"	0.50744	-0.19446	-0.56327	0.010894	-0.49629	0.31704	0.56327	-0.010894	-1.1905	-0.16271	0.10639	0.075319	-0.11753	-0.075319	0.17901	2.1018	-0.078043	-0.43779	0.11753	-0.27307	0.43779	0.49192	-0.10259	1.1905	1.2282	0.27307	-0.10639	-2.1018	0.19446	0.63296	-0.5242	-0.31704	-0.13529	0.078043	-0.50744	-0.77897	0.16271	-0.0042593	0.31337	-0.63296	-1.2282	-0.31337	0.49629	0.10259	0.13529	-0.49192	0.77897	0.0042593	-0.17901	0.5242
"983"	-0.5242	0.16271	2.1018	-0.19446	0.10639	0.11753	0.31337	0.19446	-0.010894	0.43779	-0.43779	-0.63296	-0.11753	0.49629	-0.0042593	0.56327	-0.078043	1.1905	0.31704	0.0042593	0.17901	-1.2282	0.13529	0.50744	-0.075319	-0.49629	0.77897	-0.16271	-0.49192	0.010894	0.27307	-0.17901	-0.56327	-2.1018	-1.1905	-0.10259	-0.50744	-0.27307	-0.77897	0.5242	0.63296	-0.31337	-0.13529	-0.10639	1.2282	0.075319	0.10259	0.078043	0.49192	-0.31704
"984"	0.010894	0.0042593	-0.075319	-0.56327	-1.2282	0.5242	0.075319	-0.77897	-0.19446	-0.10259	-0.43779	-0.17901	-0.49629	-1.1905	0.31337	0.19446	0.49629	0.078043	-0.50744	0.31704	-0.5242	0.77897	0.43779	0.49192	-0.10639	0.11753	2.1018	-0.078043	0.10639	0.27307	0.17901	0.10259	-0.11753	1.2282	-0.27307	0.13529	-0.16271	-0.010894	0.63296	-0.31337	0.50744	0.16271	-0.63296	-2.1018	-0.13529	-0.31704	-0.49192	-0.0042593	0.56327	1.1905
"985"	-0.56327	-0.43779	-2.1018	0.49192	1.1905	0.078043	-0.17901	-0.49192	-0.63296	2.1018	0.31337	-0.0042593	-0.078043	0.10639	-0.10639	-1.1905	0.075319	0.13529	0.27307	-0.10259	0.31704	-0.11753	0.010894	0.0042593	0.19446	0.49629	0.63296	0.56327	0.5242	-0.16271	-0.49629	0.17901	0.10259	-1.2282	-0.31337	-0.075319	-0.31704	-0.27307	-0.13529	0.16271	0.77897	0.11753	-0.5242	-0.19446	0.50744	-0.50744	1.2282	0.43779	-0.77897	-0.010894
"986"	-0.31704	-0.63296	0.0042593	0.49192	0.43779	0.16271	0.10259	-0.16271	0.31337	0.27307	0.11753	-0.50744	-0.075319	1.2282	0.075319	0.50744	-0.31337	-1.1905	-1.2282	-0.27307	-0.10639	-0.10259	2.1018	-0.0042593	0.10639	-0.17901	-2.1018	-0.13529	0.010894	0.63296	-0.49192	1.1905	0.56327	0.5242	0.19446	-0.010894	-0.19446	0.49629	0.17901	-0.49629	-0.5242	-0.078043	-0.56327	0.078043	-0.43779	-0.77897	-0.11753	0.31704	0.77897	0.13529
"987"	1.1905	-0.56327	-0.19446	0.49629	-0.010894	0.43779	0.19446	1.2282	0.10259	-0.10259	0.10639	0.17901	-0.10639	0.010894	0.075319	0.50744	-0.16271	0.5242	-0.5242	-0.49629	-0.50744	-1.2282	-0.77897	-0.0042593	2.1018	-0.31337	-0.31704	-0.075319	-0.11753	0.31704	-1.1905	0.63296	-0.17901	0.27307	0.16271	0.77897	-0.49192	0.11753	-0.63296	0.49192	0.13529	-2.1018	-0.27307	0.56327	-0.13529	-0.078043	-0.43779	0.31337	0.078043	0.0042593
"988"	-0.63296	0.49192	0.56327	-0.010894	-2.1018	-0.16271	-0.0042593	-0.49629	-0.11753	0.10639	0.13529	2.1018	-0.5242	1.1905	0.16271	0.0042593	-0.17901	0.63296	-0.27307	0.31337	0.31704	0.27307	0.77897	-1.2282	1.2282	0.43779	-0.50744	-0.10639	0.075319	-0.13529	0.078043	-0.31704	-0.078043	0.11753	0.17901	0.010894	-0.77897	-0.56327	-0.49192	0.19446	-0.31337	-0.19446	0.5242	-0.075319	0.49629	0.10259	-1.1905	-0.10259	-0.43779	0.50744
"989"	-0.10639	0.49192	-1.2282	-0.43779	0.16271	0.5242	-2.1018	-0.11753	-0.31337	-0.16271	-0.078043	0.50744	0.49629	0.31704	0.010894	1.1905	0.10259	0.0042593	-0.075319	-0.49192	0.77897	0.13529	0.56327	1.2282	-0.010894	-0.0042593	0.63296	0.10639	0.43779	-0.56327	0.19446	0.11753	0.27307	0.075319	0.078043	-0.49629	-0.19446	0.17901	2.1018	-0.10259	-0.31704	-0.50744	-0.77897	-0.17901	-1.1905	-0.63296	0.31337	-0.5242	-0.27307	-0.13529
"990"	-0.63296	-0.10639	0.19446	1.2282	0.43779	0.27307	1.1905	-0.77897	-0.13529	0.078043	-0.50744	0.49192	0.075319	-0.10259	0.13529	0.5242	0.0042593	0.49629	-0.49192	0.10259	-0.11753	0.31337	0.10639	-0.56327	-0.43779	-0.19446	-2.1018	-0.5242	0.77897	0.31704	-0.17901	0.63296	0.17901	-1.1905	-0.31337	-0.0042593	0.010894	2.1018	-0.27307	-0.075319	0.50744	0.16271	-0.49629	-0.16271	0.56327	-1.2282	-0.010894	-0.078043	-0.31704	0.11753
"991"	-0.19446	-0.43779	2.1018	0.10639	0.27307	0.19446	-0.49192	-0.0042593	0.43779	0.0042593	-0.77897	0.31337	0.5242	0.50744	0.010894	-0.11753	1.1905	-2.1018	-0.10259	-1.2282	-0.13529	0.31704	0.77897	0.16271	-0.27307	1.2282	0.10259	-0.50744	0.11753	-0.17901	0.56327	0.17901	-1.1905	-0.5242	-0.10639	-0.16271	-0.49629	0.49192	0.49629	-0.31704	-0.075319	-0.010894	-0.078043	0.075319	0.63296	-0.31337	-0.56327	0.078043	-0.63296	0.13529
"992"	-0.10639	-0.63296	0.31337	-0.50744	-0.0042593	0.27307	-0.13529	-0.075319	0.11753	0.50744	-0.49192	-0.17901	-0.10259	0.16271	-1.2282	0.63296	-0.77897	-0.010894	-0.31337	-0.31704	-0.27307	0.49629	0.078043	-0.56327	1.2282	-0.49629	-0.5242	0.0042593	0.43779	2.1018	-2.1018	-0.11753	-1.1905	-0.078043	0.19446	-0.43779	0.77897	0.17901	-0.16271	0.13529	0.10259	1.1905	0.5242	-0.19446	0.075319	0.31704	0.56327	0.10639	0.010894	0.49192
"993"	-0.16271	0.19446	-0.5242	-0.075319	-1.2282	-0.13529	-0.56327	0.010894	0.77897	0.27307	0.5242	-1.1905	-0.31704	0.31337	-0.77897	-0.31337	0.11753	0.63296	-0.11753	1.2282	0.078043	0.56327	-2.1018	1.1905	0.31704	-0.010894	0.17901	0.0042593	0.43779	-0.0042593	-0.17901	-0.078043	0.50744	-0.10639	0.49629	-0.63296	0.075319	-0.10259	-0.27307	-0.43779	0.10639	0.10259	-0.49192	-0.19446	0.13529	0.16271	2.1018	-0.50744	-0.49629	0.49192
"994"	0.43779	1.2282	-2.1018	0.10639	0.19446	0.49629	-0.13529	-0.010894	-0.16271	1.1905	0.27307	0.77897	-0.31704	0.078043	0.56327	0.63296	-0.11753	0.17901	0.075319	-0.49192	-0.078043	0.49192	-0.19446	-0.50744	-0.56327	0.010894	0.5242	0.16271	-0.49629	-0.27307	-0.075319	-0.10639	-0.10259	-1.2282	-0.0042593	0.11753	0.0042593	0.13529	0.50744	-0.63296	-0.31337	-0.5242	-0.17901	-0.43779	0.31704	-1.1905	0.31337	2.1018	0.10259	-0.77897
"995"	0.63296	-0.11753	0.17901	-0.0042593	0.075319	0.31337	0.13529	0.49629	-0.31337	-0.10259	-0.17901	-0.10639	-0.63296	-0.13529	-0.31704	-0.19446	2.1018	1.1905	-0.16271	0.078043	0.11753	-0.5242	-0.078043	0.49192	0.0042593	-0.010894	0.10259	0.31704	-0.50744	-2.1018	-0.49192	-0.27307	-1.2282	0.19446	0.56327	-1.1905	0.27307	0.43779	-0.77897	-0.43779	0.77897	-0.49629	-0.075319	0.010894	0.16271	0.5242	-0.56327	0.50744	0.10639	1.2282
"996"	1.2282	-0.16271	0.075319	0.63296	0.31337	0.50744	-0.31704	0.43779	-0.075319	0.5242	-0.49192	0.56327	-1.1905	-2.1018	2.1018	-0.49629	-0.50744	-1.2282	0.31704	-0.10639	-0.11753	-0.010894	-0.31337	0.19446	-0.5242	0.10259	-0.77897	-0.0042593	0.77897	-0.56327	0.16271	0.49192	0.11753	1.1905	0.27307	0.010894	0.10639	0.0042593	0.17901	-0.19446	-0.13529	0.13529	0.49629	-0.10259	-0.17901	-0.43779	-0.078043	-0.27307	0.078043	-0.63296
"997"	-0.16271	0.010894	-0.77897	0.16271	0.10259	-0.50744	-0.10259	0.63296	-0.63296	-0.5242	0.10639	-0.31704	0.31337	0.77897	0.56327	0.5242	-0.0042593	-1.2282	0.50744	-0.56327	0.11753	-0.27307	-0.49192	1.1905	0.075319	0.13529	-0.11753	-0.10639	0.0042593	2.1018	-0.075319	-0.17901	0.27307	0.17901	0.31704	0.19446	0.49629	-0.43779	0.49192	-0.010894	-0.078043	-0.13529	-0.19446	-0.31337	0.078043	-0.49629	-2.1018	-1.1905	0.43779	1.2282
"998"	0.63296	0.43779	-0.56327	0.19446	0.17901	-0.27307	-0.31704	-0.11753	0.77897	-1.1905	0.010894	0.075319	0.10259	-0.49629	0.50744	0.13529	0.5242	0.49629	0.49192	-0.50744	-0.10639	-2.1018	-0.19446	0.31704	-0.5242	-0.010894	-0.63296	-0.17901	-0.16271	0.10639	-0.10259	-1.2282	0.16271	-0.77897	0.27307	-0.43779	1.1905	-0.0042593	0.31337	-0.49192	2.1018	0.078043	-0.31337	-0.13529	1.2282	-0.075319	-0.078043	0.56327	0.11753	0.0042593
"999"	0.17901	-1.2282	-0.075319	-0.56327	2.1018	-0.10639	0.13529	0.5242	-0.19446	-0.77897	0.19446	0.50744	0.49192	0.10259	-0.31337	0.63296	-0.16271	-0.0042593	-0.17901	-0.43779	0.77897	0.075319	0.10639	0.11753	-0.31704	-0.50744	1.2282	0.010894	-0.13529	0.0042593	1.1905	0.31704	-0.10259	0.43779	-0.27307	-0.49629	0.27307	0.078043	-2.1018	-0.49192	0.16271	-0.010894	0.56327	-0.11753	-1.1905	0.31337	-0.63296	0.49629	-0.078043	-0.5242
"1000"	0.11753	-0.50744	0.13529	0.49629	0.31337	-0.31337	0.49192	-0.13529	-0.078043	1.1905	0.50744	-2.1018	0.010894	0.078043	0.10639	-0.63296	0.77897	-0.31704	-0.16271	-0.19446	0.43779	0.10259	0.56327	-0.49192	-0.11753	-0.075319	-0.10639	-0.49629	-0.27307	0.5242	-0.43779	0.17901	0.0042593	0.31704	1.2282	0.075319	-0.17901	2.1018	0.16271	-0.010894	-1.1905	-0.56327	-0.5242	0.27307	-0.77897	-0.0042593	-0.10259	0.19446	-1.2282	0.63296
